code,month,month_start,month_end,open,high,low,close,adj_close,volume,turnover_est,directional_turnover_proxy,month_end_obv,month_end_mfi_14,trading_days,name,role,market,currency,yahoo_symbol,monthly_return_pct,turnover_change_pct
159928,2021-10,2021-10-08,2021-10-29,1.1269999742507935,1.1929999589920044,1.1109999418258667,1.1759999990463257,1.1759999990463257,3199138561,3704372866.8558335,200637994.75928783,152139393,58.59611805315745,16,主要消费ETF,消费复苏,A股,CNY,159928.SZ,,
159928,2021-11,2021-11-01,2021-11-30,1.156999945640564,1.2120000123977661,1.1410000324249268,1.1629999876022339,1.1629999876022339,3619900732,4265846578.23369,-599632274.8725946,-370085399,49.93127186116718,22,主要消费ETF,消费复苏,A股,CNY,159928.SZ,-1.1054431509042617,15.15705172126529
159928,2021-12,2021-12-01,2021-12-31,1.1660000085830688,1.2660000324249268,1.1549999713897705,1.2059999704360962,1.2059999704360962,4227527064,5140458317.049746,1150122434.1446671,557450291,35.64928957974054,23,主要消费ETF,消费复苏,A股,CNY,159928.SZ,3.6973330431856466,20.502653407150806
159928,2022-01,2022-01-04,2022-01-28,1.2070000171661377,1.2300000190734863,1.1009999513626099,1.1039999723434448,1.1039999723434448,2403534344,2781622018.073141,-271152808.9941219,300725652,21.98131166511982,19,主要消费ETF,消费复苏,A股,CNY,159928.SZ,-8.457711491963604,-45.88766513586686
159928,2022-02,2022-02-07,2022-02-28,1.1109999418258667,1.1549999713897705,1.0709999799728394,1.1030000448226929,1.1030000448226929,1666895714,1871970579.7746367,468701918.0102773,710249566,63.415171905729956,16,主要消费ETF,消费复苏,A股,CNY,159928.SZ,-0.09057314726461652,-32.702194345176686
159928,2022-03,2022-03-01,2022-03-31,1.1050000190734863,1.1349999904632568,0.9330000281333923,1.003000020980835,1.003000020980835,2803011773,2883309308.4143,-742153113.2839482,-28606236,41.301757498958445,23,主要消费ETF,消费复苏,A股,CNY,159928.SZ,-9.066184930022636,54.02535379383026
159928,2022-04,2022-04-01,2022-04-29,0.9990000128746033,1.0609999895095825,0.9670000076293945,1.0140000581741333,1.0140000581741333,3259789666,3303268560.5246487,1003499939.6704093,940123972,64.93365362443724,19,主要消费ETF,消费复苏,A股,CNY,159928.SZ,1.0967135556529062,14.56518212890967
159928,2022-05,2022-05-05,2022-05-31,1.0140000581741333,1.034000039100647,0.9629999995231628,1.024999976158142,1.024999976158142,3099713481,3087010261.116839,128418197.72246891,1041344013,57.0455859545139,19,主要消费ETF,消费复苏,A股,CNY,159928.SZ,1.0848044726758488,-6.546797374944957
159928,2022-06,2022-06-01,2022-06-30,1.0260000228881836,1.1649999618530273,0.9959999918937683,1.156000018119812,1.156000018119812,4413152756,4754581715.860823,2056759361.759581,2914881791,74.46818560466241,21,主要消费ETF,消费复苏,A股,CNY,159928.SZ,12.78049219597821,54.01897997386891
159928,2022-07,2022-07-01,2022-07-29,1.159999966621399,1.1720000505447388,1.065999984741211,1.0700000524520874,1.0700000524520874,3764144780,4197439088.079485,-1615309514.9784195,1455150661,30.941262088485644,21,主要消费ETF,消费复苏,A股,CNY,159928.SZ,-7.439443280251856,-11.718015612661869
159928,2022-08,2022-08-01,2022-08-31,1.0700000524520874,1.0920000076293945,1.0420000553131104,1.0809999704360962,1.0809999704360962,3441715450,3671239676.7682924,216895611.7766564,1638096247,50.41821220719702,23,主要消费ETF,消费复苏,A股,CNY,159928.SZ,1.028029667736985,-12.536201247221722
159928,2022-09,2022-09-01,2022-09-30,1.0779999494552612,1.0779999494552612,1.0019999742507935,1.0420000553131104,1.0420000553131104,3162992156,3287199673.8042407,-969481823.842124,708653139,52.936653780760174,21,主要消费ETF,消费复苏,A股,CNY,159928.SZ,-3.6077628297485065,-10.460771749506515
159928,2022-10,2022-10-10,2022-10-31,1.0410000085830688,1.0429999828338623,0.8420000076293945,0.8560000061988831,0.8560000061988831,2837475563,2724722125.471598,-2028361049.5268545,-1443631610,11.505940915332317,16,主要消费ETF,消费复苏,A股,CNY,159928.SZ,-17.85029167376927,-17.1111463904988
159928,2022-11,2022-11-01,2022-11-30,0.8550000190734863,0.9729999899864197,0.8550000190734863,0.9549999833106995,0.9549999833106995,4302420855,4028107877.185027,764310643.0063941,-625579365,57.43054895059235,22,主要消费ETF,消费复苏,A股,CNY,159928.SZ,11.565417803141308,47.835547688659716
159928,2022-12,2022-12-01,2022-12-30,0.9829999804496765,1.065999984741211,0.9750000238418579,1.0440000295639038,1.0440000295639038,4909913593,5030228163.046817,2116350849.9641733,1444670998,63.2419788741048,22,主要消费ETF,消费复苏,A股,CNY,159928.SZ,9.319376733878858,24.87818887715847
159928,2023-01,2023-01-03,2023-01-31,1.0440000295639038,1.1330000162124634,1.0169999599456787,1.0829999446868896,1.0829999446868896,4351418720,4703451160.526686,-419627633.3544266,1030956230,58.99142798484107,16,主要消费ETF,消费复苏,A股,CNY,159928.SZ,3.735623948140754,-6.496266012756802
159928,2023-02,2023-02-01,2023-02-28,1.0850000381469727,1.1109999418258667,1.0540000200271606,1.0889999866485596,1.0889999866485596,4208035133,4569003352.863328,-123005905.97139132,907426257,63.14772815503805,20,主要消费ETF,消费复苏,A股,CNY,159928.SZ,0.5540205233717455,-2.8584926913178044
159928,2023-03,2023-03-01,2023-03-31,1.090000033378601,1.1030000448226929,1.0080000162124634,1.065999984741211,1.065999984741211,3461144505,3638373912.8144464,-1049245663.5952212,-98426092,63.681387081680974,23,主要消费ETF,消费复苏,A股,CNY,159928.SZ,-2.1120295857975258,-20.368324734663844
159928,2023-04,2023-04-03,2023-04-28,1.065999984741211,1.0759999752044678,0.9710000157356262,1.0019999742507935,1.0019999742507935,3583534912,3645907378.8975267,-551620418.0520854,-635410760,49.91099930515397,19,主要消费ETF,消费复苏,A股,CNY,159928.SZ,-6.00375341524555,0.20705585142162253
159928,2023-05,2023-05-04,2023-05-31,1.0019999742507935,1.0099999904632568,0.906000018119812,0.9120000004768372,0.9120000004768372,2937165172,2828137331.3248696,-1487480794.7631695,-2202906703,23.01923941735643,20,主要消费ETF,消费复苏,A股,CNY,159928.SZ,-8.982033541592681,-22.42980862064411
159928,2023-06,2023-06-01,2023-06-30,0.9089999794960022,0.9810000061988831,0.906000018119812,0.9259999990463257,0.9259999990463257,4040472351,3796227654.600338,562076555.2508187,-1623406744,55.97264311766658,20,主要消费ETF,消费复苏,A股,CNY,159928.SZ,1.5350875616412907,34.230668806382056
159928,2023-07,2023-07-03,2023-07-31,0.9259999990463257,1.0219999551773071,0.9169999957084656,1.0,1.0,4254718582,4063365979.1286383,1167705238.6456537,-449025984,79.45859969222738,21,主要消费ETF,消费复苏,A股,CNY,159928.SZ,7.99136080236349,7.036941638749639
159928,2023-08,2023-08-01,2023-08-31,1.0,1.00600004196167,0.9100000262260437,0.9330000281333923,0.9330000281333923,4347924249,4157949814.7092304,-2225092578.8455486,-2766425009,39.29560623020419,23,主要消费ETF,消费复苏,A股,CNY,159928.SZ,-6.699997186660767,2.3277213046134504
159928,2023-09,2023-09-01,2023-09-28,0.9380000233650208,0.9639999866485596,0.9089999794960022,0.9110000133514404,0.9110000133514404,3151878635,2948717407.1467557,-643355232.3487306,-3470490430,40.13611305906759,20,主要消费ETF,消费复苏,A股,CNY,159928.SZ,-2.3579865078853457,-29.082419496374744
159928,2023-10,2023-10-09,2023-10-31,0.9100000262260437,0.9150000214576721,0.8360000252723694,0.9049999713897705,0.9049999713897705,2727110604,2398438267.0440526,239001066.99135727,-3226011200,58.67347399646297,17,主要消费ETF,消费复苏,A股,CNY,159928.SZ,-0.6586215009587781,-18.66164383094158
159928,2023-11,2023-11-01,2023-11-30,0.9290000200271606,0.9350000023841858,0.8809999823570251,0.8920000195503235,0.8920000195503235,2911707645,2624333568.539711,-255741808.63911813,-3518423119,43.046550187595564,22,主要消费ETF,消费复苏,A股,CNY,159928.SZ,-1.4364588122012356,9.418433011163652
159928,2023-12,2023-12-01,2023-12-29,0.8920000195503235,0.8930000066757202,0.8080000281333923,0.8529999852180481,0.8529999852180481,2573906198,2167097527.718687,-357924950.55279255,-3939767881,52.59397886768485,21,主要消费ETF,消费复苏,A股,CNY,159928.SZ,-4.372201062499547,-17.422939153098937
159928,2024-01,2024-01-02,2024-01-31,0.8500000238418579,0.8529999852180481,0.7639999985694885,0.7710000276565552,0.7710000276565552,2661734407,2125244342.1586895,-163466442.61031193,-4136596346,29.02085584854683,22,主要消费ETF,消费复苏,A股,CNY,159928.SZ,-9.613125320340032,-1.9313014308154686
159928,2024-02,2024-02-01,2024-02-29,0.7699999809265137,0.8569999933242798,0.7519999742507935,0.8479999899864197,0.8479999899864197,2013502702,1648132037.063797,776530712.2481134,-3185963579,70.78615857785191,15,主要消费ETF,消费复苏,A股,CNY,159928.SZ,9.987024587262972,-22.449762393451277
159928,2024-03,2024-03-01,2024-03-29,0.8489999771118164,0.8889999985694885,0.8299999833106995,0.8650000095367432,0.8650000095367432,2097871583,1806063435.6168551,-164973477.57635504,-3395628622,57.42200668774415,21,主要消费ETF,消费复苏,A股,CNY,159928.SZ,2.004719310267422,9.582448189916759
159928,2024-04,2024-04-01,2024-04-30,0.8669999837875366,0.8899999856948853,0.8230000138282776,0.8799999952316284,0.8799999952316284,2288398196,1967904452.9974794,487393067.40668285,-2849231013,69.14978204852221,20,主要消费ETF,消费复苏,A股,CNY,159928.SZ,1.7341023733535632,8.96098188961718
159928,2024-05,2024-05-06,2024-05-31,0.8889999985694885,0.9200000166893005,0.8629999756813049,0.8659999966621399,0.8659999966621399,2010413497,1794933975.99544,372397883.42847663,-2440780030,29.145679889845184,20,主要消费ETF,消费复苏,A股,CNY,159928.SZ,-1.590908936971469,-8.789576990822578
159928,2024-06,2024-06-03,2024-06-28,0.8650000095367432,0.8759999871253967,0.777999997138977,0.7799999713897705,0.7799999713897705,1440829796,1184467543.876048,-598762771.0184894,-3184156926,6.400650411648186,19,主要消费ETF,消费复苏,A股,CNY,159928.SZ,-9.930718891898715,-34.01052296538304
159928,2024-07,2024-07-01,2024-07-31,0.7799999713897705,0.8080000281333923,0.7319999933242798,0.7680000066757202,0.7680000066757202,2121399855,1637670268.2173162,282654229.025575,-2832835469,62.59598766862144,23,主要消费ETF,消费复苏,A股,CNY,159928.SZ,-1.5384570710521017,38.26214797395029
159928,2024-08,2024-08-01,2024-08-30,0.7670000195503235,0.777999997138977,0.6869999766349792,0.722000002861023,0.722000002861023,2244358359,1657524470.4394867,-191799375.22805244,-3108424828,28.82366652118843,22,主要消费ETF,消费复苏,A股,CNY,159928.SZ,-5.989583777975183,1.2123443044357751
159928,2024-09,2024-09-02,2024-09-30,0.7170000076293945,0.9340000152587891,0.6539999842643738,0.9340000152587891,0.9340000152587891,5598854761,4535788015.483795,3173402249.419361,491051887,88.99438809908554,19,主要消费ETF,消费复苏,A股,CNY,159928.SZ,29.362882487214303,173.64832896139063
159928,2024-10,2024-10-08,2024-10-31,1.0269999504089355,1.0269999504089355,0.781000018119812,0.8230000138282776,0.8230000138282776,13061008877,11154110445.53333,-3021367189.106693,-2840808908,49.72229088325274,18,主要消费ETF,消费复苏,A股,CNY,159928.SZ,-11.88436826735555,145.91339823326405
159928,2024-11,2024-11-01,2024-11-29,0.8209999799728394,0.9350000023841858,0.8050000071525574,0.828000009059906,0.828000009059906,13654081422,11762227221.379732,-3073321567.084936,-6399389656,42.38268130947761,21,主要消费ETF,消费复苏,A股,CNY,159928.SZ,0.6075328247408418,5.4519522539775656
159928,2024-12,2024-12-02,2024-12-31,0.8299999833106995,0.8709999918937683,0.8159999847412109,0.8169999718666077,0.8169999718666077,11940330244,9991926688.346817,-284805963.3831792,-6841307110,36.44740245640889,22,主要消费ETF,消费复苏,A股,CNY,159928.SZ,-1.3285068928667765,-15.050725510684837
159928,2025-01,2025-01-02,2025-01-27,0.8169999718666077,0.8180000185966492,0.7609999775886536,0.7730000019073486,0.7730000019073486,5021437792,3920877957.928604,-880088095.8162603,-7958289598,44.077593801128074,18,主要消费ETF,消费复苏,A股,CNY,159928.SZ,-5.385553424038914,-60.75954037471705
159928,2025-02,2025-02-05,2025-02-28,0.7730000019073486,0.8130000233650208,0.7570000290870667,0.796999990940094,0.796999990940094,9315380615,7298156120.361874,1335580661.4957948,-6271794263,75.9579593418314,18,主要消费ETF,消费复苏,A股,CNY,159928.SZ,3.104785119473008,86.1357634354292
159928,2025-03,2025-03-03,2025-03-31,0.7990000247955322,0.8579999804496765,0.7839999794960022,0.8119999766349792,0.8119999766349792,12511919837,10281930079.255924,-322148220.19163954,-6751601226,43.24344850370739,21,主要消费ETF,消费复苏,A股,CNY,159928.SZ,1.8820559429608252,40.883942597080306
159928,2025-04,2025-04-01,2025-04-30,0.8119999766349792,0.8450000286102295,0.7739999890327454,0.8169999718666077,0.8169999718666077,14655462264,12141611121.788965,1820648249.2818208,-4671931868,23.891963089921077,21,主要消费ETF,消费复苏,A股,CNY,159928.SZ,0.6157629772785222,18.086886685652527
159928,2025-05,2025-05-06,2025-05-30,0.8199999928474426,0.8379999995231628,0.8119999766349792,0.8199999928474426,0.8199999928474426,6657666738,5475045587.214445,1236834173.9815996,-3176557358,61.35977595557412,19,主要消费ETF,消费复苏,A股,CNY,159928.SZ,0.36719964310167885,-54.90676210680891
159928,2025-06,2025-06-03,2025-06-30,0.8149999976158142,0.8270000219345093,0.7839999794960022,0.7940000295639038,0.7940000295639038,6051620061,4872734665.839036,-894978458.8337946,-4303066787,47.81112847425554,20,主要消费ETF,消费复苏,A股,CNY,159928.SZ,-3.1707272573569423,-11.001021119932785
159928,2025-07,2025-07-01,2025-07-31,0.7940000295639038,0.8420000076293945,0.7910000085830688,0.8050000071525574,0.8050000071525574,8499782743,6922092933.71708,1409561654.2902522,-2560452378,43.322626369709816,23,主要消费ETF,消费复苏,A股,CNY,159928.SZ,1.3853875540401628,42.05766183505428
159928,2025-08,2025-08-01,2025-08-29,0.8050000071525574,0.890999972820282,0.8029999732971191,0.8769999742507935,0.8769999742507935,16338382025,13843672537.83202,6280671698.597755,4811979975,71.44219308846016,21,主要消费ETF,消费复苏,A股,CNY,159928.SZ,8.94409521223658,99.9925841850571
159928,2025-09,2025-09-01,2025-09-30,0.8790000081062317,0.8949999809265137,0.8330000042915344,0.8460000157356262,0.8460000157356262,18992114621,16448689590.989122,-4313668072.97754,-219827766,37.08924287069975,22,主要消费ETF,消费复苏,A股,CNY,159928.SZ,-3.5347730245545272,18.817384231229873
159928,2025-10,2025-10-09,2025-10-31,0.8410000205039978,0.8579999804496765,0.8209999799728394,0.8309999704360962,0.8309999704360962,13709473733,11492598547.630249,-106373188.33145428,-409485763,40.49542878763638,16,主要消费ETF,消费复苏,A股,CNY,159928.SZ,-1.7730549669655704,-30.130613237870975
159928,2025-11,2025-11-03,2025-11-28,0.8299999833106995,0.8579999804496765,0.8149999976158142,0.8289999961853027,0.8289999961853027,14465323566,12100890673.356644,1852290700.2403173,1729864740,37.672583024693274,20,主要消费ETF,消费复苏,A股,CNY,159928.SZ,-0.24067079686463932,5.292903282102568
159928,2025-12,2025-12-01,2025-12-31,0.8299999833106995,0.8330000042915344,0.7870000004768372,0.7929999828338623,0.7929999828338623,12178801672,9778528057.286495,-3650903791.1987524,-2811948410,46.23198988181607,23,主要消费ETF,消费复苏,A股,CNY,159928.SZ,-4.34258305393207,-19.191666785185102
159928,2026-01,2026-01-05,2026-01-30,0.7929999828338623,0.8100000023841858,0.753000020980835,0.777999997138977,0.777999997138977,19348884348,15254253488.481861,-2474255580.2898808,-6142244385,22.830693360689793,20,主要消费ETF,消费复苏,A股,CNY,159928.SZ,-1.8915493089017965,55.997440505527976
159928,2026-02,2026-02-02,2026-02-27,0.7770000100135803,0.8119999766349792,0.7689999938011169,0.7749999761581421,0.7749999761581421,9488916383,7479910555.50889,724938225.6595769,-5297458672,33.18490476280091,14,主要消费ETF,消费复苏,A股,CNY,159928.SZ,-0.38560681129399255,-50.96508287897012
159928,2026-03,2026-03-02,2026-03-31,0.7699999809265137,0.8009999990463257,0.7319999933242798,0.7419999837875366,0.7419999837875366,12895326114,9859101628.571167,-1809311742.1203134,-7718242018,49.78572866177121,22,主要消费ETF,消费复苏,A股,CNY,159928.SZ,-4.258063662684764,31.807747638239103
159928,2026-04,2026-04-01,2026-04-30,0.746999979019165,0.7609999775886536,0.7279999852180481,0.746999979019165,0.746999979019165,10328729962,7694316123.90398,1014419687.529693,-6396978151,45.08543054692675,21,主要消费ETF,消费复苏,A股,CNY,159928.SZ,0.6738538195251609,-21.95722882492407
159928,2026-05,2026-05-06,2026-05-29,0.7400000095367432,0.7459999918937683,0.6669999957084656,0.6890000104904175,0.6890000104904175,9294113497,6530986560.446473,-1648056149.0831728,-8703091226,19.516058519921103,18,主要消费ETF,消费复苏,A股,CNY,159928.SZ,-7.764386901978682,-15.119336724980458
159928,2026-06,2026-06-01,2026-06-30,0.6869999766349792,0.6909999847412109,0.5929999947547913,0.6150000095367432,0.6150000095367432,10021149666,6410486159.032383,-2367940697.899038,-12385686984,46.3073587402342,21,主要消费ETF,消费复苏,A股,CNY,159928.SZ,-10.740203167921935,-1.845056643415488
159928,2026-07,2026-07-01,2026-07-31,0.6140000224113464,0.7009999752044678,0.6110000014305115,0.6970000267028809,0.6970000267028809,13755936668,9043437113.021282,1355040900.9958932,-10425291024,62.655229805106934,23,主要消费ETF,消费复苏,A股,CNY,159928.SZ,13.333335917816536,41.07256280834595
159928,2026-08,2026-08-03,2026-08-31,0.6940000057220459,0.699999988079071,0.6549999713897705,0.6660000085830688,0.6660000085830688,10702728094,7206584503.239447,-836881043.4597492,-11682687139,40.42143913245857,21,主要消费ETF,消费复苏,A股,CNY,159928.SZ,-4.447635140913242,-20.31144339066642
159928,2026-09,2026-09-01,2026-09-30,0.6650000214576721,0.6869999766349792,0.6420000195503235,0.6579999923706055,0.6579999923706055,7354061905,4888310813.832352,-1028765648.33827,-13262171170,34.57462137341675,21,主要消费ETF,消费复苏,A股,CNY,159928.SZ,-1.2012036200245158,-32.168826832808286
159995,2021-10,2021-10-08,2021-10-29,1.5509999990463257,1.6030000448226929,1.4520000219345093,1.597000002861023,1.597000002861023,6287420764,9704404902.98458,1491641815.0986323,917429998,74.70225538117072,16,芯片ETF,TMT硬科技,A股,CNY,159995.SZ,,
159995,2021-11,2021-11-01,2021-11-30,1.5980000495910645,1.7289999723434448,1.5829999446868896,1.6790000200271606,1.6790000200271606,8592839519,14272105997.852524,3619802637.558982,3075240619,42.8067915508943,22,芯片ETF,TMT硬科技,A股,CNY,159995.SZ,5.134628492124915,47.06832763607331
159995,2021-12,2021-12-01,2021-12-31,1.6749999523162842,1.7319999933242798,1.5740000009536743,1.628000020980835,1.628000020980835,5631347518,9279812060.315235,-1851603409.2347245,1916329573,36.857371109095865,23,芯片ETF,TMT硬科技,A股,CNY,159995.SZ,-3.0375222416912595,-34.97937822412798
159995,2022-01,2022-01-04,2022-01-28,1.6319999694824219,1.6360000371932983,1.3899999856948853,1.3930000066757202,1.3930000066757202,4961327837,7380586361.561498,-2705274670.7589903,80964270,39.3579165667139,19,芯片ETF,TMT硬科技,A股,CNY,159995.SZ,-14.43489012755247,-20.466208651743113
159995,2022-02,2022-02-07,2022-02-28,1.4149999618530273,1.4950000047683716,1.3259999752044678,1.4769999980926514,1.4769999980926514,4664740073,6572980082.713621,1459350505.9216185,1061882025,58.3862171313784,16,芯片ETF,TMT硬科技,A股,CNY,159995.SZ,6.030150108713217,-10.942305113506091
159995,2022-03,2022-03-01,2022-03-31,1.4830000400543213,1.4910000562667847,1.2699999809265137,1.2710000276565552,1.2710000276565552,9933300091,13629689956.328564,364789053.44677126,1144668776,35.09237679075267,23,芯片ETF,TMT硬科技,A股,CNY,159995.SZ,-13.947188266900323,107.35936797029844
159995,2022-04,2022-04-01,2022-04-29,1.2589999437332153,1.2890000343322754,0.9620000123977661,1.0800000429153442,1.0800000429153442,10242409813,11538118697.164663,-1814419012.428199,-613584997,55.199949274853005,19,芯片ETF,TMT硬科技,A股,CNY,159995.SZ,-15.027535844619367,-15.345699468334118
159995,2022-05,2022-05-05,2022-05-31,1.0750000476837158,1.2079999446868896,1.0260000228881836,1.1690000295639038,1.1690000295639038,8369678973,9472627587.958319,3233035106.1004944,2150848440,68.773661511987,19,芯片ETF,TMT硬科技,A股,CNY,159995.SZ,8.24073917703869,-17.901454850814723
159995,2022-06,2022-06-01,2022-06-30,1.159999966621399,1.2970000505447388,1.121000051498413,1.2869999408721924,1.2869999408721924,12642704187,15212687995.056332,1755969880.8495345,3477061629,69.85048921150255,21,芯片ETF,TMT硬科技,A股,CNY,159995.SZ,10.094089676995853,60.59628496738143
159995,2022-07,2022-07-01,2022-07-29,1.2899999618530273,1.309000015258789,1.1510000228881836,1.1510000228881836,1.1510000228881836,11210181651,13621221374.028051,-2329236305.249627,1484422030,37.45790114077409,21,芯片ETF,TMT硬科技,A股,CNY,159995.SZ,-10.567204680043918,-10.461442590194835
159995,2022-08,2022-08-01,2022-08-31,1.1419999599456787,1.2979999780654907,1.1230000257492065,1.1480000019073486,1.1480000019073486,11645596563,14314779584.212818,404862248.6914182,1667081687,17.263200344127043,23,芯片ETF,TMT硬科技,A股,CNY,159995.SZ,-0.2606447368530107,5.0917475837166215
159995,2022-09,2022-09-01,2022-09-30,1.156999945640564,1.1859999895095825,1.0049999952316284,1.00600004196167,1.00600004196167,7581644213,8343807526.747958,-3453586293.562569,-1484969592,11.710460578165296,21,芯片ETF,TMT硬科技,A股,CNY,159995.SZ,-12.369334469490623,-41.711938506199566
159995,2022-10,2022-10-10,2022-10-31,0.9959999918937683,1.0499999523162842,0.9129999876022339,1.027999997138977,1.027999997138977,7574672202,7516727376.073746,-415306286.7469131,-2012091246,64.13617849599439,16,芯片ETF,TMT硬科技,A股,CNY,159995.SZ,2.186874180880527,-9.9125027515654
159995,2022-11,2022-11-01,2022-11-30,1.0219999551773071,1.1269999742507935,1.0160000324249268,1.0390000343322754,1.0390000343322754,9347663473,10000997864.416145,-367356770.0799507,-2395035363,54.179422949464445,22,芯片ETF,TMT硬科技,A股,CNY,159995.SZ,1.0700425315089968,33.04989477535132
159995,2022-12,2022-12-01,2022-12-30,1.0570000410079956,1.1069999933242798,0.972000002861023,1.0,1.0,9588970571,9989970926.09921,-1125843614.276341,-3593952327,24.292472318028942,22,芯片ETF,TMT硬科技,A股,CNY,159995.SZ,-3.753612419978325,-0.110258380877859
159995,2023-01,2023-01-03,2023-01-31,1.0010000467300415,1.1100000143051147,0.9879999756813049,1.0640000104904175,1.0640000104904175,9287236365,9678403498.612133,259471594.73239648,-3352815632,77.29027296633527,16,芯片ETF,TMT硬科技,A股,CNY,159995.SZ,6.400001049041748,-3.118802144589783
159995,2023-02,2023-02-01,2023-02-28,1.065999984741211,1.125,1.0199999809265137,1.0329999923706055,1.0329999923706055,10993968902,11818720441.135756,-2150025716.5825434,-5452694245,29.875133372451486,20,芯片ETF,TMT硬科技,A股,CNY,159995.SZ,-2.913535508850562,22.114359489460632
159995,2023-03,2023-03-01,2023-03-31,1.031999945640564,1.1480000019073486,1.0240000486373901,1.1430000066757202,1.1430000066757202,16589428827,18009391612.437378,4489793905.162859,-1472020278,82.00347568967939,23,芯片ETF,TMT硬科技,A股,CNY,159995.SZ,10.648597784853653,52.38021494911265
159995,2023-04,2023-04-03,2023-04-28,1.1610000133514404,1.3079999685287476,1.0920000076293945,1.11899995803833,1.11899995803833,18999187086,23014946504.443054,4154199090.2723894,1756902152,41.2004088754819,19,芯片ETF,TMT硬科技,A股,CNY,159995.SZ,-2.099741775784536,27.794136524572078
159995,2023-05,2023-05-04,2023-05-31,1.1100000143051147,1.1130000352859497,1.034000039100647,1.100000023841858,1.100000023841858,13813791519,14839641620.256956,1204049650.8211517,2800734088,56.75482620061698,20,芯片ETF,TMT硬科技,A股,CNY,159995.SZ,-1.6979387764929021,-35.52172012482344
159995,2023-06,2023-06-01,2023-06-30,1.0959999561309814,1.1260000467300415,1.0290000438690186,1.0509999990463257,1.0509999990463257,11464704259,12311676642.244656,-539310525.3549031,2223242430,51.90021839350642,20,芯片ETF,TMT硬科技,A股,CNY,159995.SZ,-4.454547612135029,-17.035215827324855
159995,2023-07,2023-07-03,2023-07-31,1.0520000457763672,1.090999960899353,1.0180000066757202,1.0470000505447388,1.0470000505447388,11368653367,11980977450.898449,-905332916.6734962,1295623825,39.49536813643565,21,芯片ETF,TMT硬科技,A股,CNY,159995.SZ,-0.3805850147684531,-2.6860613786061416
159995,2023-08,2023-08-01,2023-08-31,1.0479999780654907,1.059000015258789,0.9190000295639038,0.9929999709129333,0.9929999709129333,13087236022,12883338849.644821,-995633151.1605189,341246231,46.49409906558936,23,芯片ETF,TMT硬科技,A股,CNY,159995.SZ,-5.157600479934077,7.531617536586754
159995,2023-09,2023-09-01,2023-09-28,0.9959999918937683,1.0199999809265137,0.9269999861717224,0.9459999799728394,0.9459999799728394,9836680773,9542159551.966871,-2616864355.792544,-2403987824,49.7894576915824,20,芯片ETF,TMT硬科技,A股,CNY,159995.SZ,-4.7331311497304185,-25.934110223065833
159995,2023-10,2023-10-09,2023-10-31,0.9440000057220459,1.0080000162124634,0.9049999713897705,0.9940000176429749,0.9940000176429749,8606426400,8251677229.520667,2816524814.576875,500601136,64.33675752199022,17,芯片ETF,TMT硬科技,A股,CNY,159995.SZ,5.0739998611325055,-13.524006965280776
159995,2023-11,2023-11-01,2023-11-30,0.9929999709129333,1.034000039100647,0.9570000171661377,0.9729999899864197,0.9729999899864197,9491954531,9449417388.227686,10381930.546084225,436153570,39.20115858512085,22,芯片ETF,TMT硬科技,A股,CNY,159995.SZ,-2.1126788011887054,14.51511159964014
159995,2023-12,2023-12-01,2023-12-29,0.972000002861023,0.9789999723434448,0.8960000276565552,0.9319999814033508,0.9319999814033508,7777091306,7266432505.141983,-1352512792.8686445,-1048193946,47.40986039792707,21,芯片ETF,TMT硬科技,A股,CNY,159995.SZ,-4.213772765161183,-23.101793405859272
159995,2024-01,2024-01-02,2024-01-31,0.9330000281333923,0.9350000023841858,0.7269999980926514,0.7319999933242798,0.7319999933242798,11661721086,9630528082.241554,-3700607074.196523,-5580560590,24.055587606639094,22,芯片ETF,TMT硬科技,A股,CNY,159995.SZ,-21.459226616927907,32.53447376586316
159995,2024-02,2024-02-01,2024-02-29,0.7260000109672546,0.8799999952316284,0.6690000295639038,0.8799999952316284,0.8799999952316284,9272349250,7371498908.68563,3560494492.5166235,-1355082782,72.12221166088224,15,芯片ETF,TMT硬科技,A股,CNY,159995.SZ,20.218579679929572,-23.4569605556887
159995,2024-03,2024-03-01,2024-03-29,0.8840000033378601,0.921999990940094,0.8299999833106995,0.8450000286102295,0.8450000286102295,10119642972,8973959762.164953,-1105491445.4736352,-2678478332,39.99128238856997,21,芯片ETF,TMT硬科技,A股,CNY,159995.SZ,-3.9772689558011276,21.73860260077076
159995,2024-04,2024-04-01,2024-04-30,0.8489999771118164,0.8610000014305115,0.7710000276565552,0.8429999947547913,0.8429999947547913,7804057638,6393317918.45433,517614955.5203429,-2104718288,72.2814920509238,20,芯片ETF,TMT硬科技,A股,CNY,159995.SZ,-0.23669038907935258,-28.75700261762759
159995,2024-05,2024-05-06,2024-05-31,0.8600000143051147,0.8610000014305115,0.7860000133514404,0.8259999752044678,0.8259999752044678,8464405895,6989336171.20875,-756033854.8992915,-3067000581,54.187093051743155,20,芯片ETF,TMT硬科技,A股,CNY,159995.SZ,-2.0166096863699745,9.322518610157182
159995,2024-06,2024-06-03,2024-06-28,0.8270000219345093,0.9120000004768372,0.8259999752044678,0.8479999899864197,0.8479999899864197,11101373791,9599522017.962389,296817778.418858,-2751852617,58.70541262123676,19,芯片ETF,TMT硬科技,A股,CNY,159995.SZ,2.6634401261944385,37.34526116379702
159995,2024-07,2024-07-01,2024-07-31,0.8489999771118164,0.9399999976158142,0.8119999766349792,0.9039999842643738,0.9039999842643738,13407027808,11804017947.396126,3689819919.1409674,1287269913,59.694063473608644,23,芯片ETF,TMT硬科技,A股,CNY,159995.SZ,6.603772988116541,22.964642669798963
159995,2024-08,2024-08-01,2024-08-30,0.906000018119812,0.9190000295639038,0.7799999713897705,0.8220000267028809,0.8220000267028809,8833993588,7385180340.785595,-446894302.9335786,674876027,37.803080773817385,22,芯片ETF,TMT硬科技,A股,CNY,159995.SZ,-9.07079192354412,-37.43502954928404
159995,2024-09,2024-09-02,2024-09-30,0.8199999928474426,0.972000002861023,0.7419999837875366,0.972000002861023,0.972000002861023,9122884522,7510989499.542494,2330391196.1727543,3084888443,78.02884876599592,19,芯片ETF,TMT硬科技,A股,CNY,159995.SZ,18.248171689215887,1.703535363410169
159995,2024-10,2024-10-08,2024-10-31,1.069000005722046,1.2730000019073486,1.027999997138977,1.1859999895095825,1.1859999895095825,28758040859,33076976135.717255,4500582096.046917,6611524536,62.782740550922036,18,芯片ETF,TMT硬科技,A股,CNY,159995.SZ,22.01645946694071,340.3810727964941
159995,2024-11,2024-11-01,2024-11-29,1.1799999475479126,1.3589999675750732,1.1349999904632568,1.2130000591278076,1.2130000591278076,21611565912,26819572921.334175,4976481441.578879,10296503540,39.39065953958431,21,芯片ETF,TMT硬科技,A股,CNY,159995.SZ,2.2765657552315632,-18.917700302193573
159995,2024-12,2024-12-02,2024-12-31,1.2120000123977661,1.3049999475479126,1.156000018119812,1.2259999513626099,1.2259999513626099,16325064261,19953863019.688114,3043508479.6055098,12648119435,64.92031977944018,22,芯片ETF,TMT硬科技,A股,CNY,159995.SZ,1.0717140643958123,-25.59962428105853
159995,2025-01,2025-01-02,2025-01-27,1.2200000286102295,1.2549999952316284,1.1319999694824219,1.180999994277954,1.180999994277954,11440186736,13703573343.086025,-3014191815.2237277,10032027257,65.67441017135636,18,芯片ETF,TMT硬科技,A股,CNY,159995.SZ,-3.6704697283749144,-31.323707446698624
159995,2025-02,2025-02-05,2025-02-28,1.218999981880188,1.4149999618530273,1.2050000429153442,1.3279999494552612,1.3279999494552612,15054219474,19857931989.778065,4794941747.577298,13675452661,57.75809527906303,18,芯片ETF,TMT硬科技,A股,CNY,159995.SZ,12.447075011814945,44.910611944855596
159995,2025-03,2025-03-03,2025-03-31,1.3270000219345093,1.3890000581741333,1.215999960899353,1.2330000400543213,1.2330000400543213,11624096416,15220598821.314245,-4033299004.7255774,10506938603,38.723644860506646,21,芯片ETF,TMT硬科技,A股,CNY,159995.SZ,-7.153607907884963,-23.35254834617674
159995,2025-04,2025-04-01,2025-04-30,1.2389999628067017,1.2769999504089355,1.100000023841858,1.25600004196167,1.25600004196167,10444427345,12673046736.288977,3067608286.1687436,13011522448,68.91693434523857,21,芯片ETF,TMT硬科技,A股,CNY,159995.SZ,1.865369112748394,-16.737528627702815
159995,2025-05,2025-05-06,2025-05-30,1.2619999647140503,1.2960000038146973,1.1699999570846558,1.1759999990463257,1.1759999990463257,6237455992,7622369553.268869,-1720123024.9677773,11583110914,39.19124348382488,19,芯片ETF,TMT硬科技,A股,CNY,159995.SZ,-6.369429955623018,-39.85369333924738
159995,2025-06,2025-06-03,2025-06-30,1.1710000038146973,1.2339999675750732,1.156999945640564,1.2300000190734863,1.2300000190734863,7457886712,8911530441.57405,2464913505.3276424,13602685282,65.16443188069687,20,芯片ETF,TMT硬科技,A股,CNY,159995.SZ,4.59183844140747,16.912862585523982
159995,2025-07,2025-07-01,2025-07-31,1.2280000448226929,1.3029999732971191,1.187000036239624,1.2640000581741333,1.2640000581741333,11279182770,13904060182.166653,2750705953.169249,15783499048,66.27696259358538,23,芯片ETF,TMT硬科技,A股,CNY,159995.SZ,2.764230778326171,56.02325855614501
159995,2025-08,2025-08-01,2025-08-29,1.2630000114440918,1.7000000476837158,1.2419999837875366,1.6549999713897705,1.6549999713897705,16811831277,24317534515.82507,14075491142.949394,25620861825,81.27655709089164,21,芯片ETF,TMT硬科技,A股,CNY,159995.SZ,30.933536014265872,74.89520469002815
159995,2025-09,2025-09-01,2025-09-30,1.6749999523162842,1.9110000133514404,1.4500000476837158,1.8930000066757202,1.8930000066757202,16335307148,27432037689.220963,9694422261.117182,31081921148,81.0093784925512,22,芯片ETF,TMT硬科技,A股,CNY,159995.SZ,14.38066703325025,12.807643683487214
159995,2025-10,2025-10-09,2025-10-31,1.934000015258789,2.015000104904175,1.7009999752044678,1.7649999856948853,1.7649999856948853,11383485671,20644626095.68457,-724491716.6800125,30510045497,39.697571107293335,16,芯片ETF,TMT硬科技,A股,CNY,159995.SZ,-6.761754914391926,-24.742644605666353
159995,2025-11,2025-11-03,2025-11-28,1.7510000467300415,1.7999999523162842,1.562999963760376,1.656999945640564,1.656999945640564,9778048745,16576074835.916752,-3712609889.307393,28404552778,37.817145528694134,20,芯片ETF,TMT硬科技,A股,CNY,159995.SZ,-6.1189824889319455,-19.70755605313813
159995,2025-12,2025-12-01,2025-12-31,1.6629999876022339,1.7730000019073486,1.6269999742507935,1.7319999933242798,1.7319999933242798,8884135106,15162690417.692793,1844633368.2163115,29428923809,67.83672178740017,23,芯片ETF,TMT硬科技,A股,CNY,159995.SZ,4.526255289327863,-8.52665321684879
159995,2026-01,2026-01-05,2026-01-30,1.75,2.117000102996826,1.75,2.009999990463257,2.009999990463257,11840641444,23153907872.02819,7787840287.610519,33532336859,50.01221178876608,20,芯片ETF,TMT硬科技,A股,CNY,159995.SZ,16.050808210766988,52.7031630548279
159995,2026-02,2026-02-02,2026-02-27,1.9800000190734863,1.99399995803833,1.8300000429153442,1.9620000123977661,1.9620000123977661,5618015517,10783542804.651419,443887367.02495944,33703531058,37.77618341918063,14,芯片ETF,TMT硬科技,A股,CNY,159995.SZ,-2.3880586215539124,-53.426683459862865
159995,2026-03,2026-03-02,2026-03-31,1.9220000505447388,1.9639999866485596,1.6180000305175781,1.621000051498413,1.621000051498413,8398808462,14918232699.31564,-4932938813.6428795,30916597284,25.197936876293852,22,芯片ETF,TMT硬科技,A股,CNY,159995.SZ,-17.38022215823617,38.34259268559443
159995,2026-04,2026-04-01,2026-04-30,1.659999966621399,2.0840001106262207,1.6130000352859497,2.072999954223633,2.072999954223633,8828019706,16342277647.817726,5078550282.352545,33606028940,83.49743079653204,21,芯片ETF,TMT硬科技,A股,CNY,159995.SZ,27.88401532173932,9.545667889785726
159995,2026-05,2026-05-06,2026-05-29,2.174999952316284,2.7730000019073486,2.1470000743865967,2.490999937057495,2.490999937057495,11693282650,28498261083.134296,5650212930.036043,36075107640,61.719006428493344,18,芯片ETF,TMT硬科技,A股,CNY,159995.SZ,20.164013124178236,74.38365506499534
159995,2026-06,2026-06-01,2026-06-30,2.484999895095825,3.4079999923706055,2.25600004196167,3.390000104904175,3.390000104904175,12275538685,33425706485.486782,12437682272.662472,40196330629,79.50501565334471,21,芯片ETF,TMT硬科技,A股,CNY,159995.SZ,36.08993137545511,17.29033707698264
159995,2026-07,2026-07-01,2026-07-31,3.3910000324249268,3.499000072479248,1.0579999685287476,1.1180000305175781,1.1180000305175781,24217103826,36609641439.18415,-15001971945.076084,30669443263,27.067944855266305,23,芯片ETF,TMT硬科技,A股,CNY,159995.SZ,-67.02064908788017,9.525408101934385
159995,2026-08,2026-08-03,2026-08-31,1.0889999866485596,1.2769999504089355,1.0360000133514404,1.1679999828338623,1.1679999828338623,16395937518,19084798517.97859,4262772166.3371854,34101985781,48.450357048850535,21,芯片ETF,TMT硬科技,A股,CNY,159995.SZ,4.472267526963902,-47.869474357780284
159995,2026-09,2026-09-01,2026-09-30,1.1670000553131104,1.1979999542236328,1.0479999780654907,1.0529999732971191,1.0529999732971191,12150301076,13487348773.577614,-2883741003.5227304,31365755463,47.691630146448034,21,芯片ETF,TMT硬科技,A股,CNY,159995.SZ,-9.845891372166305,-29.329362524461388
2800.HK,2021-10,2021-10-04,2021-10-29,25.15999984741211,26.899999618530273,24.360000610351562,25.520000457763672,21.943893432617188,2667356517,68888385259.5835,10660195360.40895,405450392,58.327799110325486,18,盈富基金,离岸大盘基石,港股,HKD,2800.HK,,
2800.HK,2021-11,2021-11-01,2021-11-30,25.420000076293945,25.899999618530273,23.299999237060547,23.6200008392334,20.31014060974121,2858081658,71400074274.60425,-20904425614.474392,-455833852,32.61364885113558,22,盈富基金,离岸大盘基石,港股,HKD,2800.HK,-7.445136515508144,3.6460268382779937
2800.HK,2021-12,2021-12-01,2021-12-31,23.719999313354492,24.520000457763672,22.81999969482422,23.520000457763672,20.224153518676758,2452550521,57918066348.51776,9123565336.526667,-76493991,41.99686865543262,22,盈富基金,离岸大盘基石,港股,HKD,2800.HK,-0.4233702401016948,-18.882344399579708
2800.HK,2022-01,2022-01-03,2022-01-31,23.65999984741211,25.1200008392334,22.860000610351562,24.0,20.63688850402832,3003149383,72384196579.6364,-13232029653.40263,-623022581,34.20155690220177,21,盈富基金,离岸大盘基石,港股,HKD,2800.HK,2.0408022762011147,24.976887425884954
2800.HK,2022-02,2022-02-04,2022-02-28,24.3799991607666,25.15999984741211,22.540000915527344,22.8799991607666,19.67383575439453,2595877653,62746663972.194664,-25014097892.831844,-1692663450,28.581946641023904,17,盈富基金,离岸大盘基石,港股,HKD,2800.HK,-4.666656746465447,-13.314415387395528
2800.HK,2022-03,2022-03-01,2022-03-31,22.8799991607666,23.059999465942383,18.440000534057617,22.280000686645508,19.157915115356445,5760283835,120240473695.1991,-18516468318.017403,-2666668720,66.2614082454462,23,盈富基金,离岸大盘基石,港股,HKD,2800.HK,-2.6223693512478663,91.6284724690416
2800.HK,2022-04,2022-04-01,2022-04-29,21.899999618530273,22.739999771118164,19.8799991607666,21.219999313354492,18.319217681884766,3363679451,71196860353.30551,-14015558059.927546,-3356917231,33.54454941351655,18,盈富基金,离岸大盘基石,港股,HKD,2800.HK,-4.377811616877891,-40.78794089435775
2800.HK,2022-05,2022-05-03,2022-05-31,21.040000915527344,21.639999389648438,19.299999237060547,21.6200008392334,18.664539337158203,2983550345,61385942180.4169,4081498320.858732,-3194625392,64.5963973187766,20,盈富基金,离岸大盘基石,港股,HKD,2800.HK,1.8850240292461518,-13.779987100840064
2800.HK,2022-06,2022-06-01,2022-06-30,21.68000030517578,22.799999237060547,21.0,22.280000686645508,19.23431396484375,3183319730,69522348010.8054,4768979625.308235,-2989012212,47.3468021612197,21,盈富基金,离岸大盘基石,港股,HKD,2800.HK,3.0527119764012234,13.25450997636417
2800.HK,2022-07,2022-07-04,2022-07-29,22.200000762939453,22.65999984741211,20.559999465942383,20.68000030517578,17.8530330657959,3933351989,84228803152.87335,-5284056552.188658,-3266835336,34.09717464840374,20,盈富基金,离岸大盘基石,港股,HKD,2800.HK,-7.181336966696817,21.153565095042847
2800.HK,2022-08,2022-08-01,2022-08-31,20.540000915527344,20.799999237060547,19.719999313354492,20.5,17.697641372680664,2875767170,58721122663.36045,-8915889450.767826,-3721032644,36.11182715140862,23,盈富基金,离岸大盘基石,港股,HKD,2800.HK,-0.8703938011124013,-30.283797863323603
2800.HK,2022-09,2022-09-01,2022-09-30,20.31999969482422,20.399999618530273,17.670000076293945,17.889999389648438,15.444429397583008,3801790007,72660192760.08325,-38738760265.68145,-5745430589,9.702359783651104,21,盈富基金,离岸大盘基石,港股,HKD,2800.HK,-12.731707732398023,23.737744553409577
2800.HK,2022-10,2022-10-03,2022-10-31,17.700000762939453,18.829999923706055,14.680000305175781,14.819999694824219,13.256040573120117,5320233843,88975247802.74698,-28072569564.07431,-7459444266,26.741733404338845,20,盈富基金,离岸大盘基石,港股,HKD,2800.HK,-14.169437847961962,22.453911038378905
2800.HK,2022-11,2022-11-01,2022-11-30,14.920000076293945,18.770000457763672,14.920000076293945,18.700000762939453,16.72658348083496,8178474397,143104408071.12198,-9411786831.62616,-8001381477,58.48106933156586,22,盈富基金,离岸大盘基石,港股,HKD,2800.HK,26.180841017884514,60.836200634558764
2800.HK,2022-12,2022-12-01,2022-12-30,19.149999618530273,20.239999771118164,18.65999984741211,19.920000076293945,17.817834854125977,5538232896,108013943791.697,35058994832.341354,-6243594309,58.83804461871456,20,盈富基金,离岸大盘基石,港股,HKD,2800.HK,6.524054207132934,-24.520882866155482
2800.HK,2023-01,2023-01-03,2023-01-31,19.729999542236328,22.81999969482422,19.40999984741211,22.0,19.678333282470703,5019098833,108843623657.96048,31169449650.581272,-4793100824,61.93672364113001,18,盈富基金,离岸大盘基石,港股,HKD,2800.HK,10.441776139337723,0.7681229266690792
2800.HK,2023-02,2023-02-01,2023-02-28,22.079999923706055,22.459999084472656,19.899999618530273,19.989999771118164,17.880447387695312,6027655779,127131195064.35555,-30569163683.193558,-6315728916,22.335527290042975,20,盈富基金,离岸大盘基石,港股,HKD,2800.HK,-9.136372826742056,16.80169291667788
2800.HK,2023-03,2023-03-01,2023-03-31,19.989999771118164,21.219999313354492,19.030000686645508,20.579999923706055,18.408187866210938,5615811584,112744083122.3232,16585217020.462397,-5532943582,63.39927314459822,23,盈富基金,离岸大盘基石,港股,HKD,2800.HK,2.951494820419298,-11.31674404126336
2800.HK,2023-04,2023-04-03,2023-04-28,20.520000457763672,21.079999923706055,19.709999084472656,20.0,17.979108810424805,3895434552,79960492070.99959,23254706276.98945,-4428204724,51.616764473326974,17,盈富基金,离岸大盘基石,港股,HKD,2800.HK,-2.3309141502935615,-29.077881644356108
2800.HK,2023-05,2023-05-02,2023-05-31,20.200000762939453,20.440000534057617,18.25,18.479999542236328,16.612699508666992,5974342875,117061997453.08118,-51764916520.79588,-7110699687,22.85044469660174,21,盈富基金,离岸大盘基石,港股,HKD,2800.HK,-7.599983492872175,46.39979622578851
2800.HK,2023-06,2023-06-01,2023-06-30,18.469999313354492,20.479999542236328,18.389999389648438,19.25,17.304893493652344,8007952085,156373928607.89023,19388486141.127335,-6210578538,60.52405662106186,21,盈富基金,离岸大盘基石,港股,HKD,2800.HK,4.16665566378438,33.58214622176201
2800.HK,2023-07,2023-07-03,2023-07-31,19.389999389648438,20.8799991607666,18.760000228881836,20.540000915527344,18.46454620361328,8153749817,159325813655.95322,-12329855101.37931,-6925486671,70.2824870445991,20,盈富基金,离岸大盘基石,港股,HKD,2800.HK,6.701299319676912,1.8877092072457247
2800.HK,2023-08,2023-08-01,2023-08-31,20.700000762939453,20.84000015258789,18.079999923706055,18.93000030517578,17.017229080200195,6648463635,127650259985.6515,-16781592882.193197,-7822628892,31.590287290548346,23,盈富基金,离岸大盘基石,港股,HKD,2800.HK,-7.8383573982980685,-19.88099288085333
2800.HK,2023-09,2023-09-04,2023-09-29,19.139999389648438,19.489999771118164,17.969999313354492,18.440000534057617,16.576738357543945,5921931240,110518072440.19847,-28313316949.408733,-9365439509,44.867116742048125,19,盈富基金,离岸大盘基石,港股,HKD,2800.HK,-2.588498518649951,-13.421192833746499
2800.HK,2023-10,2023-10-03,2023-10-31,18.200000762939453,18.940000534057617,17.1200008392334,17.219999313354492,15.96569538116455,4780971630,86261156128.09366,-31462966789.035664,-11157813129,26.7179544599213,20,盈富基金,离岸大盘基石,港股,HKD,2800.HK,-3.6861471973544946,-21.948370774590074
2800.HK,2023-11,2023-11-01,2023-11-30,17.229999542236328,18.299999237060547,17.0,17.190000534057617,15.937882423400879,9753262431,173002332727.89944,-24454141754.84089,-12615221302,46.46754080528796,22,盈富基金,离岸大盘基石,港股,HKD,2800.HK,-0.1742044871812065,100.55647349659829
2800.HK,2023-12,2023-12-01,2023-12-29,17.190000534057617,17.25,16.100000381469727,17.190000534057617,15.937882423400879,8111855408,135257821247.0057,-12941912619.630167,-13420807406,62.412113221544246,19,盈富基金,离岸大盘基石,港股,HKD,2800.HK,0.0,-21.817342509628958
2800.HK,2024-01,2024-01-02,2024-01-31,17.280000686645508,17.280000686645508,14.930000305175781,15.619999885559082,14.482239723205566,8641009427,138121485835.12497,-25204557062.50159,-14997500089,40.830836434817165,22,盈富基金,离岸大盘基石,港股,HKD,2800.HK,-9.133225239872878,2.1171896469407647
2800.HK,2024-02,2024-02-01,2024-02-29,15.65999984741211,17.049999237060547,15.430000305175781,16.6299991607666,15.418670654296875,5862260707,95571319613.71436,4407440135.950903,-14759955124,59.426631974789366,19,盈富基金,离岸大盘基石,港股,HKD,2800.HK,6.466064289702533,-30.80633397775823
2800.HK,2024-03,2024-03-01,2024-03-28,16.579999923706055,17.450000762939453,16.229999542236328,16.75,15.52993106842041,8551506352,143692089619.55048,-20934477839.502544,-16045554267,37.637727519760276,20,盈富基金,离岸大盘基石,港股,HKD,2800.HK,0.7215953736746439,50.35063887401934
2800.HK,2024-04,2024-04-02,2024-04-30,17.0,18.139999389648438,16.270000457763672,17.84000015258789,16.680315017700195,7412698647,126703650505.36896,5072246341.702244,-15846214272,41.898396072196945,20,盈富基金,离岸大盘基石,港股,HKD,2800.HK,7.40752772315294,-11.822807476153585
2800.HK,2024-05,2024-05-02,2024-05-31,17.84000015258789,19.889999389648438,17.84000015258789,18.299999237060547,17.110410690307617,9277231738,176034698611.07162,20678727902.591484,-14820975060,53.12823113454738,21,盈富基金,离岸大盘基石,港股,HKD,2800.HK,2.5784625299404063,38.93419637787967
2800.HK,2024-06,2024-06-03,2024-06-28,18.489999771118164,18.969999313354492,17.959999084472656,18.1200008392334,16.94211196899414,6573092325,121538481659.00056,-12635254500.802317,-15528373089,33.24452364054679,19,盈富基金,离岸大盘基石,港股,HKD,2800.HK,-0.9836042182716942,-30.95765629279382
2800.HK,2024-07,2024-07-02,2024-07-31,18.040000915527344,18.889999389648438,17.479999542236328,17.959999084472656,16.792512893676758,7287133134,131524358425.36096,-21739890836.753548,-16799115466,34.74730500962008,22,盈富基金,离岸大盘基石,港股,HKD,2800.HK,-0.8830013376795343,8.216226358971369
2800.HK,2024-08,2024-08-01,2024-08-30,17.899999618530273,18.809999465942383,17.0,18.610000610351562,17.40026092529297,8063264663,143790025606.9646,36697155972.48203,-14785582290,58.633982904861064,22,盈富基金,离岸大盘基石,港股,HKD,2800.HK,3.6191607263559744,9.325776098397998
2800.HK,2024-09,2024-09-02,2024-09-30,18.479999542236328,22.200000762939453,17.6299991607666,21.81999969482422,20.401594161987305,12572258510,245049725197.282,131638531086.67819,-8492380272,93.14188074567333,19,盈富基金,离岸大盘基石,港股,HKD,2800.HK,17.24878293251113,70.42192193991292
2800.HK,2024-10,2024-10-02,2024-10-31,21.979999542236328,23.979999542236328,20.3799991607666,20.459999084472656,19.70022201538086,16896244034,366053793541.0483,-52211542524.595146,-11160849544,27.354215757088284,21,盈富基金,离岸大盘基石,港股,HKD,2800.HK,-3.4378301079689977,49.3793936093377
2800.HK,2024-11,2024-11-01,2024-11-29,20.559999465942383,21.479999542236328,19.18000030517578,19.600000381469727,18.87215805053711,12539270379,252122417296.00198,-82887315623.91772,-15317423440,28.000936342853052,21,盈富基金,离岸大盘基石,港股,HKD,2800.HK,-4.203323009239401,-31.124216783255477
2800.HK,2024-12,2024-12-02,2024-12-31,19.610000610351562,21.260000228881836,19.530000686645508,20.239999771118164,19.488391876220703,9792749177,196946812702.9229,-30473777512.14554,-16833832868,43.66927744093142,20,盈富基金,离岸大盘基石,港股,HKD,2800.HK,3.265306617470043,-21.88445009564567
2800.HK,2025-01,2025-01-02,2025-01-28,20.200000762939453,20.520000457763672,18.8700008392334,20.459999084472656,19.70022201538086,9554618395,189197355413.44257,2290591682.688305,-16795788877,63.471450426385005,19,盈富基金,离岸大盘基石,港股,HKD,2800.HK,1.0869554579237883,-3.934797005915358
2800.HK,2025-02,2025-02-03,2025-02-28,20.1200008392334,24.280000686645508,19.950000762939453,23.15999984741211,22.299959182739258,18088488107,409463482257.77655,-15987015298.636742,-17441091803,68.58669098358317,20,盈富基金,离岸大盘基石,港股,HKD,2800.HK,13.196486645321382,116.42135608238209
2800.HK,2025-03,2025-03-03,2025-03-31,23.299999237060547,25.200000762939453,22.780000686645508,23.459999084472656,22.588815689086914,16371334504,393514699984.5552,-97233498501.81143,-21578005539,46.98786158780501,21,盈富基金,离岸大盘基石,港股,HKD,2800.HK,1.2953230271884886,-3.89504387186862
2800.HK,2025-04,2025-04-01,2025-04-30,23.520000457763672,23.760000228881836,19.459999084472656,22.260000228881836,21.646745681762695,19346618814,416313463323.4994,164739341293.60855,-13996603449,67.20382334742912,19,盈富基金,离岸大盘基石,港股,HKD,2800.HK,-4.1705152686661195,5.793624314374801
2800.HK,2025-05,2025-05-02,2025-05-30,22.360000610351562,24.15999984741211,22.200000762939453,23.579999923706055,22.93037986755371,11413535173,268194967424.0842,71460863530.18266,-10956494550,44.12831781585887,20,盈富基金,离岸大盘基石,港股,HKD,2800.HK,5.929917617466507,-35.578598567762064
2800.HK,2025-06,2025-06-02,2025-06-30,23.34000015258789,24.979999542236328,22.940000534057617,24.520000457763672,23.844482421875,8986150104,218657008594.523,11195098830.020685,-10511766562,52.628885967860676,21,盈富基金,离岸大盘基石,港股,HKD,2800.HK,3.986425692034601,-18.470875611632607
2800.HK,2025-07,2025-07-02,2025-07-31,24.780000686645508,26.239999771118164,24.18000030517578,25.260000228881836,24.56409454345703,11088573209,279457963360.591,46971621919.37901,-8667848237,54.85891933729322,22,盈富基金,离岸大盘基石,港股,HKD,2800.HK,3.0179397851884504,27.80654283934576
2800.HK,2025-08,2025-08-01,2025-08-29,25.260000228881836,26.459999084472656,24.860000610351562,25.6200008392334,24.91417694091797,14600114668,374043338288.4768,-28991175827.1052,-9790431649,30.97569535647837,21,盈富基金,离岸大盘基石,港股,HKD,2800.HK,1.4251793276629732,33.84601168292354
2800.HK,2025-09,2025-09-01,2025-09-30,25.979999542236328,27.700000762939453,25.579999923706055,27.520000457763672,26.7618350982666,13413846218,358845135324.5684,-11792494874.479763,-10309739009,53.09432837348777,22,盈富基金,离岸大盘基石,港股,HKD,2800.HK,7.416091495738386,-4.0632197951850575
2800.HK,2025-10,2025-10-02,2025-10-31,27.520000457763672,28.040000915527344,25.780000686645508,26.059999465942383,25.869415283203125,11050564906,294688926549.22076,-99678520137.24681,-14092815993,39.59843814342924,19,盈富基金,离岸大盘基石,港股,HKD,2800.HK,-3.3346734698372016,-17.87852264384736
2800.HK,2025-11,2025-11-03,2025-11-28,26.1200008392334,27.31999969482422,25.31999969482422,26.040000915527344,25.84956169128418,11275981096,296271784441.60077,31684218440.819275,-12951633814,39.703361144706186,20,盈富基金,离岸大盘基石,港股,HKD,2800.HK,-0.07674542196489664,0.537128391933539
2800.HK,2025-12,2025-12-01,2025-12-31,26.100000381469727,26.440000534057617,25.299999237060547,25.81999969482422,25.63117027282715,7457954118,193149153832.64096,46103987600.83699,-11194306996,63.523435027257435,21,盈富基金,离岸大盘基石,港股,HKD,2800.HK,-0.8448554024444777,-34.80676730770044
2800.HK,2026-01,2026-01-02,2026-01-30,26.0,28.31999969482422,25.920000076293945,27.600000381469727,27.39815330505371,11554366537,312300981212.8112,66837751641.72822,-8801170831,68.08744129471182,21,盈富基金,离岸大盘基石,港股,HKD,2800.HK,6.8938835543526755,61.68902374970404
2800.HK,2026-02,2026-02-02,2026-02-27,27.34000015258789,27.639999389648438,26.479999542236328,26.899999618530273,26.703271865844727,9220253157,249033129442.5982,71208721501.17923,-6207499490,48.03119975583583,17,盈富基金,离岸大盘基石,港股,HKD,2800.HK,-2.5362345829374244,-20.258614470090443
2800.HK,2026-03,2026-03-02,2026-03-31,26.540000915527344,26.6200008392334,24.479999542236328,25.079999923706055,24.896581649780273,20635230367,529116272795.3761,-67699407540.374725,-8932335538,37.27082540711513,22,盈富基金,离岸大盘基石,港股,HKD,2800.HK,-6.765800929343535,112.46822620736356
2800.HK,2026-04,2026-04-01,2026-04-30,25.639999389648438,26.84000015258789,25.18000030517578,25.899999618530273,25.899999618530273,12579486502,328833400460.45825,17885714228.432503,-8298874154,50.85441408881952,19,盈富基金,离岸大盘基石,港股,HKD,2800.HK,4.030344337488012,-37.85233655294755
2800.HK,2026-05,2026-05-04,2026-05-29,26.260000228881836,27.040000915527344,24.979999542236328,25.399999618530273,25.399999618530273,13551075504,352309555997.4888,-775365984.6211014,-8387383548,38.259130971783996,19,盈富基金,离岸大盘基石,港股,HKD,2800.HK,-1.9305019589354488,7.139224757630269
2800.HK,2026-06,2026-06-01,2026-06-30,25.399999618530273,26.360000610351562,22.920000076293945,23.280000686645508,23.280000686645508,16831176115,415258673013.4409,-177467351482.15005,-15645974845,24.00578264510429,21,盈富基金,离岸大盘基石,港股,HKD,2800.HK,-8.346452613086441,17.867558782992777
2800.HK,2026-07,2026-07-02,2026-07-31,23.399999618530273,26.479999542236328,23.31999969482422,26.399999618530273,26.399999618530273,15655712407,391022282327.95764,214393971900.5327,-7120744366,63.08829967358055,22,盈富基金,离岸大盘基石,港股,HKD,2800.HK,13.402056872251489,-5.83645622850093
2800.HK,2026-08,2026-08-03,2026-08-31,26.399999618530273,26.68000030517578,25.579999923706055,26.079999923706055,26.079999923706055,13076751711,341644097254.4542,71611647539.87119,-4422014638,38.010382054288456,21,盈富基金,离岸大盘基石,港股,HKD,2800.HK,-1.2121200736670112,-12.627972191131809
2800.HK,2026-09,2026-09-01,2026-09-30,25.959999084472656,26.399999618530273,24.899999618530273,25.260000228881836,25.260000228881836,10326725088,264111354332.19952,-30311001343.29664,-5624586724,40.185853338962204,22,盈富基金,离岸大盘基石,港股,HKD,2800.HK,-3.1441706181864704,-22.69400921758319
2800.HK,2026-10,2026-10-02,2026-10-02,25.200000762939453,25.200000762939453,24.5,24.579999923706055,24.579999923706055,547978679,13469315888.012545,-13469315888.012545,-6172565403,40.225426336146825,1,盈富基金,离岸大盘基石,港股,HKD,2800.HK,-2.6920043508086744,-94.90013751128971
510300,2021-10,2021-10-08,2021-10-29,4.978000164031982,5.0879998207092285,4.913000106811523,4.980999946594238,4.506185531616211,4421229395,22072638357.551186,-700840217.4743295,-155494043,66.96529477971826,16,沪深300ETF,大盘核心,A股,CNY,510300.SS,,
510300,2021-11,2021-11-01,2021-11-30,4.956999778747559,5.015999794006348,4.826000213623047,4.910999774932861,4.44285774230957,6365330782,31456006780.819675,-13926221088.74096,-2996388175,55.67378734468274,22,沪深300ETF,大盘核心,A股,CNY,510300.SS,-1.4053524619064506,42.511313198126956
510300,2021-12,2021-12-01,2021-12-31,4.910999774932861,5.2270002365112305,4.9029998779296875,5.007999897003174,4.530611515045166,9475278267,47656849262.60515,13162341446.286903,-389113908,37.13089111965113,23,沪深300ETF,大盘核心,A股,CNY,510300.SS,1.975165036231341,51.5031758311546
510300,2022-01,2022-01-04,2022-01-28,5.025000095367432,5.0269999504089355,4.550000190734863,4.553999900817871,4.184182167053223,10270567167,49319794548.06328,-9327876950.086353,-2405310457,28.24803445674432,19,沪深300ETF,大盘核心,A股,CNY,510300.SS,-7.64641476854786,3.489415081334357
510300,2022-02,2022-02-07,2022-02-28,4.625,4.663000106811523,4.488999843597412,4.571000099182129,4.199801921844482,6997457108,32185156389.632515,4987559107.844818,-1339821911,62.38224371850305,16,沪深300ETF,大盘核心,A股,CNY,510300.SS,0.3733048459087618,-34.74190903559556
510300,2022-03,2022-03-01,2022-03-31,4.5879998207092285,4.617000102996826,3.941999912261963,4.2179999351501465,3.8754680156707764,11571186578,49014567642.23122,-6830529562.77438,-2989857011,61.623184365529234,23,沪深300ETF,大盘核心,A股,CNY,510300.SS,-7.7226000704162745,52.28935677323536
510300,2022-04,2022-04-01,2022-04-29,4.186999797821045,4.289000034332275,3.759999990463257,4.014999866485596,3.688952922821045,12994143532,51984374709.2549,-4390723495.5156555,-4180614039,45.06639428298332,19,沪深300ETF,大盘核心,A股,CNY,510300.SS,-4.812711447895901,6.059029406728622
510300,2022-05,2022-05-05,2022-05-31,3.9800000190734863,4.103000164031982,3.808000087738037,4.089000225067139,3.756943941116333,8595039374,34274702384.19912,6384327390.109758,-2619432597,58.075209112322796,19,沪深300ETF,大盘核心,A股,CNY,510300.SS,1.8430980204348524,-34.06729892223343
510300,2022-06,2022-06-01,2022-06-30,4.089000225067139,4.545000076293945,4.058000087738037,4.507999897003174,4.1419172286987305,10670168314,45895672458.933,19551461026.972668,1879409633,69.30683365771633,21,沪深300ETF,大盘核心,A股,CNY,510300.SS,10.246979822328871,33.90538579874358
510300,2022-07,2022-07-01,2022-07-29,4.519999980926514,4.565000057220459,4.210999965667725,4.21999979019165,3.877305030822754,7704132399,33588688261.118607,-5986378934.832338,499357410,26.971954224399894,21,沪深300ETF,大盘核心,A股,CNY,510300.SS,-6.388640411317681,-26.815129920640256
510300,2022-08,2022-08-01,2022-08-31,4.205999851226807,4.2870001792907715,4.105999946594238,4.140999794006348,3.804720401763916,6773717786,28407915294.832108,-3521230147.447975,-372165162,46.00408511981322,23,沪深300ETF,大盘核心,A股,CNY,510300.SS,-1.8720381420038956,-15.42415984218004
510300,2022-09,2022-09-01,2022-09-30,4.130000114440918,4.195000171661377,3.865000009536743,3.868000030517578,3.5538904666900635,8696734756,34778979605.6149,-14645349577.605192,-4079219112,16.850193975518607,21,沪深300ETF,大盘核心,A股,CNY,510300.SS,-6.592598366953972,22.42707444267056
510300,2022-10,2022-10-10,2022-10-31,3.867000102996826,3.930000066757202,3.552000045776367,3.565000057220459,3.275496244430542,8797494757,33082322896.235027,-16500508469.85287,-8541855595,44.54227741158849,16,沪深300ETF,大盘核心,A股,CNY,510300.SS,-7.83350598080772,-4.878397033551707
510300,2022-11,2022-11-01,2022-11-30,3.5850000381469727,3.937999963760376,3.5799999237060547,3.9110000133514404,3.5933985710144043,15328094049,58644524778.70684,6418045994.046345,-6889672575,69.0991821527584,22,沪深300ETF,大盘核心,A股,CNY,510300.SS,9.705470648131698,77.26846135517573
510300,2022-12,2022-12-01,2022-12-30,3.9800000190734863,4.068999767303467,3.871999979019165,3.937999963760376,3.6182057857513428,15128757711,59951356110.74902,-89445624.71906328,-6986770938,43.035809619483864,22,沪深300ETF,大盘核心,A股,CNY,510300.SS,0.6903552235213217,2.2283944442784254
510300,2023-01,2023-01-03,2023-01-31,3.937000036239624,4.267000198364258,3.890000104904175,4.158999919891357,3.8812003135681152,11912586453,48825945286.00787,14137797267.397491,-3451298610,81.27544614205989,16,沪深300ETF,大盘核心,A股,CNY,510300.SS,7.268644830884319,-18.557396440188967
510300,2023-02,2023-02-01,2023-02-28,4.164000034332275,4.204999923706055,4.019999980926514,4.071000099182129,3.7990787029266357,13163553299,54111596809.734955,-9885720309.254711,-5907003252,44.19969884579826,20,沪深300ETF,大盘核心,A股,CNY,510300.SS,-2.115881789311269,10.825497576678345
510300,2023-03,2023-03-01,2023-03-31,4.066999912261963,4.136000156402588,3.9260001182556152,4.050000190734863,3.7794816493988037,13204036071,53104472492.97278,-1499672301.6656055,-6308797011,68.33391081904983,23,沪深300ETF,大盘核心,A股,CNY,510300.SS,-0.5158369978683353,-1.861198663760355
510300,2023-04,2023-04-03,2023-04-28,4.050000190734863,4.163000106811523,3.9240000247955322,4.025000095367432,3.7561511993408203,10075588828,40853221082.42449,-9912236610.695929,-8813495943,31.049184522696777,19,沪深300ETF,大盘核心,A股,CNY,510300.SS,-0.6172923226573812,-23.07009341288433
510300,2023-05,2023-05-04,2023-05-31,4.013000011444092,4.085000038146973,3.7850000858306885,3.802000045776367,3.548046350479126,11111429044,43719668329.59724,-18535174014.525055,-13558564105,27.506776227783973,20,沪深300ETF,大盘核心,A股,CNY,510300.SS,-5.54037464993995,7.016453467376471
510300,2023-06,2023-06-01,2023-06-30,3.7990000247955322,3.98799991607666,3.7829999923706055,3.881999969482422,3.6227025985717773,9362230789,36246304868.404495,8790887996.842543,-11298872878,66.14080739749221,20,沪深300ETF,大盘核心,A股,CNY,510300.SS,2.1041508683382837,-17.09382469430456
510300,2023-07,2023-07-03,2023-07-31,3.890000104904175,4.140999794006348,3.8589999675750732,4.084000110626221,3.8112103939056396,12876026237,51027631294.905075,8679018083.918491,-9235700643,64.82399802494538,21,沪深300ETF,大盘核心,A股,CNY,510300.SS,5.203512852757508,40.78022981974448
510300,2023-08,2023-08-01,2023-08-31,4.079999923706055,4.131999969482422,3.759000062942505,3.8389999866485596,3.5825748443603516,27718392782,108576288965.87976,-18312329389.47911,-13844281895,27.28337285043999,23,沪深300ETF,大盘核心,A股,CNY,510300.SS,-5.999027235832754,112.77940247389205
510300,2023-09,2023-09-01,2023-09-28,3.8570001125335693,3.930000066757202,3.734999895095825,3.7639999389648438,3.5125844478607178,17901320924,68266114926.853966,-21422573541.29315,-19533675909,42.41033902102858,20,沪深300ETF,大盘核心,A股,CNY,510300.SS,-1.95363389573876,-37.12612986035406
510300,2023-10,2023-10-09,2023-10-31,3.756999969482422,3.7850000858306885,3.51200008392334,3.6440000534057617,3.400599956512451,21254327031,77285794493.99939,-9023632772.333357,-22015766166,34.78326193049516,17,沪深300ETF,大盘核心,A股,CNY,510300.SS,-3.1880939237338146,13.212528026254123
510300,2023-11,2023-11-01,2023-11-30,3.680000066757202,3.7049999237060547,3.5450000762939453,3.562000036239624,3.3240771293640137,19020595111,69227870325.52675,-8047429946.661001,-24268231480,31.037624078771614,22,沪深300ETF,大盘核心,A股,CNY,510300.SS,-2.2502743082699173,-10.426138750631942
510300,2023-12,2023-12-01,2023-12-29,3.561000108718872,3.566999912261963,3.3519999980926514,3.499000072479248,3.2652852535247803,23365920717,80522372812.1711,22014445939.61524,-17913915325,64.61398392109108,21,沪深300ETF,大盘核心,A股,CNY,510300.SS,-1.7686676196494222,16.31496452734249
510300,2024-01,2024-01-02,2024-01-31,3.502000093460083,3.502000093460083,3.1659998893737793,3.2219998836517334,3.0711584091186523,39762169770,131310662153.67514,-44163804766.6709,-31314128933,39.8340181442788,22,沪深300ETF,大盘核心,A股,CNY,510300.SS,-5.945172606178084,63.07351307191895
510300,2024-02,2024-02-01,2024-02-29,3.200000047683716,3.5139999389648438,3.1019999980926514,3.503000020980835,3.339003086090088,27564395051,92492942418.21771,36754409844.578316,-20553586938,86.16405756179307,15,沪深300ETF,大盘核心,A股,CNY,510300.SS,8.721291489757466,-29.561742434920003
510300,2024-03,2024-03-01,2024-03-29,3.500999927520752,3.5999999046325684,3.4809999465942383,3.5260000228881836,3.360926389694214,20509424672,72738713176.94893,9121400134.176922,-18026799092,34.80650271470272,21,沪深300ETF,大盘核心,A股,CNY,510300.SS,0.6565823103146018,-21.357553046531606
510300,2024-04,2024-04-01,2024-04-30,3.5399999618530273,3.638000011444092,3.4570000171661377,3.5980000495910645,3.429555654525757,16719493387,59264122507.1842,-192874983.30049992,-18179241533,52.92980034606309,20,沪深300ETF,大盘核心,A股,CNY,510300.SS,2.041974648477418,-18.524648129236997
510300,2024-05,2024-05-06,2024-05-31,3.640000104904175,3.700000047683716,3.5799999237060547,3.5820000171661377,3.414304733276367,15285218989,55637353206.1243,5686424948.940899,-16681041264,49.85315521192534,20,沪深300ETF,大盘核心,A股,CNY,510300.SS,-0.4446908808511063,-6.11967097061169
510300,2024-06,2024-06-03,2024-06-28,3.5799999237060547,3.630000114440918,3.4590001106262207,3.486999988555908,3.3237524032592773,18274852637,64492601709.00349,-25889801573.998596,-24062351406,25.579016283923536,19,沪深300ETF,大盘核心,A股,CNY,510300.SS,-2.6521455198346033,15.91601324037184
510300,2024-07,2024-07-01,2024-07-31,3.486999988555908,3.6059999465942383,3.4170000553131104,3.507999897003174,3.343768835067749,31400456379,110257031632.42989,10100982877.84274,-21464586013,63.1766795861676,23,沪深300ETF,大盘核心,A股,CNY,510300.SS,0.6022239138163021,70.96074388488726
510300,2024-08,2024-08-01,2024-08-30,3.502000093460083,3.515000104904175,3.3399999141693115,3.3919999599456787,3.2331998348236084,26164602695,88876985993.23488,-17452856475.45345,-26635438798,45.82340480557758,22,沪深300ETF,大盘核心,A股,CNY,510300.SS,-3.3067178294309385,-19.391094901294714
510300,2024-09,2024-09-02,2024-09-30,3.38100004196167,4.239999771118164,3.2149999141693115,4.232999801635742,4.03482723236084,36253051355,129349089584.92566,87825828272.36595,-3048168293,84.06013810961892,19,沪深300ETF,大盘核心,A股,CNY,510300.SS,24.793623607894478,45.53721431864424
510300,2024-10,2024-10-08,2024-10-31,4.656000137329102,4.656000137329102,3.8459999561309814,3.9709999561309814,3.785093069076538,52858221765,215035415591.89273,20095439012.144257,686195233,54.25738514514749,18,沪深300ETF,大盘核心,A股,CNY,510300.SS,-6.189463610271573,66.2442436061436
510300,2024-11,2024-11-01,2024-11-29,3.9639999866485596,4.289999961853027,3.8940000534057617,4.000999927520752,3.8136885166168213,36732246537,150290268386.85986,11918357814.26276,3438485218,43.0215814037739,21,沪深300ETF,大盘核心,A股,CNY,510300.SS,0.7554754141688713,-30.109062280192088
510300,2024-12,2024-12-02,2024-12-31,3.996999979019165,4.197999954223633,3.9809999465942383,4.021999835968018,3.833705425262451,29823187642,120687185177.54486,25879043398.313965,9739386898,62.21609739174521,22,沪深300ETF,大盘核心,A股,CNY,510300.SS,0.5248700453226007,-19.697272170087665
510300,2025-01,2025-01-02,2025-01-27,4.019999980926514,4.020999908447266,3.7929999828338623,3.9070000648498535,3.7240893840789795,20620307691,80128629696.75076,-14410043498.33582,5952450743,65.73320808725938,18,沪深300ETF,大盘核心,A股,CNY,510300.SS,-2.8592713582308527,-33.60634803200336
510300,2025-02,2025-02-05,2025-02-28,3.930000066757202,4.089000225067139,3.878999948501587,3.99399995803833,3.807016372680664,22074608967,88611062469.6306,16918403689.78373,10123049580,67.35409577916792,18,沪深300ETF,大盘核心,A股,CNY,510300.SS,2.226772240113495,10.586020009304864
510300,2025-03,2025-03-03,2025-03-31,3.994999885559082,4.123000144958496,3.9519999027252197,3.9839999675750732,3.7974843978881836,20775902301,83876832726.69518,-7882080723.210979,8077265989,54.49516568227404,21,沪深300ETF,大盘核心,A股,CNY,510300.SS,-0.25037913839516257,-5.342707344873531
510300,2025-04,2025-04-01,2025-04-30,3.98799991607666,4.002999782562256,3.6040000915527344,3.865999937057495,3.685009002685547,30393323903,115594313691.9115,31707726215.98479,16327335677,74.61352421341614,21,沪深300ETF,大盘核心,A股,CNY,510300.SS,-2.9618395605571224,37.81435222830214
510300,2025-05,2025-05-06,2025-05-30,3.885999917984009,4.065999984741211,3.880000114440918,3.9590001106262207,3.7736551761627197,14123658750,56167409156.87977,2655220147.8878293,16990144161,40.0410179264048,19,沪深300ETF,大盘核心,A股,CNY,510300.SS,2.4055890613176256,-51.409885691626386
510300,2025-06,2025-06-03,2025-06-30,3.946000099182129,4.02400016784668,3.861999988555908,3.9820001125335693,3.8812003135681152,15350328265,60901942804.35173,16281340850.960617,21064476552,61.22364084275172,20,沪深300ETF,大盘核心,A股,CNY,510300.SS,2.8498930714372817,8.429325330367398
510300,2025-07,2025-07-01,2025-07-31,3.9800000190734863,4.264999866485596,3.9690001010894775,4.15500020980835,4.049821376800537,17907619069,73797479469.83507,18822013351.04796,25689365763,64.92998042800724,23,沪深300ETF,大盘核心,A股,CNY,510300.SS,4.344559662199021,21.174261561589947
510300,2025-08,2025-08-01,2025-08-29,4.1479997634887695,4.61299991607666,4.117000102996826,4.60099983215332,4.484530925750732,18900235388,82789763200.04028,32728676556.16207,33073908195,85.58758851780968,21,沪深300ETF,大盘核心,A股,CNY,510300.SS,10.734042529392429,12.185082464612961
510300,2025-09,2025-09-01,2025-09-30,4.60699987411499,4.755000114440918,4.415999889373779,4.741000175476074,4.620987415313721,20101362868,92655500725.95927,22658940577.97687,37851486939,71.05738620653808,22,沪深300ETF,大盘核心,A股,CNY,510300.SS,3.0428263696307356,11.916615224615335
510300,2025-10,2025-10-09,2025-10-31,4.754000186920166,4.874000072479248,4.5960001945495605,4.75600004196167,4.6356072425842285,14240297931,67373716247.62964,-5019770471.846545,36747964316,49.82928215038285,16,沪深300ETF,大盘核心,A股,CNY,510300.SS,0.316378859246802,-27.28578905757987
510300,2025-11,2025-11-03,2025-11-28,4.751999855041504,4.823999881744385,4.5329999923706055,4.635000228881836,4.517670631408691,15278570402,71639250229.7421,-4901507418.260721,35621828586,35.0621466013862,20,沪深300ETF,大盘核心,A股,CNY,510300.SS,-2.544145890793603,6.331154372477599
510300,2025-12,2025-12-01,2025-12-31,4.645999908447266,4.801000118255615,4.550000190734863,4.752999782562256,4.632683277130127,15556663191,73254964480.49704,13429406543.616795,38422092763,51.75791203215046,23,沪深300ETF,大盘核心,A股,CNY,510300.SS,2.5458395510691068,2.255347795480067
510300,2026-01,2026-01-05,2026-01-30,4.7829999923706055,4.965000152587891,4.642000198364258,4.710999965667725,4.710999965667725,65881919254,314234930147.713,-2490604818.0561085,37823748191,49.38875707508406,20,沪深300ETF,大盘核心,A股,CNY,510300.SS,1.690525422366318,328.9605931504793
510300,2026-02,2026-02-02,2026-02-27,4.679999828338623,4.7779998779296875,4.585000038146973,4.724999904632568,4.724999904632568,12961537040,60675666522.01494,-9927851421.571503,35627596749,41.68983679936469,14,沪深300ETF,大盘核心,A股,CNY,510300.SS,0.2971755267856313,-80.69098604235595
510300,2026-03,2026-03-02,2026-03-31,4.693999767303467,4.750999927520752,4.40500020980835,4.4629998207092285,4.4629998207092285,15541383132,71455897747.29486,-7434847376.348683,33905919725,16.995188920611938,22,沪深300ETF,大盘核心,A股,CNY,510300.SS,-5.544975433046362,17.766976191960794
510300,2026-04,2026-04-01,2026-04-30,4.519999980926514,4.841000080108643,4.431000232696533,4.823999881744385,4.823999881744385,16379320939,77264618915.76875,16453825666.535847,37296452228,86.7372955350808,21,沪深300ETF,大盘核心,A股,CNY,510300.SS,8.088731246639135,8.129099698693242
510300,2026-05,2026-05-06,2026-05-29,4.866000175476074,5.040999889373779,4.789000034332275,4.922999858856201,4.922999858856201,21055358001,103459690670.2982,28670612656.15732,43075834249,47.52388574638322,18,沪深300ETF,大盘核心,A股,CNY,510300.SS,2.05223838181392,33.90306212871692
510300,2026-06,2026-06-01,2026-06-30,4.922999858856201,5.09499979019165,4.704999923706055,5.019000053405762,5.019000053405762,25568978584,126578854139.22482,49062125428.63899,52757362883,59.94200744596694,21,沪深300ETF,大盘核心,A股,CNY,510300.SS,1.9500344769838085,22.34605895217876
510300,2026-07,2026-07-01,2026-07-31,5.008999824523926,5.053999900817871,4.535999774932861,4.6529998779296875,4.6529998779296875,33683865111,159691947712.2769,6052722886.034714,53904579310,54.1638751033825,23,沪深300ETF,大盘核心,A股,CNY,510300.SS,-7.292292719298066,26.16005161227861
510300,2026-08,2026-08-03,2026-08-31,4.624000072479248,4.802999973297119,4.586999893188477,4.684999942779541,4.684999942779541,17881424295,83925539075.59074,-1684937676.4924388,53478477047,53.881605927961125,21,沪深300ETF,大盘核心,A股,CNY,510300.SS,0.6877297590665687,-47.4453532079134
510300,2026-09,2026-09-01,2026-09-30,4.683000087738037,4.704999923706055,4.396999835968018,4.432000160217285,4.432000160217285,14352116579,65602361290.236374,-16293933419.928902,49873713184,30.603886317095032,21,沪深300ETF,大盘核心,A股,CNY,510300.SS,-5.400208871980361,-21.83266022140281
510500,2021-10,2021-10-08,2021-10-29,7.026430130004883,7.052619934082031,6.759270191192627,6.892849922180176,6.507085800170898,3337165181,23035287388.763336,1430593001.3604693,200566637,57.049822111081305,16,中证500ETF,中盘成长,A股,CNY,510500.SS,,
510500,2021-11,2021-11-01,2021-11-30,6.8684000968933105,7.146039962768555,6.796810150146484,7.109370231628418,6.711488246917725,3738846874,26100916766.205067,3866060090.6460485,736674019,65.81908046758957,22,中证500ETF,中盘成长,A股,CNY,510500.SS,3.141228700894927,13.308405168572591
510500,2021-12,2021-12-01,2021-12-31,7.104129791259766,7.235960006713867,7.028170108795166,7.209770202636719,6.806269645690918,4130707506,29519353086.417526,-3111663366.9850183,288654941,36.11022870212518,23,中证500ETF,中盘成长,A股,CNY,510500.SS,1.4122262497698879,13.096997131681531
510500,2022-01,2022-01-04,2022-01-28,7.233339786529541,7.236839771270752,6.378610134124756,6.444089889526367,6.083441257476807,4920184882,33811636631.15685,-15672926773.773157,-2040455925,12.809151737014218,19,中证500ETF,中盘成长,A股,CNY,510500.SS,-10.620037492516,14.540574558574226
510500,2022-02,2022-02-07,2022-02-28,6.504330158233643,6.770619869232178,6.473780155181885,6.718239784240723,6.342248439788818,3691049594,24544954339.924538,8172999315.819155,-818670063,54.76055251821611,16,中证500ETF,中盘成长,A股,CNY,510500.SS,4.254289165592362,-27.40678421550651
510500,2022-03,2022-03-01,2022-03-31,6.727839946746826,6.776730060577393,5.70373010635376,6.208370208740234,5.8609137535095215,7130296645,44460262427.268524,2069003867.0488367,-511504946,45.85206186610013,23,中证500ETF,中盘成长,A股,CNY,510500.SS,-7.58933824256377,81.13809384827407
510500,2022-04,2022-04-01,2022-04-29,6.159470081329346,6.260749816894531,5.072509765625,5.541339874267578,5.23121452331543,4742057045,26949646606.417652,-3689146520.0913267,-1234859753,40.55170922124749,19,中证500ETF,中盘成长,A股,CNY,510500.SS,-10.744045325987395,-39.38486834056831
510500,2022-05,2022-05-05,2022-05-31,5.521259784698486,5.958670139312744,5.406020164489746,5.9429497718811035,5.610347747802734,4281499874,24366166951.9711,11830467849.911585,815468839,62.74524007563352,19,中证500ETF,中盘成长,A股,CNY,510500.SS,7.247518196730707,-9.586321083079941
510500,2022-06,2022-06-01,2022-06-30,5.9324798583984375,6.478139877319336,5.880970001220703,6.413539886474609,6.054601669311523,4495742440,27933476468.605106,7432541161.563866,1983879227,64.54370244169934,21,中证500ETF,中盘成长,A股,CNY,510500.SS,7.918473889301758,14.640421382918545
510500,2022-07,2022-07-01,2022-07-29,6.400440216064453,6.511320114135742,6.170820236206055,6.280829906463623,5.929318428039551,3436929757,21765667033.03404,329116368.9218564,2029633964,48.86759362764736,21,中证500ETF,中盘成长,A股,CNY,510500.SS,-2.069223511548013,-22.080350229600565
510500,2022-08,2022-08-01,2022-08-31,6.271230220794678,7.302999973297119,6.0660600662231445,6.1570000648498535,5.8124189376831055,3325003253,21103235992.71513,1028882338.908021,2151108595,42.798283401789725,23,中证500ETF,中盘成长,A股,CNY,510500.SS,-1.9715502173678456,-3.043467674634226
510500,2022-09,2022-09-01,2022-09-30,6.150000095367432,6.35099983215332,5.710999965667725,5.7129998207092285,5.3932671546936035,3723853166,22416083100.33272,-4068573598.380688,1451421833,25.97951344707387,21,中证500ETF,中盘成长,A股,CNY,510500.SS,-7.211314041251482,6.221070114890392
510500,2022-10,2022-10-10,2022-10-31,5.7210001945495605,6.079999923706055,5.591000080108643,5.814000129699707,5.488614559173584,3546621737,20875732418.192715,1537132364.7587423,1710480783,49.824657433557704,16,中证500ETF,中盘成长,A股,CNY,510500.SS,1.767896930471946,-6.871631744250372
510500,2022-11,2022-11-01,2022-11-30,5.823999881744385,6.2789998054504395,5.789999961853027,6.1570000648498535,5.8124189376831055,6406394379,39309463404.292725,-2571095935.1125655,1305764176,48.77856914285095,22,中证500ETF,中盘成长,A股,CNY,510500.SS,5.899564908749522,88.30219997472012
510500,2022-12,2022-12-01,2022-12-30,6.239999771118164,6.263999938964844,5.758999824523926,5.88700008392334,5.557529449462891,5995770679,36064068085.034225,-15679642804.540905,-1312969313,29.314751364303746,22,中证500ETF,中盘成长,A股,CNY,510500.SS,-4.385256653950287,-8.256015315905053
510500,2023-01,2023-01-03,2023-01-31,5.872000217437744,6.381999969482422,5.849999904632568,6.302999973297119,5.950247287750244,4219363043,25880499654.16475,17883353411.201054,1575612668,78.06725684686384,16,中证500ETF,中盘成长,A股,CNY,510500.SS,7.066410387178568,-28.23743679403552
510500,2023-02,2023-02-01,2023-02-28,6.317999839782715,6.447999954223633,6.235000133514404,6.372000217437744,6.01538610458374,6676558216,42434098439.75449,-1448728784.1939187,1330692870,61.792141018202464,20,中证500ETF,中盘成长,A股,CNY,510500.SS,1.0947245330054978,63.961666145521654
510500,2023-03,2023-03-01,2023-03-31,6.369999885559082,6.432000160217285,6.145999908447266,6.359000205993652,6.003114223480225,5572745194,35078749132.88579,3552489206.9158688,1888773098,69.41859416764883,23,中证500ETF,中盘成长,A股,CNY,510500.SS,-0.20400820313369872,-17.333582136336446
510500,2023-04,2023-04-03,2023-04-28,6.369999885559082,6.486999988555908,6.063000202178955,6.2769999504089355,5.9257025718688965,4400155888,27991549458.239143,-1765198197.5065413,1612870026,44.588938363119055,19,中证500ETF,中盘成长,A股,CNY,510500.SS,-1.289524882077786,-20.203684138789612
510500,2023-05,2023-05-04,2023-05-31,6.260000228881836,6.290999889373779,5.959000110626221,6.0920000076293945,5.75105619430542,3357694837,20610434976.355053,-3858881503.1408343,972797979,48.80415963333425,20,中证500ETF,中盘成长,A股,CNY,510500.SS,-2.947268706880024,-26.369081471877955
510500,2023-06,2023-06-01,2023-06-30,6.093999862670898,6.230999946594238,5.935999870300293,6.09499979019165,5.7538886070251465,3873228159,23544711579.530636,6897599959.026661,2094452632,68.99380257884914,20,中证500ETF,中盘成长,A股,CNY,510500.SS,0.049250305057557675,14.236849472327373
510500,2023-07,2023-07-03,2023-07-31,6.104000091552734,6.252999782562256,6.0,6.196000099182129,5.849236011505127,3318004652,20239138781.661583,-829725200.4927654,1946296954,46.324750367178886,21,中证500ETF,中盘成长,A股,CNY,510500.SS,1.6570950706895404,-14.039555280612825
510500,2023-08,2023-08-01,2023-08-31,6.196000099182129,6.28000020980835,5.6579999923706055,5.8460001945495605,5.518823623657227,7426322440,44192518604.893425,633148735.9338961,2090888148,39.61591287127228,23,中证500ETF,中盘成长,A股,CNY,510500.SS,-5.64881272012272,118.35177416212832
510500,2023-09,2023-09-01,2023-09-28,5.859000205993652,5.940000057220459,5.703000068664551,5.791999816894531,5.467845916748047,6258337782,36421489255.725815,-974624938.293478,1905704672,50.72609107053041,20,中证500ETF,中盘成长,A股,CNY,510500.SS,-0.9237060356605098,-17.58449075655789
510500,2023-10,2023-10-09,2023-10-31,5.789999961853027,5.791999816894531,5.35699987411499,5.626999855041504,5.312080383300781,4729549948,26390597052.536995,-1216486828.5975695,1706501606,50.80686564533111,17,中证500ETF,中盘成长,A股,CNY,510500.SS,-2.848754990885072,-27.54113686224916
510500,2023-11,2023-11-01,2023-11-30,5.6529998779296875,5.798999786376953,5.559000015258789,5.63700008392334,5.321521282196045,4753519111,27036746546.514027,1107982913.817954,1887257887,50.905976710953176,22,中证500ETF,中盘成长,A股,CNY,510500.SS,0.17772507594091547,2.4484080170323885
510500,2023-12,2023-12-01,2023-12-29,5.63100004196167,5.688000202178955,5.321000099182129,5.519000053405762,5.210124492645264,5336641563,29442469964.39127,-236724572.8238101,1818494000,30.389954162612938,21,中证500ETF,中盘成长,A股,CNY,510500.SS,-2.093326017946706,8.89797673598942
510500,2024-01,2024-01-02,2024-01-31,5.52400016784668,5.53000020980835,4.776000022888184,4.7829999923706055,4.515315055847168,5895456326,30413984259.51256,-10018899305.84488,-101136110,40.02065873821711,22,中证500ETF,中盘成长,A股,CNY,510500.SS,-13.335754985872317,3.299703782652319
510500,2024-02,2024-02-01,2024-02-29,4.75600004196167,5.474999904632568,4.35099983215332,5.431000232696533,5.127049922943115,13332422215,66797610425.446434,-5999464407.926275,-1773634035,52.5316327424593,15,中证500ETF,中盘成长,A股,CNY,510500.SS,13.547999630806995,119.62795093034937
510500,2024-03,2024-03-01,2024-03-29,5.422999858856201,5.624000072479248,5.232999801635742,5.370999813079834,5.070407390594482,7962833778,43429731678.061356,-15038877901.286047,-4563318075,39.71131885240037,21,中证500ETF,中盘成长,A股,CNY,510500.SS,-1.1047782486993563,-34.983105830509054
510500,2024-04,2024-04-01,2024-04-30,5.38700008392334,5.585999965667725,5.260000228881836,5.5289998054504395,5.219564437866211,6639783458,36010634209.449295,1841069240.7030702,-4266050265,70.16799507609576,20,中证500ETF,中盘成长,A股,CNY,510500.SS,2.941717218786244,-17.082991724675644
510500,2024-05,2024-05-06,2024-05-31,5.599999904632568,5.665999889373779,5.294000148773193,5.335000038146973,5.117176055908203,6498730843,35746169833.15202,-14780918121.737953,-6966462470,33.65675787995764,20,中证500ETF,中盘成长,A股,CNY,510500.SS,-1.9616269360564598,-0.7344063277504698
510500,2024-06,2024-06-03,2024-06-28,5.328999996185303,5.381999969482422,4.964000225067139,4.995999813079834,4.792016506195068,5971083472,30725961264.928406,-7594673141.459475,-8473062454,32.88384537335766,19,中证500ETF,中盘成长,A股,CNY,510500.SS,-6.354277166948574,-14.044046094045392
510500,2024-07,2024-07-01,2024-07-31,4.995999813079834,5.078000068664551,4.708000183105469,4.974999904632568,4.77187442779541,7316293900,35947817337.8158,-9805401440.934967,-10517903152,39.97873914650027,23,中证500ETF,中盘成长,A股,CNY,510500.SS,-0.4203257307986874,16.994931510402544
510500,2024-08,2024-08-01,2024-08-30,4.974999904632568,5.01200008392334,4.547999858856201,4.711999893188477,4.5196123123168945,6941068364,32855426300.99197,1257092514.0396152,-10245627640,42.820176370951444,22,中证500ETF,中盘成长,A股,CNY,510500.SS,-5.286436583685628,-8.602444503830142
510500,2024-09,2024-09-02,2024-09-30,4.699999809265137,6.041999816894531,4.4629998207092285,5.994999885559082,5.750227928161621,8923210570,45209055340.03077,24233518221.081192,-5894180006,86.74724432095671,19,中证500ETF,中盘成长,A股,CNY,510500.SS,27.228344619095758,37.599965758672326
510500,2024-10,2024-10-08,2024-10-31,6.59499979019165,6.59499979019165,5.485000133514404,6.0,5.755024433135986,14130240089,82785475519.21071,16522308170.393478,-3383064131,58.61611659478629,18,中证500ETF,中盘成长,A股,CNY,510500.SS,0.08341417130397488,83.11702135016203
510500,2024-11,2024-11-01,2024-11-29,5.991000175476074,6.48199987411499,5.699999809265137,5.943999767303467,5.701310634613037,8984519882,54862639586.64083,-2510164120.0213876,-3846060527,49.81190732469818,21,中证500ETF,中盘成长,A股,CNY,510500.SS,-0.9333374540284933,-33.729148449585544
510500,2024-12,2024-12-02,2024-12-31,5.946000099182129,6.2829999923706055,5.808000087738037,5.810999870300293,5.5737409591674805,9202799101,55324062841.634415,1317814206.5626955,-3691879588,35.683149827329444,22,中证500ETF,中盘成长,A股,CNY,510500.SS,-2.2375499884372707,0.8410518678469536
510500,2025-01,2025-01-02,2025-01-27,5.807000160217285,5.809000015258789,5.409999847412109,5.585000038146973,5.445296764373779,6956806677,38807284758.76764,-9102990212.756647,-5347298503,41.7883246801689,18,中证500ETF,中盘成长,A股,CNY,510500.SS,-2.3044521755615666,-29.85460075509311
510500,2025-02,2025-02-05,2025-02-28,5.638000011444092,6.070000171661377,5.581999778747559,5.867000102996826,5.720242977142334,6110759426,36113824758.04047,6087621925.813586,-4293883729,67.3321896989564,18,中证500ETF,中盘成长,A股,CNY,510500.SS,5.0492420278617,-6.940604109435011
510500,2025-03,2025-03-03,2025-03-31,5.867000102996826,6.165999889373779,5.796000003814697,5.854000091552734,5.707568168640137,5276027360,31672779315.29181,2621074924.847177,-3874479675,49.4345650433948,21,中证500ETF,中盘成长,A股,CNY,510500.SS,-0.22157814891509142,-12.297355576439994
510500,2025-04,2025-04-01,2025-04-30,5.863999843597412,5.938000202178955,5.138999938964844,5.625999927520752,5.485271453857422,8206832940,44988698766.24899,20344039492.388348,-111199711,49.266346592962456,21,中证500ETF,中盘成长,A股,CNY,510500.SS,-3.8947710866443885,42.0421565104903
510500,2025-05,2025-05-06,2025-05-30,5.65500020980835,5.84499979019165,5.632999897003174,5.693999767303467,5.551570415496826,3615476199,20697508243.599827,899612442.5207582,31391452,36.59441107498817,19,中证500ETF,中盘成长,A股,CNY,510500.SS,1.2086723910952557,-53.99398335315419
510500,2025-06,2025-06-03,2025-06-30,5.679999828338623,5.9679999351501465,5.660999774932861,5.9629998207092285,5.813841342926025,4125517038,23954290121.950592,6724963987.619099,1168547712,67.02271949349006,20,中证500ETF,中盘成长,A股,CNY,510500.SS,4.724265528490612,15.735139901963047
510500,2025-07,2025-07-01,2025-07-31,5.949999809265137,6.440999984741211,5.928999900817871,6.296999931335449,6.139487266540527,4133543440,25582526607.603706,5554241010.723108,2039398964,80.52273166519866,23,中证500ETF,中盘成长,A股,CNY,510500.SS,5.601217928155733,6.797264612575904
510500,2025-08,2025-08-01,2025-08-29,6.28000020980835,7.179999828338623,6.25,7.140999794006348,6.962375164031982,6491458408,44262277956.317276,21658466269.47895,5145161960,88.12290120293095,21,中证500ETF,中盘成长,A股,CNY,510500.SS,13.403202283293192,73.01761720111541
510500,2025-09,2025-09-01,2025-09-30,7.160999774932861,7.5329999923706055,6.689000129699707,7.519000053405762,7.330920219421387,5609854251,40483448431.367874,4283294746.0874567,5677571027,61.67584547654277,22,中证500ETF,中盘成长,A股,CNY,510500.SS,5.293381162413202,-8.537358896617908
510500,2025-10,2025-10-09,2025-10-31,7.552999973297119,7.677999973297119,7.1020002365112305,7.435999870300293,7.249996185302734,4561046728,33591172638.47444,-4709333507.869893,5035110209,22.596624521481743,16,中证500ETF,中盘成长,A股,CNY,510500.SS,-1.1038727976368512,-17.02492267816068
510500,2025-11,2025-11-03,2025-11-28,7.427000045776367,7.501999855041504,6.9029998779296875,7.135000228881836,6.9565253257751465,5312049437,38134000125.19249,-2482378600.994159,4688606632,37.083818636778624,20,中证500ETF,中盘成长,A股,CNY,510500.SS,-4.047876054369725,13.523872880563914
510500,2025-12,2025-12-01,2025-12-31,7.1519999504089355,7.625,7.059999942779541,7.5879998207092285,7.398193836212158,6015345749,44240707311.52632,19900643274.8017,7349454337,81.93406977287016,23,中证500ETF,中盘成长,A股,CNY,510500.SS,6.348981564123002,16.013812257528027
510500,2026-01,2026-01-05,2026-01-30,7.642000198364258,8.786999702453613,7.639999866485596,8.4399995803833,8.290521621704102,23270462950,195958787798.66113,-285325781.69059753,7259082881,36.7156687716495,20,中证500ETF,中盘成长,A股,CNY,510500.SS,12.061427494968303,342.937737000436
510500,2026-02,2026-02-02,2026-02-27,8.329999923706055,8.73900032043457,8.045000076293945,8.737000465393066,8.58226203918457,11119102216,92856623589.09892,7563284430.223218,7969573271,56.91654667763211,14,中证500ETF,中盘成长,A股,CNY,510500.SS,3.518963351072024,-52.61420800147787
510500,2026-03,2026-03-02,2026-03-31,8.682000160217285,8.77299976348877,7.436999797821045,7.683000087738037,7.546928882598877,10436458614,84607372179.45953,-22705558302.309242,5232833343,22.885612292295022,22,中证500ETF,中盘成长,A股,CNY,510500.SS,-12.063639537672099,-8.883858889962726
510500,2026-04,2026-04-01,2026-04-30,7.815000057220459,8.473999977111816,7.580999851226807,8.430000305175781,8.280698776245117,11929814074,97678974597.31386,24893972685.121136,8191635573,67.64948618899257,21,中证500ETF,中盘成长,A股,CNY,510500.SS,9.722761471068186,15.449720374399911
510500,2026-05,2026-05-06,2026-05-29,8.519000053405762,9.048999786376953,8.38700008392334,8.442999839782715,8.293468475341797,12121569645,105699016388.56302,14378729847.717426,9794188624,29.042711135103815,18,中证500ETF,中盘成长,A股,CNY,510500.SS,0.15421040472227698,8.210612185797572
510500,2026-06,2026-06-01,2026-06-30,8.434000015258789,9.20300006866455,7.982999801635742,9.194000244140625,9.031167984008789,7180259125,61498259716.802,13970884112.030476,11325413121,66.10991925108803,21,中证500ETF,中盘成长,A股,CNY,510500.SS,8.894945593153537,-41.8175666926487
510500,2026-07,2026-07-01,2026-07-31,9.201000213623047,9.305000305175781,7.21999979019165,7.5,7.5,14263900863,113497429877.22845,-30544587544.10588,7466802758,34.34054769423085,23,中证500ETF,中盘成长,A股,CNY,510500.SS,-16.954263133184778,84.55388884154019
510500,2026-08,2026-08-03,2026-08-31,7.460999965667725,8.222999572753906,7.416999816894531,7.9670000076293945,7.9670000076293945,7766980650,61108796405.54297,19459125619.458397,9918362236,39.95554527609079,21,中证500ETF,中盘成长,A股,CNY,510500.SS,6.22666676839192,-46.15843154189033
510500,2026-09,2026-09-01,2026-09-30,7.9670000076293945,7.9670000076293945,7.390999794006348,7.4720001220703125,7.4720001220703125,8009496797,61763375433.71948,-17267169940.731354,7641260759,52.78080762708221,21,中证500ETF,中盘成长,A股,CNY,510500.SS,-6.213127715389211,1.0711698915365053
510900,2021-10,2021-10-08,2021-10-29,0.9649999737739563,1.0149999856948853,0.949999988079071,0.9679999947547913,0.9679999947547913,10937284399,10723874870.792784,-1282079756.697204,-1367628993,40.865697643968076,16,H股ETF,国企价值,港股,CNY,510900.SS,,
510900,2021-11,2021-11-01,2021-11-30,0.9670000076293945,0.9900000095367432,0.8970000147819519,0.9010000228881836,0.9010000228881836,12439206697,11869366516.537476,-4858562709.463528,-6538767240,30.69180925078865,22,H股ETF,国企价值,港股,CNY,510900.SS,-6.921484734468386,10.681695371740286
510900,2021-12,2021-12-01,2021-12-31,0.906000018119812,0.9390000104904175,0.8690000176429749,0.8920000195503235,0.8920000195503235,11654438843,10479406265.112642,-1773763112.2377152,-8567152561,35.41752787654721,23,H股ETF,国企价值,港股,CNY,510900.SS,-0.9988904671733856,-11.710483870290933
510900,2022-01,2022-01-04,2022-01-28,0.8930000066757202,0.9449999928474426,0.8600000143051147,0.8880000114440918,0.8880000114440918,10152417683,9185955323.152262,-1367918543.2194834,-10158929964,47.19258134234455,19,H股ETF,国企价值,港股,CNY,510900.SS,-0.4484313922154648,-12.34278841031723
510900,2022-02,2022-02-07,2022-02-28,0.921999990940094,0.9480000138282776,0.8410000205039978,0.8519999980926514,0.8519999980926514,8364661525,7516802774.133211,-2809208633.5822153,-13417953109,33.04062938296484,16,H股ETF,国企价值,港股,CNY,510900.SS,-4.0540555053480425,-18.17070179747252
510900,2022-03,2022-03-01,2022-03-31,0.8569999933242798,0.8659999966621399,0.6570000052452087,0.800000011920929,0.800000011920929,24891264064,19076662650.275276,-2776270578.374321,-17454713899,52.13966422203034,23,H股ETF,国企价值,港股,CNY,510900.SS,-6.103284775602502,153.78692541890024
510900,2022-04,2022-04-01,2022-04-29,0.7850000262260437,0.8190000057220459,0.7329999804496765,0.7979999780654907,0.7979999780654907,9166758631,7088898995.02383,711775372.2804127,-16559266990,41.083463332125014,19,H股ETF,国企价值,港股,CNY,510900.SS,-0.2500042282044257,-62.839941529701804
510900,2022-05,2022-05-05,2022-05-31,0.8019999861717224,0.8270000219345093,0.7319999933242798,0.824999988079071,0.824999988079071,9506559304,7409970243.974743,440154919.40544003,-16091073186,68.7962845425334,19,H股ETF,国企价值,港股,CNY,510900.SS,3.383459994451843,4.529211788407395
510900,2022-06,2022-06-01,2022-06-30,0.8259999752044678,0.8889999985694885,0.8090000152587891,0.8659999966621399,0.8659999966621399,11403203340,9650454848.06704,2897808098.8114543,-12716111646,51.364079254443496,21,H股ETF,国企价值,港股,CNY,510900.SS,4.969698081879148,30.23608098715509
510900,2022-07,2022-07-01,2022-07-29,0.8690000176429749,0.8830000162124634,0.7860000133514404,0.7889999747276306,0.7889999747276306,10551184958,8764159133.272608,-2606009559.370785,-15985268301,26.9185278677309,21,H股ETF,国企价值,港股,CNY,510900.SS,-8.891457532481951,-9.18397866989611
510900,2022-08,2022-08-01,2022-08-31,0.7870000004768372,0.8180000185966492,0.7599999904632568,0.8090000152587891,0.8090000152587891,9590994726,7553496114.351452,1454425060.7769744,-14209772273,56.12257538903675,23,H股ETF,国企价值,港股,CNY,510900.SS,2.5348594641036115,-13.81379548809133
510900,2022-09,2022-09-01,2022-09-30,0.8009999990463257,0.8069999814033508,0.7200000286102295,0.722000002861023,0.722000002861023,10183345065,7776899038.703663,-2862613319.7046223,-18009241138,31.08599868174494,21,H股ETF,国企价值,港股,CNY,510900.SS,-10.754018634960827,2.9576095753561127
510900,2022-10,2022-10-10,2022-10-31,0.7250000238418579,0.7310000061988831,0.6169999837875366,0.6230000257492065,0.6230000257492065,14937814998,10010207975.734,-2913184327.382889,-22443751554,33.461789750128645,16,H股ETF,国企价值,港股,CNY,510900.SS,-13.711908132896887,28.71721653985375
510900,2022-11,2022-11-01,2022-11-30,0.6290000081062317,0.7730000019073486,0.6290000081062317,0.7710000276565552,0.7710000276565552,21737412029,15528615574.334547,3121551249.541132,-18055022917,70.81928717322754,22,H股ETF,国企价值,港股,CNY,510900.SS,23.75601858593297,55.12780165984423
510900,2022-12,2022-12-01,2022-12-30,0.796999990940094,0.8259999752044678,0.7689999938011169,0.8080000281333923,0.8080000281333923,13168347288,10505069043.336098,770758650.3230665,-17143218802,60.290550021683934,22,H股ETF,国企价值,港股,CNY,510900.SS,4.798962276213947,-32.35025367812755
510900,2023-01,2023-01-03,2023-01-31,0.8009999990463257,0.8939999938011169,0.7829999923706055,0.8489999771118164,0.8489999771118164,8336752380,7055417100.555851,1882519139.9616003,-14925590134,56.80027752290036,16,H股ETF,国企价值,港股,CNY,510900.SS,5.074250934513014,-32.83797496760421
510900,2023-02,2023-02-01,2023-02-28,0.859000027179718,0.8769999742507935,0.7839999794960022,0.7889999747276306,0.7889999747276306,9343306911,7724331590.86285,-2821208790.509155,-18415690233,26.150956496376494,20,H股ETF,国企价值,港股,CNY,510900.SS,-7.067138280533025,9.480863863517008
510900,2023-03,2023-03-01,2023-03-31,0.7879999876022339,0.8429999947547913,0.7580000162124634,0.8209999799728394,0.8209999799728394,13848589972,10977026402.642395,2596573662.3162413,-15216382233,65.12004627451238,23,H股ETF,国企价值,港股,CNY,510900.SS,4.055767588111192,42.109725269008045
510900,2023-04,2023-04-03,2023-04-28,0.8180000185966492,0.8289999961853027,0.7760000228881836,0.7979999780654907,0.7979999780654907,7284314183,5865533201.775442,-2130928224.7959998,-17889257452,45.840259301103416,19,H股ETF,国企价值,港股,CNY,510900.SS,-2.8014619328138757,-46.565372199856526
510900,2023-05,2023-05-04,2023-05-31,0.7820000052452087,0.8169999718666077,0.7409999966621399,0.7450000047683716,0.7450000047683716,9067517227,7154720649.63763,-1875683055.4885037,-20338078391,36.14016577812207,20,H股ETF,国企价值,港股,CNY,510900.SS,-6.641600846356099,21.9790324854348
510900,2023-06,2023-06-01,2023-06-30,0.746999979019165,0.8410000205039978,0.7459999918937683,0.8019999861717224,0.8019999861717224,8615484007,6900466620.95234,1660153779.488423,-18233722832,48.40453073121977,20,H股ETF,国企价值,港股,CNY,510900.SS,7.651004166244624,-3.553654169547038
510900,2023-07,2023-07-03,2023-07-31,0.8050000071525574,0.875,0.781000018119812,0.8679999709129333,0.8679999709129333,9005608771,7335390566.734583,1403016319.7411947,-16628297791,73.07455037623383,21,H股ETF,国企价值,港股,CNY,510900.SS,8.22942467321679,6.3028193551672995
510900,2023-08,2023-08-01,2023-08-31,0.8690000176429749,0.878000020980835,0.7649999856948853,0.8040000200271606,0.8040000200271606,11805667924,9581400648.194315,-768508146.735121,-17562455371,51.97185277808836,23,H股ETF,国企价值,港股,CNY,510900.SS,-7.373266478161245,30.618820648013067
510900,2023-09,2023-09-01,2023-09-28,0.8159999847412109,0.8299999833106995,0.7689999938011169,0.7710000276565552,0.7710000276565552,6988066522,5578799327.089391,-836556016.5218203,-18662233811,30.680291076748375,20,H股ETF,国企价值,港股,CNY,510900.SS,-4.104476560770564,-41.77469942100004
510900,2023-10,2023-10-09,2023-10-31,0.7730000019073486,0.8040000200271606,0.7400000095367432,0.7549999952316284,0.7549999952316284,6922861834,5317778590.382403,-763097661.8757186,-19719739577,32.83382914348135,17,H股ETF,国企价值,港股,CNY,510900.SS,-2.0752311090777353,-4.678797737705487
510900,2023-11,2023-11-01,2023-11-30,0.7580000162124634,0.7910000085830688,0.7250000238418579,0.7329999804496765,0.7329999804496765,9551268022,7280244394.87576,-631722219.1040152,-20614062239,35.9520348487938,22,H股ETF,国企价值,港股,CNY,510900.SS,-2.913909261046088,36.903864482861735
510900,2023-12,2023-12-01,2023-12-29,0.7319999933242798,0.7319999933242798,0.6859999895095825,0.7139999866485596,0.7139999866485596,10030660342,7060598804.335016,-860160025.1846793,-21865908901,57.92720695403028,21,H股ETF,国企价值,港股,CNY,510900.SS,-2.592086535863336,-3.0170084770140715
510900,2024-01,2024-01-02,2024-01-31,0.7200000286102295,0.7200000286102295,0.6240000128746033,0.6510000228881836,0.6510000228881836,11631119737,7786967912.785968,-1233948012.6179323,-23725372736,34.34135193610136,22,H股ETF,国企价值,港股,CNY,510900.SS,-8.823524501182579,10.287641722469498
510900,2024-02,2024-02-01,2024-02-29,0.652999997138977,0.7329999804496765,0.6470000147819519,0.7170000076293945,0.7170000076293945,9901830494,6844010281.931328,2672382241.5976453,-19843496070,55.9320061284085,15,H股ETF,国企价值,港股,CNY,510900.SS,10.13824614758072,-12.10943259835875
510900,2024-03,2024-03-01,2024-03-29,0.7099999785423279,0.7519999742507935,0.6959999799728394,0.7369999885559082,0.7369999885559082,11673273564,8471694961.643573,474969874.3593941,-19253870636,55.07330323246566,21,H股ETF,国企价值,港股,CNY,510900.SS,2.7893975890794342,23.7826159322035
510900,2024-04,2024-04-01,2024-04-30,0.7390000224113464,0.8059999942779541,0.7210000157356262,0.7940000295639038,0.7940000295639038,10540186769,7979230477.843692,2475388888.44498,-16070620199,52.822654331308264,20,H股ETF,国企价值,港股,CNY,510900.SS,7.734062672060893,-5.813057316505876
510900,2024-05,2024-05-06,2024-05-31,0.8220000267028809,0.8830000162124634,0.8140000104904175,0.8199999928474426,0.8199999928474426,12401071036,10483018322.771744,2505224087.856106,-13209557363,57.12096401355708,20,H股ETF,国企价值,港股,CNY,510900.SS,3.2745544477900124,31.3788134317017
510900,2024-06,2024-06-03,2024-06-28,0.8199999928474426,0.8510000109672546,0.8069999814033508,0.8169999718666077,0.8169999718666077,9281058292,7666609120.120805,136907861.7420144,-13058546255,48.614172238044965,19,H股ETF,国企价值,港股,CNY,510900.SS,-0.365856220366223,-26.86639587887576
510900,2024-07,2024-07-01,2024-07-31,0.8169999718666077,0.8510000109672546,0.7749999761581421,0.7929999828338623,0.7929999828338623,10212121522,8321757295.673871,1075871366.9319458,-11782004375,37.65713347619138,23,H股ETF,国企价值,港股,CNY,510900.SS,-2.937575258162173,8.545475128419522
510900,2024-08,2024-08-01,2024-08-30,0.7910000085830688,0.8140000104904175,0.7400000095367432,0.8069999814033508,0.8069999814033508,9932936875,7718161260.354001,1767340636.6476097,-9547019874,55.99708921099042,22,H股ETF,国企价值,港股,CNY,510900.SS,1.7654475249114343,-7.253228060780548
510900,2024-09,2024-09-02,2024-09-30,0.7979999780654907,0.9639999866485596,0.7570000290870667,0.9580000042915344,0.9580000042915344,10279010990,8841678642.087524,6141885737.417318,-2742781454,94.38874143444608,19,H股ETF,国企价值,港股,CNY,510900.SS,18.711279599486332,14.556801080390901
510900,2024-10,2024-10-08,2024-10-31,1.0379999876022339,1.0440000295639038,0.9120000004768372,0.9340000152587891,0.9340000152587891,21906511118,20798264644.50828,3798656074.3685265,951619776,53.40866447412043,18,H股ETF,国企价值,港股,CNY,510900.SS,-2.505218050650637,135.22981875303492
510900,2024-11,2024-11-01,2024-11-29,0.9380000233650208,0.9900000095367432,0.8889999985694885,0.9010000228881836,0.9010000228881836,12777550040,11857397097.87579,-1870803046.1276817,-1125263206,40.39957427964779,21,H股ETF,国企价值,港股,CNY,510900.SS,-3.53318970358496,-42.988526684572705
510900,2024-12,2024-12-02,2024-12-31,0.9049999713897705,0.9900000095367432,0.9039999842643738,0.949999988079071,0.949999988079071,10239815885,9634895562.92589,2548587128.1422377,1557557319,51.36481108651591,22,H股ETF,国企价值,港股,CNY,510900.SS,5.438397774266046,-18.743586949180045
510900,2025-01,2025-01-02,2025-01-27,0.949999988079071,0.968999981880188,0.8949999809265137,0.9660000205039978,0.9660000205039978,7925712084,7422215969.545473,1323057980.0158317,2903079609,60.05599365966604,18,H股ETF,国企价值,港股,CNY,510900.SS,1.6842139606000783,-22.965268060554656
510900,2025-02,2025-02-05,2025-02-28,0.9919999837875366,1.1629999876022339,0.9800000190734863,1.1030000448226929,1.1030000448226929,12430483710,13517752913.392159,6253214380.973623,8774414697,82.5277144443437,18,H股ETF,国企价值,港股,CNY,510900.SS,14.18219683341384,82.12556693119195
510900,2025-03,2025-03-03,2025-03-31,1.1119999885559082,1.2000000476837158,1.0779999494552612,1.1130000352859497,1.1130000352859497,11283619717,12867404066.63157,-1820681049.7042222,7056694774,42.01036409352717,21,H股ETF,国企价值,港股,CNY,510900.SS,0.9066174122290604,-4.811072157682961
510900,2025-04,2025-04-01,2025-04-30,1.1180000305175781,1.1269999742507935,0.9459999799728394,1.0570000410079956,1.0570000410079956,9161757120,9542991019.7843,2024680540.8912926,8976019896,60.92675160383258,21,H股ETF,国企价值,港股,CNY,510900.SS,-5.0314458672561235,-25.835926420219547
510900,2025-05,2025-05-06,2025-05-30,1.0729999542236328,1.125,1.0670000314712524,1.0859999656677246,1.0859999656677246,4693353861,5143353346.297886,554995506.8793521,9476966221,45.25096484665221,19,H股ETF,国企价值,港股,CNY,510900.SS,2.7436067677039544,-46.10334081175588
510900,2025-06,2025-06-03,2025-06-30,1.0839999914169312,1.1469999551773071,1.0829999446868896,1.125,1.125,5087396819,5691829726.8134985,1333644459.5562863,10664956006,51.13258152010424,20,H股ETF,国企价值,港股,CNY,510900.SS,3.5911634958750938,10.663789624922382
510900,2025-07,2025-07-01,2025-07-31,1.1239999532699585,1.1979999542236328,1.1019999980926514,1.1519999504089355,1.1519999504089355,5702760167,6559962351.671127,1047601199.3092391,11555538801,51.129177435516496,23,H股ETF,国企价值,港股,CNY,510900.SS,2.3999955919053795,15.252259229891663
510900,2025-08,2025-08-01,2025-08-29,1.1519999504089355,1.2059999704360962,1.1360000371932983,1.1649999618530273,1.1649999618530273,5784087286,6764237168.905497,12609655.151270151,11560120763,48.4039004382947,21,H股ETF,国企价值,港股,CNY,510900.SS,1.1284732642112605,3.1139632559374464
510900,2025-09,2025-09-01,2025-09-30,1.1770000457763672,1.253000020980835,1.156000018119812,1.2389999628067017,1.2389999628067017,5362492450,6477259075.581227,2108526873.352315,13282230121,51.38033141672214,22,H股ETF,国企价值,港股,CNY,510900.SS,6.351931620321372,-4.242578817955678
510900,2025-10,2025-10-09,2025-10-31,1.2410000562667847,1.2489999532699585,1.1749999523162842,1.1970000267028809,1.1970000267028809,3766944774,4538548096.444305,-1420118730.7772143,12081994225,52.48549285610117,16,H股ETF,国企价值,港股,CNY,510900.SS,-3.3898254531564698,-29.931039603552602
510900,2025-11,2025-11-03,2025-11-28,1.1970000267028809,1.25,1.152999997138977,1.1790000200271606,1.1790000200271606,3937453384,4709220417.462211,-1012726867.4688976,11201970237,36.020658211550234,20,H股ETF,国企价值,港股,CNY,510900.SS,-1.5037599226543907,3.7605048440847666
510900,2025-12,2025-12-01,2025-12-31,1.1799999475479126,1.1929999589920044,1.1269999742507935,1.1390000581741333,1.1390000581741333,3323233427,3851078862.176764,-393752145.31311893,10845018544,37.08430144624995,23,H股ETF,国企价值,港股,CNY,510900.SS,-3.3927023896153874,-18.22258206694639
510900,2026-01,2026-01-05,2026-01-30,1.1610000133514404,1.2109999656677246,1.1469999551773071,1.1779999732971191,1.1779999732971191,4375157655,5126094289.260925,581881650.9938571,11318032889,50.971640313199444,20,H股ETF,国企价值,港股,CNY,510900.SS,3.4240485628687756,33.108006164368135
510900,2026-02,2026-02-02,2026-02-27,1.1640000343322754,1.1690000295639038,1.0950000286102295,1.1069999933242798,1.1069999933242798,4270134313,4872950309.258569,146043375.46704352,11421486003,27.413316538519254,14,H股ETF,国企价值,港股,CNY,510900.SS,-6.02716312243341,-4.938340298045018
510900,2026-03,2026-03-02,2026-03-31,1.0959999561309814,1.1180000305175781,1.0329999923706055,1.0449999570846558,1.0449999570846558,7250118530,7783823507.643721,-1977489169.425747,9552768758,57.39160187492014,22,H股ETF,国企价值,港股,CNY,510900.SS,-5.600725981347143,59.73533513884832
510900,2026-04,2026-04-01,2026-04-30,1.0640000104904175,1.1069999933242798,1.0460000038146973,1.0789999961853027,1.0789999961853027,2849066151,3068790036.9660363,530134174.78694236,10037138096,52.322970527814,21,H股ETF,国企价值,港股,CNY,510900.SS,3.25359239205143,-60.57477364495119
510900,2026-05,2026-05-06,2026-05-29,1.0859999656677246,1.1160000562667847,1.0199999809265137,1.0390000343322754,1.0390000343322754,2452204172,2627358427.3900924,-491822824.7054658,9580401456,50.75188443732951,18,H股ETF,国企价值,港股,CNY,510900.SS,-3.7071327149623023,-14.384549097805532
510900,2026-06,2026-06-01,2026-06-30,1.0360000133514404,1.0740000009536743,0.9190000295639038,0.9319999814033508,0.9319999814033508,3187220632,3184006752.967062,-100771059.75620472,9461347542,27.417517413029955,21,H股ETF,国企价值,港股,CNY,510900.SS,-10.298368565280104,21.18661541470459
510900,2026-07,2026-07-01,2026-07-31,0.9340000152587891,1.0829999446868896,0.9319999814033508,1.065000057220459,1.065000057220459,4192993359,4260291819.898023,1280764097.9468613,10713352887,70.31135656207526,23,H股ETF,国企价值,港股,CNY,510900.SS,14.2703946857214,33.8028512636793
510900,2026-08,2026-08-03,2026-08-31,1.0700000524520874,1.0779999494552612,1.0290000438690186,1.0470000505447388,1.0470000505447388,2343283054,2466110784.90893,160753413.5110066,10853541129,38.93880579840038,21,H股ETF,国企价值,港股,CNY,510900.SS,-1.6901413810904709,-42.114040794323806
510900,2026-09,2026-09-01,2026-09-30,1.0429999828338623,1.059000015258789,0.9950000047683716,1.0119999647140503,1.0119999647140503,1351844659,1387715101.410696,-485146551.69293594,10378690470,28.731134695206762,21,H股ETF,国企价值,港股,CNY,510900.SS,-3.3428924681024097,-43.72859849189855
512000,2021-10,2021-10-08,2021-10-29,1.11899995803833,1.128000020980835,1.0390000343322754,1.0640000104904175,1.0640000104904175,12308873888,13347242794.349186,-893619575.9543362,-860365388,40.278165173585826,16,券商ETF,金融先锋,A股,CNY,512000.SS,,
512000,2021-11,2021-11-01,2021-11-30,1.059000015258789,1.0989999771118164,1.0379999876022339,1.0609999895095825,1.0609999895095825,16255668310,17395354854.032375,-628503599.2140253,-1502979283,51.72601303251807,22,券商ETF,金融先锋,A股,CNY,512000.SS,-0.28195685632109724,30.329200734979022
512000,2021-12,2021-12-01,2021-12-31,1.059000015258789,1.1670000553131104,1.0579999685287476,1.1269999742507935,1.1269999742507935,19433460932,21736299527.35469,9785886296.990782,7265499429,46.49390534183056,23,券商ETF,金融先锋,A股,CNY,512000.SS,6.220545277452594,24.954619838157832
512000,2022-01,2022-01-04,2022-01-28,1.1269999742507935,1.128999948501587,1.0299999713897705,1.031000018119812,1.031000018119812,14128202342,15225616838.506023,-2340712894.4210176,5042537488,50.509631251068036,19,券商ETF,金融先锋,A股,CNY,512000.SS,-8.518186186721099,-29.953040905859375
512000,2022-02,2022-02-07,2022-02-28,1.0449999570846558,1.0789999961853027,0.9670000076293945,0.9760000109672546,0.9760000109672546,11437745369,11650281360.45218,-202330455.40974832,4691262456,35.94347649212179,16,券商ETF,金融先锋,A股,CNY,512000.SS,-5.334627176133166,-23.482368668386012
512000,2022-03,2022-03-01,2022-03-31,0.9789999723434448,0.9879999756813049,0.8650000095367432,0.9169999957084656,0.9169999957084656,17309556272,15939961574.27738,-3654252193.1974173,565398081,49.432952295813955,23,券商ETF,金融先锋,A股,CNY,512000.SS,-6.045083462685385,36.82040013545822
512000,2022-04,2022-04-01,2022-04-29,0.9110000133514404,0.9390000104904175,0.7940000295639038,0.8429999947547913,0.8429999947547913,15608222517,13767967297.24203,-1825841484.2234783,-1624302295,34.32829735698647,19,券商ETF,金融先锋,A股,CNY,512000.SS,-8.069792944383014,-13.626094811547972
512000,2022-05,2022-05-05,2022-05-31,0.8299999833106995,0.8519999980926514,0.800000011920929,0.847000002861023,0.847000002861023,12179395083,10119985237.523397,3113434243.8130364,2077811886,57.16126245383255,19,券商ETF,金融先锋,A股,CNY,512000.SS,0.4744968127069926,-26.496155757497974
512000,2022-06,2022-06-01,2022-06-30,0.8460000157356262,1.0080000162124634,0.8360000252723694,0.9340000152587891,0.9340000152587891,23381530873,21481123165.66643,4871595791.710734,7274132052,60.076909850246395,21,券商ETF,金融先锋,A股,CNY,512000.SS,10.271548064214265,112.26437254095617
512000,2022-07,2022-07-01,2022-07-29,0.9350000023841858,0.9369999766349792,0.8569999933242798,0.8690000176429749,0.8690000176429749,13505627975,12005506430.965296,-4714776878.856026,1983344840,44.84013202641331,21,券商ETF,金融先锋,A股,CNY,512000.SS,-6.959314406199901,-44.11136541429147
512000,2022-08,2022-08-01,2022-08-31,0.8659999966621399,0.9110000133514404,0.824999988079071,0.8870000243186951,0.8870000243186951,14974551363,13142772184.434553,-1574842316.840547,99118961,56.466523743600796,23,券商ETF,金融先锋,A股,CNY,512000.SS,2.0713471012972384,9.472867804526386
512000,2022-09,2022-09-01,2022-09-30,0.8859999775886536,0.9089999794960022,0.781000018119812,0.7829999923706055,0.7829999923706055,12586441571,10668717790.402569,-4910646520.109965,-5790109496,13.423554657381729,21,券商ETF,金融先锋,A股,CNY,512000.SS,-11.724918725675582,-18.824448596636966
512000,2022-10,2022-10-10,2022-10-31,0.7829999923706055,0.8270000219345093,0.7630000114440918,0.7699999809265137,0.7699999809265137,8901755767,7045649332.437487,438109345.07878006,-5296330657,60.39400578480767,16,券商ETF,金融先锋,A股,CNY,512000.SS,-1.660282448373085,-33.95973657888246
512000,2022-11,2022-11-01,2022-11-30,0.7720000147819519,0.8799999952316284,0.7710000276565552,0.8550000190734863,0.8550000190734863,16270102546,13563952841.44778,4004449463.4754524,-538940317,70.2950200657188,22,券商ETF,金融先锋,A股,CNY,512000.SS,11.038966266556937,92.51529846937821
512000,2022-12,2022-12-01,2022-12-30,0.8709999918937683,0.8949999809265137,0.8199999928474426,0.8320000171661377,0.8320000171661377,12710558596,10862129988.447,-2694283049.8656178,-3798964899,30.256095591753066,22,券商ETF,金融先锋,A股,CNY,512000.SS,-2.6900586426035877,-19.919140714974603
512000,2023-01,2023-01-03,2023-01-31,0.824999988079071,0.9470000267028809,0.8080000281333923,0.9179999828338623,0.9179999828338623,13527223695,11981051386.983267,1537812533.1348634,-2002473339,88.64454120178667,16,券商ETF,金融先锋,A股,CNY,512000.SS,10.336534121795783,10.301123257835766
512000,2023-02,2023-02-01,2023-02-28,0.9169999957084656,0.9570000171661377,0.8709999918937683,0.8889999985694885,0.8889999985694885,14126805650,12753307387.567152,-2483375602.896933,-4846032991,50.64790811174285,20,券商ETF,金融先锋,A股,CNY,512000.SS,-3.1590397392874614,6.44564467374622
512000,2023-03,2023-03-01,2023-03-31,0.8880000114440918,0.9070000052452087,0.8460000157356262,0.8669999837875366,0.8669999837875366,13213976911,11525609927.35944,-945030473.3046228,-5981888082,50.54580358715072,23,券商ETF,金融先锋,A股,CNY,512000.SS,-2.474692330410877,-9.62650254477957
512000,2023-04,2023-04-03,2023-04-28,0.8669999837875366,0.9340000152587891,0.8569999933242798,0.8880000114440918,0.8880000114440918,15637972694,14047570313.212372,2458927822.7130156,-3318473810,44.14416037814969,19,券商ETF,金融先锋,A股,CNY,512000.SS,2.4221485639267737,21.881361609039995
512000,2023-05,2023-05-04,2023-05-31,0.8830000162124634,0.984000027179718,0.8479999899864197,0.8539999723434448,0.8539999723434448,17755476580,16021830491.450682,1778104556.4402266,-1584991024,12.566257675646497,20,券商ETF,金融先锋,A股,CNY,512000.SS,-3.828833182710789,14.054104263008593
512000,2023-06,2023-06-01,2023-06-30,0.8539999723434448,0.8700000047683716,0.8220000267028809,0.8420000076293945,0.8420000076293945,10886845335,9248774362.374773,1141234149.9833522,-294362895,61.058900987699325,20,券商ETF,金融先锋,A股,CNY,512000.SS,-1.405148138485468,-42.27392202588862
512000,2023-07,2023-07-03,2023-07-31,0.8420000076293945,1.003999948501587,0.8420000076293945,0.9739999771118164,0.9739999771118164,15559219873,14114348768.985088,5934753639.425137,5877140739,79.13662349093275,21,券商ETF,金融先锋,A股,CNY,512000.SS,15.67695585348754,52.6077749977782
512000,2023-08,2023-08-01,2023-08-31,0.9599999785423279,1.065999984741211,0.9259999990463257,0.9269999861717224,0.9269999861717224,30726325027,30248396138.629063,569979528.2243886,6168615656,46.2641874756758,23,券商ETF,金融先锋,A股,CNY,512000.SS,-4.8254611955394715,114.30954154326254
512000,2023-09,2023-09-01,2023-09-28,0.9330000281333923,0.9440000057220459,0.902999997138977,0.9079999923706055,0.9079999923706055,11704141659,10792315840.523928,-331912733.1185508,5737260178,43.51241277117966,20,券商ETF,金融先锋,A股,CNY,512000.SS,-2.049621799842971,-64.32103113479965
512000,2023-10,2023-10-09,2023-10-31,0.9020000100135803,0.9150000214576721,0.871999979019165,0.902999997138977,0.902999997138977,10229889564,9190534818.503754,-2299065577.489855,3131403622,51.37059726064805,17,券商ETF,金融先锋,A股,CNY,512000.SS,-0.5506602724273613,-14.841865691195466
512000,2023-11,2023-11-01,2023-11-30,0.9089999794960022,0.9559999704360962,0.8939999938011169,0.8980000019073486,0.8980000019073486,13682036662,12685188389.698126,-64705612.457556486,2977707601,30.316423243647492,22,券商ETF,金融先锋,A股,CNY,512000.SS,-0.5537093297309115,38.02448541034211
512000,2023-12,2023-12-01,2023-12-29,0.8989999890327454,0.9089999794960022,0.8299999833106995,0.8640000224113464,0.8640000224113464,11694973848,10219776794.304369,-2170685562.6636662,493123047,38.21805212338558,21,券商ETF,金融先锋,A股,CNY,512000.SS,-3.7861892454105095,-19.43535657220482
512000,2024-01,2024-01-02,2024-01-31,0.8640000224113464,0.8650000095367432,0.7860000133514404,0.8199999928474426,0.8199999928474426,14089760779,11712073710.97948,-1112076803.5696535,-926733462,54.94354610744896,22,券商ETF,金融先锋,A股,CNY,512000.SS,-5.092595882243578,14.602049992978227
512000,2024-02,2024-02-01,2024-02-29,0.8140000104904175,0.8939999938011169,0.7670000195503235,0.8759999871253967,0.8759999871253967,11344790640,9533353471.885422,1799599476.3785439,1027261968,67.31219444881543,15,券商ETF,金融先锋,A股,CNY,512000.SS,6.829267654441629,-18.60234398159242
512000,2024-03,2024-03-01,2024-03-29,0.875,0.8859999775886536,0.8109999895095825,0.8220000267028809,0.8220000267028809,11766483730,10076503482.699903,181231107.93622118,1182574652,27.576306203373505,21,券商ETF,金融先锋,A股,CNY,512000.SS,-6.164379134264298,5.69736570049848
512000,2024-04,2024-04-01,2024-04-30,0.8299999833106995,0.859000027179718,0.765999972820282,0.8370000123977661,0.8370000123977661,12164602559,9875625950.484495,1016866307.9259353,2297508729,56.86091402085034,20,券商ETF,金融先锋,A股,CNY,512000.SS,1.8248157186869784,-1.9935241679843618
512000,2024-05,2024-05-06,2024-05-31,0.847000002861023,0.8539999723434448,0.8009999990463257,0.8040000200271606,0.8040000200271606,11385800038,9412631092.866962,132362915.77511966,2350318411,38.64132926145545,20,券商ETF,金融先锋,A股,CNY,512000.SS,-3.9426513598333046,-4.6882583437135805
512000,2024-06,2024-06-03,2024-06-28,0.8009999990463257,0.8090000152587891,0.7490000128746033,0.7519999742507935,0.7519999742507935,11092894573,8709330732.848139,-2540491303.549534,-963581468,45.50537845470085,19,券商ETF,金融先锋,A股,CNY,512000.SS,-6.467667224014562,-7.471878511756347
512000,2024-07,2024-07-01,2024-07-31,0.75,0.8169999718666077,0.7129999995231628,0.8059999942779541,0.8059999942779541,12458777625,9413939717.612883,4039290223.6625376,4249390555,69.66998312654337,23,券商ETF,金融先锋,A股,CNY,512000.SS,7.180853972895429,8.090277041693206
512000,2024-08,2024-08-01,2024-08-30,0.7990000247955322,0.8069999814033508,0.753000020980835,0.7799999713897705,0.7799999713897705,8412425262,6527714451.639773,-1011977434.7418048,2949315741,54.29011261454423,22,券商ETF,金融先锋,A股,CNY,512000.SS,-3.2258093142389477,-30.659058295998697
512000,2024-09,2024-09-02,2024-09-30,0.7770000100135803,1.093000054359436,0.7590000033378601,1.093000054359436,1.093000054359436,16825329116,14782249321.779718,11074758855.792328,14969899229,88.91350894193413,19,券商ETF,金融先锋,A股,CNY,512000.SS,40.128217237235965,126.4536758048047
512000,2024-10,2024-10-08,2024-10-31,1.2020000219345093,1.2599999904632568,1.0149999856948853,1.1139999628067017,1.1139999628067017,28238525470,30916483428.026928,-2630116937.1651006,12508726937,48.307636294634584,18,券商ETF,金融先锋,A股,CNY,512000.SS,1.9213090030057556,109.14600176899683
512000,2024-11,2024-11-01,2024-11-29,1.1100000143051147,1.3420000076293945,1.097000002861023,1.1619999408721924,1.1619999408721924,27239494644,32602726707.59802,-6329932264.8105955,7094376815,44.680755277518756,21,券商ETF,金融先锋,A股,CNY,512000.SS,4.308795302340562,5.454188486528988
512000,2024-12,2024-12-02,2024-12-31,1.152999997138977,1.25,1.1180000305175781,1.1200000047683716,1.1200000047683716,18633958416,21695332350.11874,4077361281.106454,10429777541,45.4306953515157,22,券商ETF,金融先锋,A股,CNY,512000.SS,-3.6144525164343633,-33.455466640271304
512000,2025-01,2025-01-02,2025-01-27,1.1119999885559082,1.1150000095367432,0.9940000176429749,1.0379999876022339,1.0379999876022339,14115910713,14707530919.427734,-1445465012.439604,8969043915,46.18663537080877,18,券商ETF,金融先锋,A股,CNY,512000.SS,-7.3214300729486315,-32.208777989302206
512000,2025-02,2025-02-05,2025-02-28,1.0449999570846558,1.1019999980926514,1.034000039100647,1.059999942779541,1.059999942779541,18831642865,20312523266.697685,749018630.852813,9578033310,70.81712121022122,18,券商ETF,金融先锋,A股,CNY,512000.SS,2.1194562080994572,38.10967577070401
512000,2025-03,2025-03-03,2025-03-31,1.0609999895095825,1.1139999628067017,1.0329999923706055,1.0379999876022339,1.0379999876022339,17075457167,18304773487.695286,-658774464.1214556,8855471962,45.12694380490116,21,券商ETF,金融先锋,A股,CNY,512000.SS,-2.075467581594259,-9.884295282477773
512000,2025-04,2025-04-01,2025-04-30,1.0399999618530273,1.0460000038146973,0.9290000200271606,0.9879999756813049,0.9879999756813049,12749431959,12510679471.978077,2054833284.777539,10955334643,72.96557319257288,21,券商ETF,金融先锋,A股,CNY,512000.SS,-4.8169568899926745,-31.653459244453785
512000,2025-05,2025-05-06,2025-05-30,0.9929999709129333,1.0700000524520874,0.9890000224113464,0.996999979019165,0.996999979019165,10301182669,10472741059.168036,671039361.1914502,11545847724,42.21645132242715,19,券商ETF,金融先锋,A股,CNY,512000.SS,0.9109315343508895,-16.28959016474443
512000,2025-06,2025-06-03,2025-06-30,0.9929999709129333,1.1239999532699585,0.9909999966621399,1.0859999656677246,1.0859999656677246,15973174181,16866224093.251314,2261416947.493519,13656691211,76.02521804155738,20,券商ETF,金融先锋,A股,CNY,512000.SS,8.926779189716383,61.04880277247287
512000,2025-07,2025-07-01,2025-07-31,1.0859999656677246,1.1990000009536743,1.0709999799728394,1.1460000276565552,1.1460000276565552,20273480198,22961898167.853455,6030974150.840044,18886441870,59.74571624977441,23,券商ETF,金融先锋,A股,CNY,512000.SS,5.524867761108965,36.141308457067176
512000,2025-08,2025-08-01,2025-08-29,1.1430000066757202,1.152999997138977,0.5649999976158142,0.6340000033378601,0.6340000033378601,54230343203,33921741662.91172,10852225780.608917,36827003167,68.26716404548128,21,券商ETF,金融先锋,A股,CNY,512000.SS,-44.67713891470658,47.73056397576918
512000,2025-09,2025-09-01,2025-09-30,0.6359999775886536,0.6370000243186951,0.5730000138282776,0.6039999723434448,0.6039999723434448,61472864600,36899969199.81337,-7012491297.706453,24892959859,57.111204649972315,22,券商ETF,金融先锋,A股,CNY,512000.SS,-4.731866062535051,8.779701132379913
512000,2025-10,2025-10-09,2025-10-31,0.6010000109672546,0.6200000047683716,0.5839999914169312,0.6000000238418579,0.6000000238418579,46307697005,27869480376.833397,1330327698.8808627,26835484505,48.2759946601514,16,券商ETF,金融先锋,A股,CNY,512000.SS,-0.662243159725262,-24.472889866329883
512000,2025-11,2025-11-03,2025-11-28,0.5979999899864197,0.6050000190734863,0.5580000281333923,0.5640000104904175,0.5640000104904175,36901396830,21513436834.515347,-4126021879.393203,19756076925,30.796436000250083,20,券商ETF,金融先锋,A股,CNY,512000.SS,-6.000001986821413,-22.80646591316261
512000,2025-12,2025-12-01,2025-12-31,0.5619999766349792,0.593999981880188,0.5529999732971191,0.5789999961853027,0.5789999961853027,42620304376,24541296405.96324,6742876960.618452,31313045510,57.19618148548295,23,券商ETF,金融先锋,A股,CNY,512000.SS,2.659571882249123,14.074271789945293
512000,2026-01,2026-01-05,2026-01-30,0.5809999704360962,0.6159999966621399,0.5649999976158142,0.5699999928474426,0.5699999928474426,56122053094,32968411018.77458,-4286232328.417429,23612306043,37.23066741529689,20,券商ETF,金融先锋,A股,CNY,512000.SS,-1.5544047318058585,34.33850630141792
512000,2026-02,2026-02-02,2026-02-27,0.5680000185966492,0.5770000219345093,0.5550000071525574,0.5580000281333923,0.5580000281333923,21214929292,11976314636.811657,-2958975670.3292284,18292136534,36.661650851752135,14,券商ETF,金融先锋,A股,CNY,512000.SS,-2.105256993794735,-63.67336408784917
512000,2026-03,2026-03-02,2026-03-31,0.5540000200271606,0.5569999814033508,0.49000000953674316,0.492000013589859,0.492000013589859,39711764959,20718680273.36964,-6656463641.602147,5467081837,25.816140620170515,22,券商ETF,金融先锋,A股,CNY,512000.SS,-11.827958999270106,72.99712726055586
512000,2026-04,2026-04-01,2026-04-30,0.4970000088214874,0.5239999890327454,0.4819999933242798,0.515999972820282,0.515999972820282,37233202687,18906200902.725536,5111995929.376983,15213044897,67.83884079753005,21,券商ETF,金融先锋,A股,CNY,512000.SS,4.878040359248814,-8.748044502495366
512000,2026-05,2026-05-06,2026-05-29,0.5170000195503235,0.531000018119812,0.48500001430511475,0.49300000071525574,0.49300000071525574,44519754274,22617301239.60674,1295245371.7529705,17474094295,51.79088717938969,18,券商ETF,金融先锋,A股,CNY,512000.SS,-4.457359169868969,19.629011433736565
512000,2026-06,2026-06-01,2026-06-30,0.49300000071525574,0.5550000071525574,0.4740000069141388,0.5370000004768372,0.5370000004768372,63576689023,32785837663.463863,11379935486.263777,38657129551,69.44784457950546,21,券商ETF,金融先锋,A股,CNY,512000.SS,8.924949228751554,44.959105934576705
512000,2026-07,2026-07-01,2026-07-31,0.5370000004768372,0.5690000057220459,0.5170000195503235,0.5289999842643738,0.5289999842643738,60563829552,32581463603.062298,3173886232.7649574,43915954563,49.55259050674411,23,券商ETF,金融先锋,A股,CNY,512000.SS,-1.489760932096773,-0.6233608013905267
512000,2026-08,2026-08-03,2026-08-31,0.5249999761581421,0.5320000052452087,0.5049999952316284,0.527999997138977,0.527999997138977,40488926407,21090043521.421,551602711.5302997,44785581499,41.73446558461487,21,券商ETF,金融先锋,A股,CNY,512000.SS,-0.18903348868475334,-35.2698093051941
512000,2026-09,2026-09-01,2026-09-30,0.5270000100135803,0.5350000262260437,0.48899999260902405,0.492000013589859,0.492000013589859,34319817254,17532106045.313454,-1023795163.6054986,42567313827,32.79231137513668,21,券商ETF,金融先锋,A股,CNY,512000.SS,-6.818178739429492,-16.870223489552206
512010,2021-10,2021-10-08,2021-10-29,0.6869999766349792,0.703000009059906,0.6359999775886536,0.6549999713897705,0.6549999713897705,6274317696,4195334871.8222895,-1362451122.7009308,-2059252483,41.460778301295335,16,医药ETF,医药防御,A股,CNY,512010.SS,,
512010,2021-11,2021-11-01,2021-11-30,0.6539999842643738,0.6859999895095825,0.6230000257492065,0.6629999876022339,0.6629999876022339,13277358515,8677072586.148243,-190973981.41966283,-2414054854,65.89235433836654,22,医药ETF,医药防御,A股,CNY,512010.SS,1.221376574336186,106.82669801705869
512010,2021-12,2021-12-01,2021-12-31,0.6600000262260437,0.6700000166893005,0.6240000128746033,0.6330000162124634,0.6330000162124634,14520632788,9329609531.289223,-315411662.4052088,-2938187566,30.079076864414063,23,医药ETF,医药防御,A股,CNY,512010.SS,-4.524882647172679,7.520243015860739
512010,2022-01,2022-01-04,2022-01-28,0.6299999952316284,0.6309999823570251,0.5289999842643738,0.5299999713897705,0.5299999713897705,12396354428,7224544831.283014,-4388091317.419913,-10627783185,24.07978746988576,19,医药ETF,医药防御,A股,CNY,512010.SS,-16.271728623166638,-22.563266907862946
512010,2022-02,2022-02-07,2022-02-28,0.5379999876022339,0.5479999780654907,0.5059999823570251,0.5460000038146973,0.5460000038146973,10972845216,5822089579.505275,1121173280.6341043,-8613833571,58.023795505209726,16,医药ETF,医药防御,A股,CNY,512010.SS,3.0188742054025663,-19.412368315647587
512010,2022-03,2022-03-01,2022-03-31,0.5460000038146973,0.5519999861717224,0.46799999475479126,0.5350000262260437,0.5350000262260437,19729479513,10270640308.918482,118978479.94373244,-8579923886,71.96877085175562,23,医药ETF,医药防御,A股,CNY,512010.SS,-2.0146478959342184,76.40814639941038
512010,2022-04,2022-04-01,2022-04-29,0.5299999713897705,0.5389999747276306,0.4519999921321869,0.4790000021457672,0.4790000021457672,14283084583,7113705223.449825,-2378589985.3300304,-13277603243,45.877658301029996,19,医药ETF,医药防御,A股,CNY,512010.SS,-10.467293707498971,-30.737470990268644
512010,2022-05,2022-05-05,2022-05-31,0.47600001096725464,0.492000013589859,0.45399999618530273,0.4779999852180481,0.4779999852180481,12254749251,5776472183.120445,543286147.8369207,-12204386368,52.96941984495311,19,医药ETF,医药防御,A股,CNY,512010.SS,-0.20877180025873354,-18.797982181230765
512010,2022-06,2022-06-01,2022-06-30,0.47699999809265137,0.5529999732971191,0.4659999907016754,0.5490000247955322,0.5490000247955322,21656785203,10987449876.214794,4290287809.562278,-3866718387,61.88502377919566,21,医药ETF,医药防御,A股,CNY,512010.SS,14.853565224504383,90.21038322181244
512010,2022-07,2022-07-01,2022-07-29,0.5490000247955322,0.5809999704360962,0.49000000953674316,0.4909999966621399,0.4909999966621399,22997872312,12300053634.011948,-3935388109.8217387,-11666926555,20.974678838710318,21,医药ETF,医药防御,A股,CNY,512010.SS,-10.5646676710067,11.946391315410022
512010,2022-08,2022-08-01,2022-08-31,0.48899999260902405,0.5099999904632568,0.46700000762939453,0.47999998927116394,0.47999998927116394,24000229201,11718882017.582096,-15277881.28860879,-11870834688,35.483068951016705,23,医药ETF,医药防御,A股,CNY,512010.SS,-2.2403273861008044,-4.724951888199924
512010,2022-09,2022-09-01,2022-09-30,0.4790000021457672,0.48399999737739563,0.4129999876022339,0.44200000166893005,0.44200000166893005,25653330055,11511631013.25053,-6194527843.137203,-25703517385,33.471938922665615,21,医药ETF,医药防御,A股,CNY,512010.SS,-7.916664260749961,-1.7685219803443952
512010,2022-10,2022-10-10,2022-10-31,0.4440000057220459,0.49000000953674316,0.41200000047683716,0.44600000977516174,0.44600000977516174,27479627433,12672779367.440382,-1323551295.66248,-28900568724,43.31704125703171,16,医药ETF,医药防御,A股,CNY,512010.SS,0.9049792061376127,10.0867405570358
512010,2022-11,2022-11-01,2022-11-30,0.4480000138282776,0.49300000071525574,0.4410000145435333,0.46399998664855957,0.46399998664855957,37323419641,17621464967.277763,2867201181.4131045,-22998244614,64.04599010610607,22,医药ETF,医药防御,A股,CNY,512010.SS,4.035869165669292,39.049725844291295
512010,2022-12,2022-12-01,2022-12-30,0.47200000286102295,0.47999998927116394,0.44999998807907104,0.4779999852180481,0.4779999852180481,26892130134,12586751458.007574,1743186225.259129,-19370460960,58.66467530944557,22,医药ETF,医药防御,A股,CNY,512010.SS,3.0172411578305303,-28.571480967214804
512010,2023-01,2023-01-03,2023-01-31,0.4779999852180481,0.5419999957084656,0.47200000286102295,0.5130000114440918,0.5130000114440918,18327327891,9342368349.901308,265844219.57859802,-18847785931,75.46598284291451,16,医药ETF,医药防御,A股,CNY,512010.SS,7.322181445273013,-25.7761752023968
512010,2023-02,2023-02-01,2023-02-28,0.5139999985694885,0.5270000100135803,0.4869999885559082,0.49399998784065247,0.49399998784065247,21385265856,10835351853.311218,-757491847.7772628,-20482680181,50.648973245570666,20,医药ETF,医药防御,A股,CNY,512010.SS,-3.7037082221410444,15.980781826330803
512010,2023-03,2023-03-01,2023-03-31,0.49399998784065247,0.4970000088214874,0.453000009059906,0.4699999988079071,0.4699999988079071,27590402577,13130147955.996178,-2833581635.036221,-26566669844,38.134902441611985,23,医药ETF,医药防御,A股,CNY,512010.SS,-4.858297494632113,21.17878711971577
512010,2023-04,2023-04-03,2023-04-28,0.4690000116825104,0.49799999594688416,0.44999998807907104,0.460999995470047,0.460999995470047,35368334054,16798691571.506805,-1435633405.3419116,-29776670514,27.594005331206148,19,医药ETF,医药防御,A股,CNY,512010.SS,-1.9148943320611567,27.93984978543449
512010,2023-05,2023-05-04,2023-05-31,0.460999995470047,0.46799999475479126,0.4359999895095825,0.43700000643730164,0.43700000643730164,25681063389,11673658960.499947,-1185361497.2140915,-32594138664,45.39669542225859,20,医药ETF,医药防御,A股,CNY,512010.SS,-5.206071424854219,-30.508522578625772
512010,2023-06,2023-06-01,2023-06-30,0.43700000643730164,0.44600000977516174,0.4189999997615814,0.42500001192092896,0.42500001192092896,22670313835,9764843004.297142,223707959.696468,-32204078059,58.791697770902125,20,医药ETF,医药防御,A股,CNY,512010.SS,-2.7459941280560063,-16.351479537492462
512010,2023-07,2023-07-03,2023-07-31,0.4259999990463257,0.45100000500679016,0.41999998688697815,0.43700000643730164,0.43700000643730164,26011472405,11230276081.396452,2549511875.9159646,-26452574538,70.11104048251931,21,医药ETF,医药防御,A股,CNY,512010.SS,2.823528042301615,15.007236434363858
512010,2023-08,2023-08-01,2023-08-31,0.4359999895095825,0.44200000166893005,0.4009999930858612,0.4189999997615814,0.4189999997615814,39416838846,16568226086.315752,-1547557511.984722,-30252106208,38.35328515820531,23,医药ETF,医药防御,A股,CNY,512010.SS,-4.118994601960669,47.53177897168439
512010,2023-09,2023-09-01,2023-09-28,0.4189999997615814,0.4339999854564667,0.40400001406669617,0.42800000309944153,0.42800000309944153,24657397677,10302797370.641562,480332473.71474373,-29255705178,73.69011215415343,20,医药ETF,医药防御,A股,CNY,512010.SS,2.1479721582294165,-37.815929617528674
512010,2023-10,2023-10-09,2023-10-31,0.42800000309944153,0.4399999976158142,0.40299999713897705,0.43799999356269836,0.43799999356269836,27516494684,11671829845.38266,1641132448.0658689,-25596428907,50.29208610783974,17,医药ETF,医药防御,A股,CNY,512010.SS,2.33644635300001,13.28796855349439
512010,2023-11,2023-11-01,2023-11-30,0.43799999356269836,0.44999998807907104,0.4269999861717224,0.4359999895095825,0.4359999895095825,26263785829,11482738430.548473,-315095500.8604199,-26425246020,51.837830269904195,22,医药ETF,医药防御,A股,CNY,512010.SS,-0.4566219366461177,-1.6200665820106264
512010,2023-12,2023-12-01,2023-12-29,0.4359999895095825,0.4390000104904175,0.39800000190734863,0.41100001335144043,0.41100001335144043,28807477884,11853890380.920189,-1897990074.6469011,-31005855282,34.36442603224161,21,医药ETF,医药防御,A股,CNY,512010.SS,-5.733939623774376,3.232259905740853
512010,2024-01,2024-01-02,2024-01-31,0.41200000047683716,0.41200000047683716,0.3409999907016754,0.3409999907016754,0.3409999907016754,32362504831,12275258632.46117,-3597234961.982297,-40703372760,21.147395356815835,22,医药ETF,医药防御,A股,CNY,512010.SS,-17.031635127931,3.554683213700094
512010,2024-02,2024-02-01,2024-02-29,0.33899998664855957,0.38499999046325684,0.32499998807907104,0.3790000081062317,0.3790000081062317,22468589833,8152696918.607018,2907447814.6236043,-32749987063,73.18079972102991,15,医药ETF,医药防御,A股,CNY,512010.SS,11.143700422502544,-33.5843165287963
512010,2024-03,2024-03-01,2024-03-29,0.3779999911785126,0.39899998903274536,0.36000001430511475,0.3630000054836273,0.3630000054836273,24274991872,9185495416.639528,-1699548644.786348,-37439827427,22.94085527587262,21,医药ETF,医药防御,A股,CNY,512010.SS,-4.221636485590697,12.66818217754837
512010,2024-04,2024-04-01,2024-04-30,0.3630000054836273,0.3720000088214874,0.3440000116825104,0.36800000071525574,0.36800000071525574,23651254025,8434359811.97379,-204355046.5479111,-38151641535,76.17748671362324,20,医药ETF,医药防御,A股,CNY,512010.SS,1.3774091339108674,-8.17740982489693
512010,2024-05,2024-05-06,2024-05-31,0.3720000088214874,0.3790000081062317,0.35100001096725464,0.35199999809265137,0.35199999809265137,20304138628,7437364664.458366,-1924008766.8002279,-43592495873,10.22336093297288,20,医药ETF,医药防御,A股,CNY,512010.SS,-4.347826791170184,-11.820638077356449
512010,2024-06,2024-06-03,2024-06-28,0.35100001096725464,0.36000001430511475,0.32499998807907104,0.32600000500679016,0.32600000500679016,20522870107,7038356475.458878,-3264263150.587837,-53336708296,20.03022736866518,19,医药ETF,医药防御,A股,CNY,512010.SS,-7.3863617121434295,-5.364913608529465
512010,2024-07,2024-07-01,2024-07-31,0.32600000500679016,0.3449999988079071,0.31299999356269836,0.33399999141693115,0.33399999141693115,27239684590,8921065381.981388,1117923984.2784605,-50238049413,53.40564862035749,23,医药ETF,医药防御,A股,CNY,512010.SS,2.453983523704051,26.7492689960658
512010,2024-08,2024-08-01,2024-08-30,0.33500000834465027,0.34200000762939453,0.31200000643730164,0.3230000138282776,0.3230000138282776,22036581531,7223637589.587457,-796727124.2871609,-52837806618,28.508541410286938,22,医药ETF,医药防御,A股,CNY,512010.SS,-3.293406548302069,-19.02718699744502
512010,2024-09,2024-09-02,2024-09-30,0.32199999690055847,0.39899998903274536,0.3059999942779541,0.39899998903274536,0.39899998903274536,30069356268,10162593675.103573,4323870429.224541,-41469310138,78.30755256424956,19,医药ETF,医药防御,A股,CNY,512010.SS,23.529403080729594,40.68526485537545
512010,2024-10,2024-10-08,2024-10-31,0.4390000104904175,0.4390000104904175,0.3569999933242798,0.3700000047683716,0.3700000047683716,57389402223,22332762307.716183,2966030085.2739544,-35144464306,52.16320292914396,18,医药ETF,医药防御,A股,CNY,512010.SS,-7.268166682078226,119.7545530372548
512010,2024-11,2024-11-01,2024-11-29,0.36899998784065247,0.41200000047683716,0.36500000953674316,0.37700000405311584,0.37700000405311584,54665727688,21062251195.91058,2613662271.63031,-28662639064,45.09974530728041,21,医药ETF,医药防御,A股,CNY,512010.SS,1.8918916741977876,-5.68900118265544
512010,2024-12,2024-12-02,2024-12-31,0.3779999911785126,0.3959999978542328,0.3610000014305115,0.3610000014305115,0.3610000014305115,36087057659,13498306758.135874,-4552716911.08851,-41170312356,38.56470122720468,22,医药ETF,医药防御,A股,CNY,512010.SS,-4.244032480262283,-35.91232659518994
512010,2025-01,2025-01-02,2025-01-27,0.3610000014305115,0.3619999885559082,0.33399999141693115,0.34599998593330383,0.34599998593330383,27575321620,9493013478.806879,-1092461201.5956821,-44372403318,45.68630872444112,18,医药ETF,医药防御,A股,CNY,512010.SS,-4.1551289301296475,-29.672560796670833
512010,2025-02,2025-02-05,2025-02-28,0.3479999899864197,0.37400001287460327,0.34299999475479126,0.3569999933242798,0.3569999933242798,36876887542,13286764473.771767,4570093789.865214,-31801999294,58.595856985248915,18,医药ETF,医药防御,A股,CNY,512010.SS,3.1791930168159954,39.96361116977685
512010,2025-03,2025-03-03,2025-03-31,0.3580000102519989,0.375,0.3540000021457672,0.3619999885559082,0.3619999885559082,34237165114,12412146353.38622,927782320.4888532,-29376993913,61.31040514817981,21,医药ETF,医药防御,A股,CNY,512010.SS,1.4005589146010688,-6.58262680964995
512010,2025-04,2025-04-01,2025-04-30,0.36399999260902405,0.37599998712539673,0.3330000042915344,0.3540000021457672,0.3540000021457672,35894070304,12649658725.353355,1206643074.620684,-26059424779,51.74550129882782,21,医药ETF,医药防御,A股,CNY,512010.SS,-2.2099410671405195,1.9135479489599927
512010,2025-05,2025-05-06,2025-05-30,0.3569999933242798,0.37599998712539673,0.3540000021457672,0.37299999594688416,0.37299999594688416,22760939994,8304072358.195517,3581715181.936998,-16315075700,79.46118929191664,19,医药ETF,医药防御,A股,CNY,512010.SS,5.3672298547877695,-34.35338819416608
512010,2025-06,2025-06-03,2025-06-30,0.3720000088214874,0.38600000739097595,0.35899999737739563,0.36800000071525574,0.36800000071525574,27531274126,10238507298.519382,-374077978.424842,-17444459100,29.68908887434779,20,医药ETF,医药防御,A股,CNY,512010.SS,-1.3404813099087587,23.295015468100043
512010,2025-07,2025-07-01,2025-07-31,0.36800000071525574,0.4309999942779541,0.3659999966621399,0.41600000858306885,0.41600000858306885,40546948296,15973967667.677242,8825752925.021563,4887740254,80.13351254337023,23,医药ETF,医药防御,A股,CNY,512010.SS,13.043480373510551,56.018521078627145
512010,2025-08,2025-08-01,2025-08-29,0.414000004529953,0.4339999854564667,0.4000000059604645,0.4309999942779541,0.4309999942779541,36265993522,15117689514.074524,1164601863.521387,7457922777,57.781712468035785,21,医药ETF,医药防御,A股,CNY,512010.SS,3.605765717644216,-5.360460039839488
512010,2025-09,2025-09-01,2025-09-30,0.43299999833106995,0.45899999141693115,0.421999990940094,0.44600000977516174,0.44600000977516174,36717498826,16241172574.097515,1476049050.148921,10572980141,55.796664408014585,22,医药ETF,医药防御,A股,CNY,512010.SS,3.480282064118567,7.431579137652156
512010,2025-10,2025-10-09,2025-10-31,0.44600000977516174,0.4480000138282776,0.40700000524520874,0.4129999876022339,0.4129999876022339,25991634061,10955314681.582705,-556417875.5265161,9047361208,35.37686234746265,16,医药ETF,医药防御,A股,CNY,512010.SS,-7.399107948352713,-32.54603612146233
512010,2025-11,2025-11-03,2025-11-28,0.414000004529953,0.41499999165534973,0.38499999046325684,0.3930000066757202,0.3930000066757202,24168191344,9664791367.974667,-2191791343.263784,3520752134,48.431035074184514,20,医药ETF,医药防御,A股,CNY,512010.SS,-4.842610539198356,-11.7798835644363
512010,2025-12,2025-12-01,2025-12-31,0.3919999897480011,0.3959999978542328,0.37599998712539673,0.3779999911785126,0.3779999911785126,23804418180,9199993499.172441,-884289609.8388186,1111744590,34.71973794770979,23,医药ETF,医药防御,A股,CNY,512010.SS,-3.816797771605318,-4.809186780196651
512010,2026-01,2026-01-05,2026-01-30,0.3799999952316284,0.4180000126361847,0.37400001287460327,0.3799999952316284,0.3799999952316284,34204437443,13454590883.172693,-1552363367.5358443,-3149504846,27.242787943370146,20,医药ETF,医药防御,A股,CNY,512010.SS,0.5291016137011884,46.24565641685465
512010,2026-02,2026-02-02,2026-02-27,0.3779999911785126,0.3919999897480011,0.3709999918937683,0.3790000081062317,0.3790000081062317,16040524060,6119942899.187549,-251534022.7831462,-3864418715,55.53167188506308,14,医药ETF,医药防御,A股,CNY,512010.SS,-0.26315450998550816,-54.51409149243176
512010,2026-03,2026-03-02,2026-03-31,0.375,0.3779999911785126,0.34599998593330383,0.36399999260902405,0.36399999260902405,27949655532,10181804338.113804,-2473025593.085821,-10772347320,48.11419985266195,22,医药ETF,医药防御,A股,CNY,512010.SS,-3.957787645482902,66.37090420346057
512010,2026-04,2026-04-01,2026-04-30,0.36800000071525574,0.3799999952316284,0.3610000014305115,0.3700000047683716,0.3700000047683716,24017933327,8909856618.737642,1026704337.7755361,-8120397957,49.744971875104234,21,医药ETF,医药防御,A股,CNY,512010.SS,1.6483550223013843,-12.492360657676826
512010,2026-05,2026-05-06,2026-05-29,0.3700000047683716,0.3799999952316284,0.33399999141693115,0.3440000116825104,0.3440000116825104,28966581474,10247127571.130373,-1613495246.3654304,-12756090830,32.23234237054679,18,医药ETF,医药防御,A股,CNY,512010.SS,-7.027025067780146,15.008894190063815
512010,2026-06,2026-06-01,2026-06-30,0.34299999475479126,0.35600000619888306,0.3149999976158142,0.3499999940395355,0.3499999940395355,37238998939,12435589448.94115,-594027500.6994176,-14785372362,76.94118405898209,21,医药ETF,医药防御,A股,CNY,512010.SS,1.744180858506117,21.356832562292038
512010,2026-07,2026-07-01,2026-07-31,0.34700000286102295,0.38600000739097595,0.3370000123977661,0.37700000405311584,0.37700000405311584,43275432183,15890799184.184847,4510074203.858235,-2826325751,74.80799002946756,23,医药ETF,医药防御,A股,CNY,512010.SS,7.714288706682226,27.784848876125423
512010,2026-08,2026-08-03,2026-08-31,0.3779999911785126,0.41200000047683716,0.3720000088214874,0.37599998712539673,0.37599998712539673,30641444416,12015242359.434662,1076228357.614763,-258659827,36.441468974599275,21,医药ETF,医药防御,A股,CNY,512010.SS,-0.2652564766493226,-24.388684167674167
512010,2026-09,2026-09-01,2026-09-30,0.37599998712539673,0.38999998569488525,0.3619999885559082,0.3880000114440918,0.3880000114440918,16929816405,6384631774.308864,1431012080.5636306,3433645129,60.091357514737396,21,医药ETF,医药防御,A股,CNY,512010.SS,3.191495938720079,-46.86223062911839
512890,2021-10,2021-10-08,2021-10-29,0.8364999890327454,0.8700000047683716,0.7490000128746033,0.7549999952316284,0.7549999952316284,70796500,56575575.91948509,-27397116.62926674,-35117300,33.343715787852545,16,红利低波ETF,低利率避险,A股,CNY,512890.SS,,
512890,2021-11,2021-11-01,2021-11-30,0.7559999823570251,0.7760000228881836,0.7260000109672546,0.7480000257492065,0.7480000257492065,66400100,50143102.20323205,2542384.127110243,-32220100,73.9454217970579,22,红利低波ETF,低利率避险,A股,CNY,512890.SS,-0.9271482816730847,-11.36970081472497
512890,2021-12,2021-12-01,2021-12-31,0.7490000128746033,0.800000011920929,0.7490000128746033,0.7950000166893005,0.7950000166893005,77616700,60872638.78497481,11911299.901622534,-16969800,68.3592961078995,23,红利低波ETF,低利率避险,A股,CNY,512890.SS,6.283421032374714,21.397831626482766
512890,2022-01,2022-01-04,2022-01-28,0.7950000166893005,0.8389999866485596,0.7900000214576721,0.7910000085830688,0.7910000085830688,117603800,96202005.70332408,24711608.974689245,12386400,33.304664934493175,19,红利低波ETF,低利率避险,A股,CNY,512890.SS,-0.5031456631773845,58.03817219612568
512890,2022-02,2022-02-07,2022-02-28,0.7910000085830688,0.8820000290870667,0.7910000085830688,0.8180000185966492,0.8180000185966492,143661946,119804079.6806091,824777.8460627794,12969154,43.13105939676618,16,红利低波ETF,低利率避险,A股,CNY,512890.SS,3.413401987434339,24.533868919605585
512890,2022-03,2022-03-01,2022-03-31,0.8180000185966492,0.847000002861023,0.7329999804496765,0.8420000076293945,0.8420000076293945,340005498,274982335.3591995,74011121.0154252,102887752,76.98229612472878,23,红利低波ETF,低利率避险,A股,CNY,512890.SS,2.9339839226311337,129.5266873150621
512890,2022-04,2022-04-01,2022-04-29,0.8389999866485596,0.871999979019165,0.7839999794960022,0.8330000042915344,0.8330000042915344,451141766,378387307.66594803,-34833642.48137081,60928618,38.61461498543938,19,红利低波ETF,低利率避险,A股,CNY,512890.SS,-1.0688839971865427,37.604223621009815
512890,2022-05,2022-05-05,2022-05-31,0.8330000042915344,0.8500000238418579,0.7960000038146973,0.843999981880188,0.843999981880188,485526900,404356785.6567681,108473224.59618449,189260118,54.24860972896011,19,红利低波ETF,低利率避险,A股,CNY,512890.SS,1.320525514043558,6.86320007692931
512890,2022-06,2022-06-01,2022-06-30,0.8399999737739563,0.8610000014305115,0.8190000057220459,0.8479999899864197,0.8479999899864197,529258600,444273191.203326,114226093.5110867,322764318,59.31941000366539,21,红利低波ETF,低利率避险,A股,CNY,512890.SS,0.4739346199179817,9.871580485962305
512890,2022-07,2022-07-01,2022-07-29,0.8500000238418579,0.8539999723434448,0.8069999814033508,0.8169999718666077,0.8169999718666077,473824900,392866253.28404903,-4089414.3948853016,316111818,55.822826407932936,21,红利低波ETF,低利率避险,A股,CNY,512890.SS,-3.655662557296546,-11.571019574699037
512890,2022-08,2022-08-01,2022-08-31,0.8169999718666077,0.8560000061988831,0.7879999876022339,0.847000002861023,0.847000002861023,562811200,463701348.1410265,165575571.09024525,514994518,77.49257037266322,23,红利低波ETF,低利率避险,A股,CNY,512890.SS,3.6719745443655194,18.03033329150887
512890,2022-09,2022-09-01,2022-09-30,0.8479999899864197,0.8960000276565552,0.828000009059906,0.8349999785423279,0.8349999785423279,575103500,496232380.8122158,10170294.47107315,522588418,36.33870805012132,21,红利低波ETF,低利率避险,A股,CNY,512890.SS,-1.4167679194995286,7.01551392973212
512890,2022-10,2022-10-10,2022-10-31,0.8349999785423279,0.8519999980926514,0.7710000276565552,0.7720000147819519,0.7720000147819519,381544800,314724394.7322428,-69731804.88777757,433673018,43.72505843950759,16,红利低波ETF,低利率避险,A股,CNY,512890.SS,-7.544906033453557,-36.57721525203315
512890,2022-11,2022-11-01,2022-11-30,0.7720000147819519,0.8759999871253967,0.7680000066757202,0.8640000224113464,0.8640000224113464,511918900,418387921.6223419,111005153.5481453,569224418,70.04838221931439,22,红利低波ETF,低利率避险,A股,CNY,512890.SS,11.917099205675473,32.93787473268242
512890,2022-12,2022-12-01,2022-12-30,0.8619999885559082,0.8709999918937683,0.8059999942779541,0.8180000185966492,0.8180000185966492,425709000,357372336.32873297,-127425939.43752646,416383618,29.520579013335237,22,红利低波ETF,低利率避险,A股,CNY,512890.SS,-5.324074377488486,-14.583495875553664
512890,2023-01,2023-01-03,2023-01-31,0.8190000057220459,0.8519999980926514,0.8149999976158142,0.843999981880188,0.843999981880188,330242300,274343362.5887871,72394321.64866924,502657718,65.54018729066838,16,红利低波ETF,低利率避险,A股,CNY,512890.SS,3.178479546754054,-23.233184356936555
512890,2023-02,2023-02-01,2023-02-28,0.8450000286102295,0.8820000290870667,0.8349999785423279,0.875,0.875,492150594,422076368.0648894,32043216.852972567,537523686,60.609074538564805,20,红利低波ETF,低利率避险,A股,CNY,512890.SS,3.672988007742961,53.84967366516504
512890,2023-03,2023-03-01,2023-03-31,0.8730000257492065,0.9079999923706055,0.8669999837875366,0.8870000243186951,0.8870000243186951,359088390,319024265.7773614,202630.68760991096,537278416,59.12768934517043,23,红利低波ETF,低利率避险,A股,CNY,512890.SS,1.3714313507080078,-24.41551105075963
512890,2023-04,2023-04-03,2023-04-28,0.8889999985694885,0.9620000123977661,0.8880000114440918,0.9599999785423279,0.9599999785423279,819938312,761185608.4884131,473016894.6375215,1041638128,79.93715445597262,19,红利低波ETF,低利率避险,A股,CNY,512890.SS,8.229983339595059,138.59802847085757
512890,2023-05,2023-05-04,2023-05-31,0.9610000252723694,1.0219999551773071,0.8970000147819519,0.9229999780654907,0.9229999780654907,1721287450,1655659461.7821634,-380173423.15981984,635463078,28.62028005884099,20,红利低波ETF,低利率避险,A股,CNY,512890.SS,-3.854166802484549,117.51061020058238
512890,2023-06,2023-06-01,2023-06-30,0.9179999828338623,0.9520000219345093,0.8840000033378601,0.9110000133514404,0.9110000133514404,1577144900,1464616606.3772142,-92859037.40754724,527061578,31.059745829050357,20,红利低波ETF,低利率避险,A股,CNY,512890.SS,-1.3001045502948894,-11.538777134720046
512890,2023-07,2023-07-03,2023-07-31,0.9120000004768372,0.9750000238418579,0.9110000133514404,0.968999981880188,0.968999981880188,1166471500,1093574701.6288042,268549588.9139652,808641278,84.96059856411048,21,红利低波ETF,低利率避险,A股,CNY,512890.SS,6.366626528947439,-25.33372236343793
512890,2023-08,2023-08-01,2023-08-31,0.968999981880188,0.9760000109672546,0.9240000247955322,0.9319999814033508,0.9319999814033508,1665126154,1571157013.2346826,-457963303.1099185,314855332,35.50532677344633,23,红利低波ETF,低利率避险,A股,CNY,512890.SS,-3.818369573655167,43.67166787001862
512890,2023-09,2023-09-01,2023-09-28,0.9319999814033508,0.9620000123977661,0.9319999814033508,0.9520000219345093,0.9520000219345093,1795947248,1708545989.632921,327765158.00171345,654981980,71.4834856472971,20,红利低波ETF,低利率避险,A股,CNY,512890.SS,2.1459271384365763,8.744445987316274
512890,2023-10,2023-10-09,2023-10-31,0.9480000138282776,0.9580000042915344,0.9070000052452087,0.921999990940094,0.921999990940094,1608893210,1503455461.6803722,-190646290.0216818,444945480,45.71471869266447,17,红利低波ETF,低利率避险,A股,CNY,512890.SS,-3.1512636873110345,-12.00380494274036
512890,2023-11,2023-11-01,2023-11-30,0.921999990940094,0.9350000023841858,0.9110000133514404,0.9210000038146973,0.9210000038146973,1854977766,1712489300.1596377,170132699.20001715,627184580,64.56308678436754,22,红利低波ETF,低利率避险,A股,CNY,512890.SS,-0.10845847453611057,13.903560418453221
512890,2023-12,2023-12-01,2023-12-29,0.9200000166893005,0.9330000281333923,0.8960000276565552,0.9139999747276306,0.9139999747276306,1698777601,1553101197.5039396,-667764978.8665568,-107750821,60.82413046260923,21,红利低波ETF,低利率避险,A股,CNY,512890.SS,-0.7600465861100081,-9.307392614998522
512890,2024-01,2024-01-02,2024-01-31,0.9129999876022339,0.9800000190734863,0.8859999775886536,0.9559999704360962,0.9559999704360962,5541978672,5201902068.5518055,936348154.2093253,863463017,47.49904125703546,22,红利低波ETF,低利率避险,A股,CNY,512890.SS,4.595185653148559,234.93645339479627
512890,2024-02,2024-02-01,2024-02-29,0.9549999833106995,1.034000039100647,0.925000011920929,1.003999948501587,1.003999948501587,4157537901,4070569975.0007873,2337875332.721198,3259670054,48.18838933482136,15,红利低波ETF,低利率避险,A股,CNY,512890.SS,5.0209183629571275,-21.748431220774165
512890,2024-03,2024-03-01,2024-03-29,1.0010000467300415,1.031000018119812,0.9829999804496765,1.0149999856948853,1.0149999856948853,3997250238,4018721446.6423774,564876279.3905162,3811212901,56.37232654437412,21,红利低波ETF,低利率避险,A股,CNY,512890.SS,1.0956212905902207,-1.2737412371445545
512890,2024-04,2024-04-01,2024-04-30,1.0140000581741333,1.093999981880188,1.0110000371932983,1.0399999618530273,1.0399999618530273,6944740633,7276341204.258148,-210856204.62686527,3589388334,43.689460971760745,20,红利低波ETF,低利率避险,A股,CNY,512890.SS,2.4630518729541473,81.06109868195759
512890,2024-05,2024-05-06,2024-05-31,1.0420000553131104,1.100000023841858,1.0360000133514404,1.0850000381469727,1.0850000381469727,4406274559,4733012090.433149,1338860688.950162,4845391141,74.74479187110725,20,红利低波ETF,低利率避险,A股,CNY,512890.SS,4.326930571590215,-34.953406422676146
512890,2024-06,2024-06-03,2024-06-28,1.0839999914169312,1.0839999914169312,1.031000018119812,1.059000015258789,1.059000015258789,3579703331,3780588341.6850595,513713189.550706,5321303774,54.45050462630906,19,红利低波ETF,低利率避险,A股,CNY,512890.SS,-2.3963153893144518,-20.12299420644259
512890,2024-07,2024-07-01,2024-07-31,1.0579999685287476,1.0809999704360962,1.0099999904632568,1.0240000486373901,1.0240000486373901,4478141804,4685892995.337778,-556346039.9689766,4768764936,41.0688606590503,23,红利低波ETF,低利率避险,A股,CNY,512890.SS,-3.305001521916495,23.946131443901454
512890,2024-08,2024-08-01,2024-08-30,1.0230000019073486,1.0490000247955322,0.9980000257492065,1.003000020980835,1.003000020980835,3731307637,3816393404.7713113,-135810444.425516,4615438697,39.28172364829102,22,红利低波ETF,低利率避险,A股,CNY,512890.SS,-2.0507838534284617,-18.555686001186412
512890,2024-09,2024-09-02,2024-09-30,1.0019999742507935,1.1399999856948853,0.9409999847412109,1.1269999742507935,1.1269999742507935,4925386280,5012890109.4772005,1793150198.7631888,6244977811,78.79781467211241,19,红利低波ETF,低利率避险,A股,CNY,512890.SS,12.36290634856605,31.351503312263663
512890,2024-10,2024-10-08,2024-10-31,1.222000002861023,1.2400000095367432,1.0520000457763672,1.062999963760376,1.062999963760376,5320476199,5812208593.64645,-545301743.4231348,5662745742,37.341628699494116,18,红利低波ETF,低利率避险,A股,CNY,512890.SS,-5.6787943170063855,15.945262447666364
512890,2024-11,2024-11-01,2024-11-29,1.0609999895095825,1.1180000305175781,1.0609999895095825,1.0850000381469727,1.0850000381469727,4194479226,4560564881.72657,1022031725.2448201,6596506142,55.457710446086395,21,红利低波ETF,低利率避险,A股,CNY,512890.SS,2.0696213675089004,-21.534734890418417
512890,2024-12,2024-12-02,2024-12-31,1.0870000123977661,1.149999976158142,1.0789999961853027,1.1239999532699585,1.1239999532699585,9403364909,10475236218.551426,3789037154.0030613,9986381184,57.13808025735754,22,红利低波ETF,低利率避险,A股,CNY,512890.SS,3.594462096940765,129.69163886964895
512890,2025-01,2025-01-02,2025-01-27,1.121000051498413,1.128999948501587,1.0529999732971191,1.097000002861023,1.097000002861023,5895517247,6386122437.072476,-56964667.52482343,9920528937,58.15280345379046,18,红利低波ETF,低利率避险,A股,CNY,512890.SS,-2.402130919168355,-39.03600545291012
512890,2025-02,2025-02-05,2025-02-28,1.0980000495910645,1.1030000448226929,1.069000005722046,1.0839999914169312,1.0839999914169312,6791993682,7373183988.3544655,211244936.10326326,10106362049,51.12068244430689,18,红利低波ETF,低利率避险,A股,CNY,512890.SS,-1.1850511768630057,15.456351816118286
512890,2025-03,2025-03-03,2025-03-31,1.0839999914169312,1.121000051498413,1.0729999542236328,1.1119999885559082,1.1119999885559082,6142964786,6750405444.635381,-587532646.932766,9564990713,73.30113592465534,21,红利低波ETF,低利率避险,A股,CNY,512890.SS,2.5830255867785867,-8.446534695224328
512890,2025-04,2025-04-01,2025-04-30,1.1109999418258667,1.1330000162124634,1.0420000553131104,1.1089999675750732,1.1089999675750732,8149331099,8997507430.558918,573178371.8755697,10025825504,56.206319772222315,21,红利低波ETF,低利率避险,A股,CNY,512890.SS,-0.2697860622040915,33.28840029467168
512890,2025-05,2025-05-06,2025-05-30,1.1089999675750732,1.1610000133514404,1.1019999980926514,1.159000039100647,1.159000039100647,5698500508,6509917724.22439,1765514684.5725431,11578923079,72.37175972661996,19,红利低波ETF,低利率避险,A股,CNY,512890.SS,4.50857285730164,-27.6475426726044
512890,2025-06,2025-06-03,2025-06-30,1.156999945640564,1.2100000381469727,1.1549999713897705,1.1859999895095825,1.1859999895095825,6967991024,8208848450.761408,347346046.63521636,11859156562,52.509161523576395,20,红利低波ETF,低利率避险,A股,CNY,512890.SS,2.329590120625613,26.09757601413363
512890,2025-07,2025-07-01,2025-07-31,1.187999963760376,1.2359999418258667,1.1749999523162842,1.1799999475479126,1.1799999475479126,10727892615,12966952580.676777,-589808401.5452434,11341313387,31.449457019182105,23,红利低波ETF,低利率避险,A股,CNY,512890.SS,-0.5059057348011375,57.96311332162594
512890,2025-08,2025-08-01,2025-08-29,1.1799999475479126,1.2200000286102295,1.1720000505447388,1.194000005722046,1.194000005722046,8190722702,9834057784.481827,1520271798.2951326,12602546900,59.59848340726959,21,红利低波ETF,低利率避险,A股,CNY,512890.SS,1.1864456607159957,-24.1606096475093
512890,2025-09,2025-09-01,2025-09-30,1.194000005722046,1.2009999752044678,1.1360000371932983,1.1390000581741333,1.1390000581741333,8112874889,9500873242.105608,-2184832764.9395704,10701060686,35.76363811150452,22,红利低波ETF,低利率避险,A股,CNY,512890.SS,-4.606360744081616,-3.3880677709865137
512890,2025-10,2025-10-09,2025-10-31,1.1380000114440918,1.2070000171661377,1.1330000162124634,1.187999963760376,1.187999963760376,10423549069,12317989567.68456,4996260522.919197,14972196382,68.61064906255694,16,红利低波ETF,低利率避险,A股,CNY,512890.SS,4.302010806284917,29.651130520236425
512890,2025-11,2025-11-03,2025-11-28,1.1890000104904175,1.2480000257492065,1.187999963760376,1.2039999961853027,1.2039999961853027,11082616858,13500744483.366074,1186976658.625659,15927891073,37.11445818974153,20,红利低波ETF,低利率避险,A股,CNY,512890.SS,1.346804117256184,9.601850279077961
512890,2025-12,2025-12-01,2025-12-31,1.2039999961853027,1.2130000591278076,1.1640000343322754,1.1759999990463257,1.1759999990463257,11940112027,14121404508.060415,-2171100594.571319,14109246949,41.24768963589936,23,红利低波ETF,低利率避险,A股,CNY,512890.SS,-2.3255811650906066,4.597228141448362
512890,2026-01,2026-01-05,2026-01-30,1.1759999990463257,1.1770000457763672,1.1399999856948853,1.1679999828338623,1.1679999828338623,14811316279,17166195137.234663,688056915.6441935,14674972256,45.95959808233984,20,红利低波ETF,低利率避险,A股,CNY,512890.SS,-0.6802734880060335,21.561528298663912
512890,2026-02,2026-02-02,2026-02-27,1.1649999618530273,1.190000057220459,1.1430000066757202,1.1720000505447388,1.1720000505447388,8478355142,9925172385.037819,-1294290645.1482825,13525775442,51.47694989915057,14,红利低波ETF,低利率避险,A股,CNY,512890.SS,0.3424715556220592,-42.181873701823214
512890,2026-03,2026-03-02,2026-03-31,1.1699999570846558,1.2139999866485596,1.152999997138977,1.1979999542236328,1.1979999542236328,15900071069,18909006588.35238,1387180885.9331846,14639352307,52.134708733864684,22,红利低波ETF,低利率避险,A股,CNY,512890.SS,2.218421719931629,90.51564904663695
512890,2026-04,2026-04-01,2026-04-30,1.1990000009536743,1.2059999704360962,1.1720000505447388,1.187999963760376,1.187999963760376,12177671774,14485644859.372925,-1003878288.5620021,13763343921,55.89662999932273,21,红利低波ETF,低利率避险,A股,CNY,512890.SS,-0.8347237767414861,-23.392882689586504
512890,2026-05,2026-05-06,2026-05-29,1.187999963760376,1.1890000104904175,1.1419999599456787,1.1670000553131104,1.1670000553131104,10906606397,12718711550.413006,-5855751403.573788,8724651324,28.86234943184155,18,红利低波ETF,低利率避险,A股,CNY,512890.SS,-1.7676691151399249,-12.197822921335987
512890,2026-06,2026-06-01,2026-06-30,1.1660000085830688,1.190999984741211,1.062000036239624,1.0670000314712524,1.0670000314712524,16537040330,18775635655.319084,-4884055751.263638,4234402170,20.923215549967054,21,红利低波ETF,低利率避险,A股,CNY,512890.SS,-8.568981928199438,47.62215166920265
512890,2026-07,2026-07-01,2026-07-31,1.0670000314712524,1.2070000171661377,1.062000036239624,1.2039999961853027,1.2039999961853027,19392586812,22231946442.68863,10368020070.362583,13305486544,74.4558248387093,23,红利低波ETF,低利率避险,A股,CNY,512890.SS,12.839733896272287,18.408488803362477
512890,2026-08,2026-08-03,2026-08-31,1.1990000009536743,1.2100000381469727,1.149999976158142,1.1920000314712524,1.1920000314712524,15052003275,17664837378.608883,-362666074.78664374,12978792385,62.429196705653744,21,红利低波ETF,低利率避险,A股,CNY,512890.SS,-0.9966748132948844,-20.543001378008995
512890,2026-09,2026-09-01,2026-09-30,1.194000005722046,1.2170000076293945,1.1749999523162842,1.1959999799728394,1.1959999799728394,12451601234,14906799887.592205,1191284669.8233917,13938120362,41.71731687270765,21,红利低波ETF,低利率避险,A股,CNY,512890.SS,0.33556614060235024,-15.61314962546162
513040,2023-05,2023-05-31,2023-05-31,1.0,1.0,1.0,1.0,1.0,0,0.0,0.0,0,,1,恒生互联网ETF,互联网赛道,港股,CNY,513040.SS,,
513040,2023-06,2023-06-02,2023-06-30,1.0023000240325928,1.0800000429153442,0.902999997138977,0.9940000176429749,0.9940000176429749,344657754,351673054.6210916,-109906715.34122539,-111469754,40.913726868981406,17,恒生互联网ETF,互联网赛道,港股,CNY,513040.SS,-0.5999982357025146,inf
513040,2023-07,2023-07-03,2023-07-31,0.9980000257492065,1.1519999504089355,0.9599999785423279,1.128000020980835,1.128000020980835,162641700,167407945.2979386,26942553.278118372,-87417454,63.10635747913276,21,恒生互联网ETF,互联网赛道,港股,CNY,513040.SS,13.480885408393451,-52.39670964319076
513040,2023-08,2023-08-01,2023-08-31,1.1330000162124634,1.1540000438690186,0.9980000257492065,1.0440000295639038,1.0440000295639038,225050300,239456978.0850768,-1790960.5121731758,-90483554,48.848936689521096,23,恒生互联网ETF,互联网赛道,港股,CNY,513040.SS,-7.446807611217087,43.038000770460094
513040,2023-09,2023-09-01,2023-09-28,1.0390000343322754,1.0709999799728394,0.9599999785423279,0.9649999737739563,0.9649999737739563,91604300,93356304.96952534,920661.021232605,-90715054,32.9906397549007,20,恒生互联网ETF,互联网赛道,港股,CNY,513040.SS,-7.567054938010598,-61.013328692239355
513040,2023-10,2023-10-09,2023-10-31,0.9729999899864197,1.062999963760376,0.9259999990463257,0.9580000042915344,0.9580000042915344,141715600,137211539.95640278,-17672212.69659996,-109553654,30.559635726206295,17,恒生互联网ETF,互联网赛道,港股,CNY,513040.SS,-0.7253854583069153,46.97618977228508
513040,2023-11,2023-11-01,2023-11-30,0.9599999785423279,1.0570000410079956,0.9430000185966492,0.9559999704360962,0.9559999704360962,83994075,84244627.52872884,4271563.108966947,-105509729,41.270326751569556,22,恒生互联网ETF,互联网赛道,港股,CNY,513040.SS,-0.20877180025873354,-38.602374439135
513040,2023-12,2023-12-01,2023-12-29,0.9559999704360962,0.9620000123977661,0.8519999980926514,0.890999972820282,0.890999972820282,89615944,81301130.4629274,-17775460.104985297,-125842473,53.17994925771294,21,恒生互联网ETF,互联网赛道,港股,CNY,513040.SS,-6.799163140785803,-3.493987868600479
513040,2024-01,2024-01-02,2024-01-31,0.8999999761581421,0.9039999842643738,0.7080000042915344,0.7089999914169312,0.7089999914169312,110822544,88325685.4308247,-34852631.117399395,-168892811,32.606844960567585,22,恒生互联网ETF,互联网赛道,港股,CNY,513040.SS,-20.426485629092262,8.640168873298059
513040,2024-02,2024-02-01,2024-02-29,0.7089999914169312,0.828000009059906,0.7070000171661377,0.8050000071525574,0.8050000071525574,131601900,101624750.49372315,-18193722.894507647,-193364111,58.09469957953675,15,恒生互联网ETF,互联网赛道,港股,CNY,513040.SS,13.540199844540313,15.056848976636683
513040,2024-03,2024-03-01,2024-03-29,0.7929999828338623,0.9070000052452087,0.7900000214576721,0.8939999938011169,0.8939999938011169,412940335,351565340.06058073,79719003.58538651,-103433260,51.86900829141385,21,恒生互联网ETF,互联网赛道,港股,CNY,513040.SS,11.0558988643205,245.94460340868943
513040,2024-04,2024-04-01,2024-04-30,0.9020000100135803,1.0679999589920044,0.8240000009536743,0.9629999995231628,0.9629999995231628,259664913,238390574.53537142,-18886733.48191154,-122824147,67.03804977138168,20,恒生互联网ETF,互联网赛道,港股,CNY,513040.SS,7.718121498935493,-32.191673247911
513040,2024-05,2024-05-06,2024-05-31,1.027999997138977,1.100000023841858,0.9700000286102295,0.972000002861023,0.972000002861023,390573121,402600448.1897695,96018308.30246472,-37291220,45.16374447494266,20,恒生互联网ETF,互联网赛道,港股,CNY,513040.SS,0.9345797863256955,68.88270393007222
513040,2024-06,2024-06-03,2024-06-28,0.9729999899864197,1.0199999809265137,0.9300000071525574,0.9330000281333923,0.9330000281333923,404754539,395614691.0669922,-27397012.729530632,-68610612,43.52909380625746,19,恒生互联网ETF,互联网赛道,港股,CNY,513040.SS,-4.0123430671642595,-1.7351588042655353
513040,2024-07,2024-07-01,2024-07-31,0.9309999942779541,0.9700000286102295,0.8669999837875366,0.8989999890327454,0.8989999890327454,351063038,323396074.47897,16559572.196886957,-51291574,45.74700718724582,23,恒生互联网ETF,互联网赛道,港股,CNY,513040.SS,-3.644162709048271,-18.25478634103427
513040,2024-08,2024-08-01,2024-08-30,0.8970000147819519,0.9150000214576721,0.843999981880188,0.9049999713897705,0.9049999713897705,405291517,354654502.57298833,58489656.999408066,12766343,65.3706120868411,22,恒生互联网ETF,互联网赛道,港股,CNY,513040.SS,0.6674062769990385,9.665679505967862
513040,2024-09,2024-09-02,2024-09-30,0.9100000262260437,1.2100000381469727,0.8659999966621399,1.2100000381469727,1.2100000381469727,505774781,498104419.9693489,308007754.95652866,304695026,93.42300021659598,19,恒生互联网ETF,互联网赛道,港股,CNY,513040.SS,33.70166590047803,40.44779252924848
513040,2024-10,2024-10-08,2024-10-31,1.3309999704360962,1.3309999704360962,1.0700000524520874,1.121000051498413,1.121000051498413,1433728311,1630510354.555564,551020307.5421424,768142109,53.15398360894137,18,恒生互联网ETF,互联网赛道,港股,CNY,513040.SS,-7.355370565513086,227.34308092586252
513040,2024-11,2024-11-01,2024-11-29,1.125,1.246000051498413,1.0839999914169312,1.1109999418258667,1.1109999418258667,598285194,681326817.369204,-166498117.39339304,621448503,42.5064891610837,21,恒生互联网ETF,互联网赛道,港股,CNY,513040.SS,-0.8920704025998427,-58.2138920206418
513040,2024-12,2024-12-02,2024-12-31,1.1130000352859497,1.2510000467300415,1.1080000400543213,1.1319999694824219,1.1319999694824219,272977534,314127485.23889303,50873543.921815395,664277554,49.638560939889075,22,恒生互联网ETF,互联网赛道,港股,CNY,513040.SS,1.8901916072149305,-53.89474225426378
513040,2025-01,2025-01-02,2025-01-27,1.1319999694824219,1.1720000505447388,1.0449999570846558,1.1549999713897705,1.1549999713897705,241104362,267882304.292284,55887601.82270336,711437144,75.41890064465105,18,恒生互联网ETF,互联网赛道,港股,CNY,513040.SS,2.0318023434103827,-14.721787528856222
513040,2025-02,2025-02-05,2025-02-28,1.246000051498413,1.5470000505447388,1.2000000476837158,1.402999997138977,1.402999997138977,2342560398,3341528501.6905932,1358654910.35137,1692661060,72.869471243473,18,恒生互联网ETF,互联网赛道,港股,CNY,513040.SS,21.471864233104434,1147.3867994075042
513040,2025-03,2025-03-03,2025-03-31,1.4240000247955322,1.600000023841858,1.375,1.3899999856948853,1.3899999856948853,2151083948,3211283558.968376,-12288214.353203416,1697074406,52.358806602499996,21,恒生互联网ETF,互联网赛道,港股,CNY,513040.SS,-0.9265867049609189,-3.8977654284954255
513040,2025-04,2025-04-01,2025-04-30,1.4019999504089355,1.4199999570846558,1.1449999809265137,1.3370000123977661,1.3370000123977661,1958050497,2499261264.6246533,1210949743.4736385,2643262551,51.856649449702715,21,恒生互联网ETF,互联网赛道,港股,CNY,513040.SS,-3.812947758457963,-22.172513926875393
513040,2025-05,2025-05-06,2025-05-30,1.378000020980835,1.4299999475479126,1.3339999914169312,1.343999981880188,1.343999981880188,1403779534,1931572063.296477,55149952.255792856,2674584929,46.474480179343956,19,恒生互联网ETF,互联网赛道,港股,CNY,513040.SS,0.5235579220278508,-22.714279989988707
513040,2025-06,2025-06-03,2025-06-30,1.350000023841858,1.4470000267028809,1.343999981880188,1.437000036239624,1.437000036239624,982950026,1379509705.553474,438219871.1161971,2982867785,55.94881025448284,20,恒生互联网ETF,互联网赛道,港股,CNY,513040.SS,6.919646995034445,-28.580986867289717
513040,2025-07,2025-07-01,2025-07-31,1.4320000410079956,1.5499999523162842,1.36899995803833,1.5080000162124634,1.5080000162124634,1230200681,1811994135.3851247,519061204.47518826,3326466668,58.62521388683696,23,恒生互联网ETF,互联网赛道,港股,CNY,513040.SS,4.940847472671872,31.350589857440212
513040,2025-08,2025-08-01,2025-08-29,1.5119999647140503,1.6349999904632568,1.468000054359436,1.5640000104904175,1.5640000104904175,2509817237,3891234923.004286,772126822.8197969,3817684189,53.55448670482072,21,恒生互联网ETF,互联网赛道,港股,CNY,513040.SS,3.713527432088859,114.74875922692958
513040,2025-09,2025-09-01,2025-09-30,1.6139999628067017,1.7549999952316284,1.5479999780654907,1.7450000047683716,1.7450000047683716,4677575950,7824016763.974072,2132885601.892005,5023111601,69.40935183390127,22,恒生互联网ETF,互联网赛道,港股,CNY,513040.SS,11.572889582091417,101.06770520895263
513040,2025-10,2025-10-09,2025-10-31,1.746999979019165,1.746999979019165,1.5329999923706055,1.5700000524520874,1.5700000524520874,4077794623,6550163947.40898,-2070002145.3921008,3755229866,41.16987039981217,16,恒生互联网ETF,互联网赛道,港股,CNY,513040.SS,-10.028650535133576,-16.28131502006216
513040,2025-11,2025-11-03,2025-11-28,1.5709999799728394,1.590000033378601,1.4149999618530273,1.4709999561309814,1.4709999561309814,6797100508,10198465999.609283,-2363897176.088004,2119029520,43.70395681745456,20,恒生互联网ETF,互联网赛道,港股,CNY,513040.SS,-6.305738408510475,55.69787384701181
513040,2025-12,2025-12-01,2025-12-31,1.4670000076293945,1.4900000095367432,1.378000020980835,1.3799999952316284,1.3799999952316284,8569162205,12178260859.210793,-631916557.8027998,1645796143,41.516049196173654,23,恒生互联网ETF,互联网赛道,港股,CNY,513040.SS,-6.186265371394084,19.41267304001757
513040,2026-01,2026-01-05,2026-01-30,1.4129999876022339,1.5750000476837158,1.4079999923706055,1.475000023841858,1.475000023841858,12692941241,18814047059.56008,35092270.14352107,1620024740,45.978759528829606,20,恒生互联网ETF,互联网赛道,港股,CNY,513040.SS,6.8840600680063035,54.48878355508735
513040,2026-02,2026-02-02,2026-02-27,1.4570000171661377,1.4620000123977661,1.2619999647140503,1.2730000019073486,1.2730000019073486,6545356062,8945613412.98531,-5643718672.811488,-2517580474,20.167148794968767,14,恒生互联网ETF,互联网赛道,港股,CNY,513040.SS,-13.694916519958422,-52.45247668050386
513040,2026-03,2026-03-02,2026-03-31,1.246000051498413,1.2630000114440918,1.1009999513626099,1.1069999933242798,1.1069999933242798,13368211875,15802638758.382906,-3358864357.895919,-5439943465,33.90310309991084,22,恒生互联网ETF,互联网赛道,港股,CNY,513040.SS,-13.040063498377796,76.65237730309302
513040,2026-04,2026-04-01,2026-04-30,1.1319999694824219,1.1929999589920044,1.0870000123977661,1.0980000495910645,1.0980000495910645,7881895642,8982265780.20269,-964322592.6259665,-6363239018,42.38876021226843,21,恒生互联网ETF,互联网赛道,港股,CNY,513040.SS,-0.8130030521670384,-43.159709479293
513040,2026-05,2026-05-06,2026-05-29,1.1160000562667847,1.1749999523162842,0.9739999771118164,0.9980000257492065,0.9980000257492065,9322755576,10056573008.583246,1112705644.223785,-5453928094,24.212353851879996,18,恒生互联网ETF,互联网赛道,港股,CNY,513040.SS,-9.107469883913177,11.96031440918144
513040,2026-06,2026-06-01,2026-06-30,1.0,1.0880000591278076,0.8270000219345093,0.8560000061988831,0.8560000061988831,12323234269,11725795560.247105,-2016914380.4218116,-7852364887,17.912869955226512,21,恒生互联网ETF,互联网赛道,港股,CNY,513040.SS,-14.228458505672181,16.598323805129066
513040,2026-07,2026-07-01,2026-07-31,0.8550000190734863,1.0119999647140503,0.8529999852180481,0.9929999709129333,0.9929999709129333,22158127501,21198049554.26371,5384571896.784178,-2157572965,59.962186547159895,23,恒生互联网ETF,互联网赛道,港股,CNY,513040.SS,16.004668659105104,80.78133330355446
513040,2026-08,2026-08-03,2026-08-31,1.0049999952316284,1.0379999876022339,0.9120000004768372,0.9240000247955322,0.9240000247955322,13829208736,13537581999.6096,-42032293.49006152,-2396589373,27.30831811621792,21,恒生互联网ETF,互联网赛道,港股,CNY,513040.SS,-6.948635260680291,-36.13760565586237
513040,2026-09,2026-09-01,2026-09-30,0.9160000085830688,0.9309999942779541,0.8450000286102295,0.8619999885559082,0.8619999885559082,6986237912,6168026048.600868,-1689873962.5547996,-4319796301,41.29279198904363,21,恒生互联网ETF,互联网赛道,港股,CNY,513040.SS,-6.709960451932206,-54.437756692600324
513050,2021-10,2021-10-08,2021-10-29,1.4520000219345093,1.5920000076293945,1.4329999685287476,1.4830000400543213,1.4830000400543213,16611766285,25185920357.279156,-6249065386.418041,-4199376475,36.10118279643491,16,恒生科技ETF,港股成长,港股,CNY,513050.SS,,
513050,2021-11,2021-11-01,2021-11-30,1.4620000123977661,1.5360000133514404,1.38100004196167,1.3869999647140503,1.3869999647140503,22468376418,32816925336.574806,-1152822542.8216953,-5230404581,53.73555688070557,22,恒生科技ETF,港股成长,港股,CNY,513050.SS,-6.473369706500787,30.29869415548343
513050,2021-12,2021-12-01,2021-12-31,1.3799999952316284,1.3930000066757202,1.1970000267028809,1.2640000581741333,1.2640000581741333,25497670820,32844647520.797684,-9248503095.531368,-12564498631,23.387156446164013,23,恒生科技ETF,港股成长,港股,CNY,513050.SS,-8.868054049682339,0.08447526372004077
513050,2022-01,2022-01-04,2022-01-28,1.2519999742507935,1.3370000123977661,1.1950000524520874,1.2130000591278076,1.2130000591278076,38504927600,48758602633.20603,-9284939135.24194,-19938165079,39.619579959335404,19,恒生科技ETF,港股成长,港股,CNY,513050.SS,-4.034809865435918,48.45220245500097
513050,2022-02,2022-02-07,2022-02-28,1.2690000534057617,1.3009999990463257,1.128000020980835,1.1449999809265137,1.1449999809265137,33356161313,40858745948.277405,-10564822235.725597,-29215821932,30.897117631651668,16,恒生科技ETF,港股成长,港股,CNY,513050.SS,-5.605941870290476,-16.201975155761726
513050,2022-03,2022-03-01,2022-03-31,1.1469999551773071,1.1740000247955322,0.8629999756813049,1.0410000085830688,1.0410000085830688,73502795682,75305869183.9448,2103437091.8103404,-27897643566,60.422602945400484,23,恒生科技ETF,港股成长,港股,CNY,513050.SS,-9.082967168199419,84.3078328426271
513050,2022-04,2022-04-01,2022-04-29,1.0099999904632568,1.0729999542236328,0.9049999713897705,1.0640000104904175,1.0640000104904175,34960204393,34580329709.85504,-1712974185.85995,-30036056717,63.17629725755142,19,恒生科技ETF,港股成长,港股,CNY,513050.SS,2.2094141899820396,-54.08016654666332
513050,2022-05,2022-05-05,2022-05-31,1.0520000457763672,1.0829999446868896,0.9390000104904175,1.0709999799728394,1.0709999799728394,37723261356,38210454854.67641,1523269814.3432353,-28844664999,62.60783954570734,19,恒生科技ETF,港股成长,港股,CNY,513050.SS,0.657891862162252,10.497659146919048
513050,2022-06,2022-06-01,2022-06-30,1.0720000267028809,1.25600004196167,1.0520000457763672,1.1670000553131104,1.1670000553131104,49370740283,56917702592.61312,4505929607.865349,-25295886070,43.63778826080592,21,恒生科技ETF,港股成长,港股,CNY,513050.SS,8.963592636360795,48.95845341042104
513050,2022-07,2022-07-01,2022-07-29,1.1740000247955322,1.2079999446868896,1.0360000133514404,1.0399999618530273,1.0399999618530273,32525994108,36464892361.106224,-2217867834.5044184,-27748844326,48.50530119794136,21,恒生科技ETF,港股成长,港股,CNY,513050.SS,-10.88261246277391,-35.934005238927725
513050,2022-08,2022-08-01,2022-08-31,1.0230000019073486,1.1080000400543213,1.0010000467300415,1.0870000123977661,1.0870000123977661,31081275038,32419893431.678368,7555995020.047445,-20842204130,57.12316234611034,23,恒生科技ETF,港股成长,港股,CNY,513050.SS,4.51923579506639,-11.0928585483562
513050,2022-09,2022-09-01,2022-09-30,1.0820000171661377,1.1009999513626099,0.9430000185966492,0.9480000138282776,0.9480000138282776,26575441818,26863160816.630665,-12890517872.223524,-33562125827,33.275359736010174,21,恒生科技ETF,港股成长,港股,CNY,513050.SS,-12.787488223010634,-17.139885505046315
513050,2022-10,2022-10-10,2022-10-31,0.9509999752044678,0.9660000205039978,0.8119999766349792,0.8240000009536743,0.8240000009536743,31784126659,28308707191.37331,-9849294240.569427,-44843330298,35.93057897245518,16,恒生科技ETF,港股成长,港股,CNY,513050.SS,-13.080169943654118,5.38114775327454
513050,2022-11,2022-11-01,2022-11-30,0.8349999785423279,1.0169999599456787,0.8320000171661377,0.9850000143051147,0.9850000143051147,41874144192,39037604756.51313,10889126640.360056,-33377660032,65.5488108520992,22,恒生科技ETF,港股成长,港股,CNY,513050.SS,19.538836549163065,37.899638060509176
513050,2022-12,2022-12-01,2022-12-30,1.0299999713897705,1.0859999656677246,1.0069999694824219,1.0410000085830688,1.0410000085830688,27250575503,28459929253.410637,6172688307.545668,-27698694243,50.88810479666643,22,恒生科技ETF,港股成长,港股,CNY,513050.SS,5.685278524331827,-27.09611813808246
513050,2023-01,2023-01-03,2023-01-31,1.031000018119812,1.2059999704360962,1.0169999599456787,1.1269999742507935,1.1269999742507935,24278624579,27560987080.362476,2603726953.5241866,-25347178572,61.221376297628886,16,恒生科技ETF,港股成长,港股,CNY,513050.SS,8.26128385769962,-3.158624060670956
513050,2023-02,2023-02-01,2023-02-28,1.1430000066757202,1.1820000410079956,1.0260000228881836,1.034000039100647,1.034000039100647,34903994239,38331275932.98572,-4011089809.384871,-29493421818,28.86202330045856,20,恒生科技ETF,港股成长,港股,CNY,513050.SS,-8.251990885090388,39.07802293589548
513050,2023-03,2023-03-01,2023-03-31,1.0360000133514404,1.1200000047683716,0.9950000047683716,1.1119999885559082,1.1119999885559082,35238859517,36867496606.37188,5766276228.354351,-24349970615,66.46753289635697,23,恒生科技ETF,港股成长,港股,CNY,513050.SS,7.543515135947576,-3.8187597229295323
513050,2023-04,2023-04-03,2023-04-28,1.1119999885559082,1.1130000352859497,0.9909999966621399,1.0149999856948853,1.0149999856948853,18781358485,19788018057.182835,-9081680478.76981,-32910710036,36.79908597969865,19,恒生科技ETF,港股成长,港股,CNY,513050.SS,-8.723021929792585,-46.32665659820571
513050,2023-05,2023-05-04,2023-05-31,1.003999948501587,1.0410000085830688,0.9670000076293945,0.9700000286102295,0.9700000286102295,16562909730,16678756753.103304,-1677780140.144825,-34704100472,49.12785154753506,20,恒生科技ETF,港股成长,港股,CNY,513050.SS,-4.433493371317443,-15.712848528308786
513050,2023-06,2023-06-01,2023-06-30,0.9750000238418579,1.0859999656677246,0.9739999771118164,0.9990000128746033,0.9990000128746033,17888949710,18304269129.067677,1537369481.987095,-33252654012,51.1775996989313,20,恒生科技ETF,港股成长,港股,CNY,513050.SS,2.9896890112388608,9.746004453610869
513050,2023-07,2023-07-03,2023-07-31,1.003000020980835,1.1339999437332153,0.9909999966621399,1.1180000305175781,1.1180000305175781,20109975981,21000092738.205185,9804066074.095615,-24047918364,72.9423703460804,21,恒生科技ETF,港股成长,港股,CNY,513050.SS,11.911913524460793,14.727840757413624
513050,2023-08,2023-08-01,2023-08-31,1.125,1.1390000581741333,1.0080000162124634,1.0570000410079956,1.0570000410079956,22723830742,24216384352.756462,-511288469.78234065,-24575405062,62.81363673770418,23,恒生科技ETF,港股成长,港股,CNY,513050.SS,-5.456170647986703,15.31560671967853
513050,2023-09,2023-09-01,2023-09-28,1.0640000104904175,1.0889999866485596,0.9919999837875366,0.9990000128746033,0.9990000128746033,12090357972,12479301139.594227,-4072619319.9388676,-28586925532,41.205502014534964,20,恒生科技ETF,港股成长,港股,CNY,513050.SS,-5.487230452524983,-48.46752943044632
513050,2023-10,2023-10-09,2023-10-31,1.0080000162124634,1.0449999570846558,0.9620000123977661,0.9810000061988831,0.9810000061988831,10943685615,10904821967.021618,1190410375.295484,-27483489155,49.76458986151555,17,恒生科技ETF,港股成长,港股,CNY,513050.SS,-1.8018024468213545,-12.616725527819138
513050,2023-11,2023-11-01,2023-11-30,0.9850000143051147,1.0290000438690186,0.9700000286102295,0.9879999756813049,0.9879999756813049,13289047035,13288533593.663315,-829173251.3126888,-28351854076,62.41163723604363,22,恒生科技ETF,港股成长,港股,CNY,513050.SS,0.7135544789183879,21.859243863407606
513050,2023-12,2023-12-01,2023-12-29,0.9890000224113464,0.9900000095367432,0.9010000228881836,0.9390000104904175,0.9390000104904175,13902378985,13147420763.694403,-1401349637.7671454,-29911322217,47.91300380046907,21,恒生科技ETF,港股成长,港股,CNY,513050.SS,-4.959510768924669,-1.0619142358657463
513050,2024-01,2024-01-02,2024-01-31,0.9480000138282776,0.9570000171661377,0.8209999799728394,0.8309999704360962,0.8309999704360962,17321719784,15198016270.805342,-3574912383.293682,-34057155740,49.27592639054559,22,恒生科技ETF,港股成长,港股,CNY,513050.SS,-11.501601581230592,15.596941361863937
513050,2024-02,2024-02-01,2024-02-29,0.8370000123977661,0.9290000200271606,0.8330000042915344,0.8989999890327454,0.8989999890327454,17476412737,15472114039.886026,3935416517.1099224,-29649410582,62.159929697535624,15,恒生科技ETF,港股成长,港股,CNY,513050.SS,8.18291468301302,1.8035101699898304
513050,2024-03,2024-03-01,2024-03-29,0.8920000195503235,0.9459999799728394,0.8690000176429749,0.9319999814033508,0.9319999814033508,21829898789,19876882248.51795,4241371528.0074606,-25154596051,54.792997724454196,21,恒生科技ETF,港股成长,港股,CNY,513050.SS,3.6707444686524315,28.469077963597854
513050,2024-04,2024-04-01,2024-04-30,0.9359999895095825,1.0420000553131104,0.8939999938011169,1.0099999904632568,1.0099999904632568,19714549811,18926527091.816837,-488233394.0136664,-25817792412,63.78832411946776,20,恒生科技ETF,港股成长,港股,CNY,513050.SS,8.369099851531981,-4.7812083646668
513050,2024-05,2024-05-06,2024-05-31,1.0549999475479126,1.159999966621399,1.0460000038146973,1.0479999780654907,1.0479999780654907,25068200818,27404905627.043655,6195307601.447417,-20526433022,44.630168917709625,20,恒生科技ETF,港股成长,港股,CNY,513050.SS,3.7623750456477145,44.796271889165396
513050,2024-06,2024-06-03,2024-06-28,1.0529999732971191,1.0889999866485596,1.0160000324249268,1.0190000534057617,1.0190000534057617,19199255713,20317496114.88584,-2351059546.0413613,-22849144301,42.58517808364478,19,恒生科技ETF,港股成长,港股,CNY,513050.SS,-2.767168441478418,-25.861827836998017
513050,2024-07,2024-07-01,2024-07-31,1.0149999856948853,1.093000054359436,0.9929999709129333,1.0230000019073486,1.0230000019073486,22952935802,23787402140.499573,1441018753.594262,-21584904584,34.895678827906195,23,恒生科技ETF,港股成长,港股,CNY,513050.SS,0.39253663316483056,17.078413629283105
513050,2024-08,2024-08-01,2024-08-30,1.0169999599456787,1.059000015258789,0.9649999737739563,1.0360000133514404,1.0360000133514404,26486717954,26926614333.33329,3439024327.8654356,-18461437796,51.85943525498894,22,恒生科技ETF,港股成长,港股,CNY,513050.SS,1.2707733548244171,13.196952631868154
513050,2024-09,2024-09-02,2024-09-30,1.0299999713897705,1.3170000314712524,0.9810000061988831,1.305999994277954,1.305999994277954,32120136297,36008638475.79182,18427836406.41301,-3693082111,87.75060055362435,19,恒生科技ETF,港股成长,港股,CNY,513050.SS,26.061773884835084,33.72880091804045
513050,2024-10,2024-10-08,2024-10-31,1.4320000410079956,1.4320000410079956,1.190000057220459,1.2120000123977661,1.2120000123977661,69332475763,86613870799.8348,-9044460234.15491,-10852491334,54.999233479478306,18,恒生科技ETF,港股成长,港股,CNY,513050.SS,-7.197548414397781,140.5363670111112
513050,2024-11,2024-11-01,2024-11-29,1.215999960899353,1.2910000085830688,1.128000020980835,1.1460000276565552,1.1460000276565552,51239887602,61151298974.452415,-9668527731.424786,-19276168402,39.398065273973685,21,恒生科技ETF,港股成长,港股,CNY,513050.SS,-5.445543239776008,-29.3977992095822
513050,2024-12,2024-12-02,2024-12-31,1.1460000276565552,1.2599999904632568,1.1449999809265137,1.1660000085830688,1.1660000085830688,33520503195,39748213282.347,4089518432.892936,-15976233347,36.137770810339696,22,恒生科技ETF,港股成长,港股,CNY,513050.SS,1.7451989916100974,-35.000214306235954
513050,2025-01,2025-01-02,2025-01-27,1.1690000295639038,1.2029999494552612,1.0820000171661377,1.1950000524520874,1.1950000524520874,25188020492,28856748569.884747,3451049914.876174,-13235006731,61.797869033925984,18,恒生科技ETF,港股成长,港股,CNY,513050.SS,2.4871392500467993,-27.40114287677775
513050,2025-02,2025-02-05,2025-02-28,1.25,1.5379999876022339,1.2319999933242798,1.4240000247955322,1.4240000247955322,55004058093,78365666594.13806,29096296045.74322,7517651342,64.2548098882678,18,恒生科技ETF,港股成长,港股,CNY,513050.SS,19.163176760833345,171.5679017140601
513050,2025-03,2025-03-03,2025-03-31,1.4429999589920044,1.6109999418258667,1.4019999504089355,1.4490000009536743,1.4490000009536743,62917191524,94976993773.38922,-9217221197.654968,1495429138,42.16954895356937,21,恒生科技ETF,港股成长,港股,CNY,513050.SS,1.7556162726704905,21.197200127553973
513050,2025-04,2025-04-01,2025-04-30,1.4589999914169312,1.4759999513626099,1.1820000410079956,1.3480000495910645,1.3480000495910645,58073515568,75861587594.12358,11166379041.591482,9980431618,58.17998204973017,21,恒生科技ETF,港股成长,港股,CNY,513050.SS,-6.970321000423441,-20.12635420412877
513050,2025-05,2025-05-06,2025-05-30,1.3819999694824219,1.4570000171661377,1.350000023841858,1.3539999723434448,1.3539999723434448,32545307341,45734164641.122284,-7409012255.827776,4546090946,42.427767511419766,19,恒生科技ETF,港股成长,港股,CNY,513050.SS,0.44509811065662763,-39.71367316248341
513050,2025-06,2025-06-03,2025-06-30,1.3580000400543213,1.4249999523162842,1.3380000591278076,1.3830000162124634,1.3830000162124634,20800715675,28828208986.088535,7075957764.573699,9608272065,52.6162450395038,20,恒生科技ETF,港股成长,港股,CNY,513050.SS,2.141805351652004,-36.96570340290551
513050,2025-07,2025-07-01,2025-07-31,1.3799999952316284,1.4910000562667847,1.3309999704360962,1.4320000410079956,1.4320000410079956,31211814846,43926048963.59893,1547373359.87632,10373787729,61.00773380575925,23,恒生科技ETF,港股成长,港股,CNY,513050.SS,3.543024166386166,52.37175845643436
513050,2025-08,2025-08-01,2025-08-29,1.440000057220459,1.5570000410079956,1.406999945640564,1.4839999675750732,1.4839999675750732,31403099433,46419362881.02658,603871346.6435909,10780959048,50.830696321542355,21,恒生科技ETF,港股成长,港股,CNY,513050.SS,3.6312796842152606,5.676162496412629
513050,2025-09,2025-09-01,2025-09-30,1.5360000133514404,1.75600004196167,1.503999948501587,1.7549999952316284,1.7549999952316284,46947167279,77504561586.97491,27927632736.61357,27407171137,57.6424796199224,22,恒生科技ETF,港股成长,港股,CNY,513050.SS,18.26145778826276,66.96601757680322
513050,2025-10,2025-10-09,2025-10-31,1.7619999647140503,1.7680000066757202,1.5709999799728394,1.6360000371932983,1.6360000371932983,32199585058,53105537949.55745,-18443605381.98884,16192309095,44.80192394044075,17,恒生科技ETF,港股成长,港股,CNY,513050.SS,-6.780624408071533,-31.480758213227368
513050,2025-11,2025-11-03,2025-11-28,1.6380000114440918,1.6619999408721924,1.4919999837875366,1.534999966621399,1.534999966621399,30123750642,47598231265.65736,-5443741754.143457,12548391671,32.250824093556844,20,恒生科技ETF,港股成长,港股,CNY,513050.SS,-6.173598305362749,-10.370494107660178
513050,2025-12,2025-12-01,2025-12-31,1.534999966621399,1.569000005722046,1.4639999866485596,1.4670000076293945,1.4670000076293945,24088097129,36332376370.11215,-550867362.3012547,12080936472,39.793305808226265,23,恒生科技ETF,港股成长,港股,CNY,513050.SS,-4.429964851509105,-23.668641871727793
513050,2026-01,2026-01-05,2026-01-30,1.5080000162124634,1.5839999914169312,1.4859999418258667,1.5219999551773071,1.5219999551773071,27888392095,42622992266.33742,8417887338.094921,17443790037,48.46616578031821,20,恒生科技ETF,港股成长,港股,CNY,513050.SS,3.7491443259628943,17.314077758481194
513050,2026-02,2026-02-02,2026-02-27,1.496000051498413,1.50600004196167,1.2960000038146973,1.312000036239624,1.312000036239624,26060868809,36408143623.65277,-21864899778.11463,1962303622,11.49312207403213,14,恒生科技ETF,港股成长,港股,CNY,513050.SS,-13.7976297714949,-14.580976867719775
513050,2026-03,2026-03-02,2026-03-31,1.2829999923706055,1.3289999961853027,1.1679999828338623,1.1749999523162842,1.1749999523162842,55300025582,68809272405.5179,-15850814852.84602,-11303110126,39.47006831946657,22,恒生科技ETF,港股成长,港股,CNY,513050.SS,-10.442079278900119,88.99417975492587
513050,2026-04,2026-04-01,2026-04-30,1.2050000429153442,1.2730000019073486,1.1640000343322754,1.180999994277954,1.180999994277954,33260223919,40361390352.226654,-5197704861.450121,-15782652673,46.58688536119969,21,恒生科技ETF,港股成长,港股,CNY,513050.SS,0.5106418898011,-41.34309382845615
513050,2026-05,2026-05-06,2026-05-29,1.1970000267028809,1.2589999437332153,1.0839999914169312,1.1009999513626099,1.1009999513626099,34138104750,40225313342.32606,2540126685.006398,-13954852145,27.738263136127202,18,恒生科技ETF,港股成长,港股,CNY,513050.SS,-6.773924073069537,-0.3371464875542629
513050,2026-06,2026-06-01,2026-06-30,1.1019999980926514,1.1890000104904175,0.9380000233650208,0.9789999723434448,0.9789999723434448,42504586310,45124785969.384964,-5661919188.178971,-19610344223,38.319106597846506,21,恒生科技ETF,港股成长,港股,CNY,513050.SS,-11.080834187883159,12.180073242347023
513050,2026-07,2026-07-01,2026-07-31,0.9800000190734863,1.1619999408721924,0.9769999980926514,1.1449999809265137,1.1449999809265137,67872392187,74156366935.22878,27524720761.26059,5579738207,66.89939084805471,23,恒生科技ETF,港股成长,港股,CNY,513050.SS,16.956078985958744,64.33621864830643
513050,2026-08,2026-08-03,2026-08-31,1.1619999408721924,1.2009999752044678,1.0640000104904175,1.0779999494552612,1.0779999494552612,40565609347,45957344463.02594,-6131638487.677698,-22644960,28.546507855113333,21,恒生科技ETF,港股成长,港股,CNY,513050.SS,-5.851531230335672,-38.02643473194017
513050,2026-09,2026-09-01,2026-09-30,1.0670000314712524,1.0700000524520874,0.996999979019165,1.00600004196167,1.00600004196167,28284801580,29109590445.49868,-8507240127.694094,-8404183630,40.338887849299795,21,恒生科技ETF,港股成长,港股,CNY,513050.SS,-6.679026982327274,-36.65954639977465
513970,2023-04,2023-04-12,2023-04-28,1.0,1.0,0.9409999847412109,0.9649999737739563,0.9649999737739563,439650800,422694102.69891024,-274336161.6703749,-285745800,,9,恒生红利低波ETF,高股息避险,港股,CNY,513970.SS,,
513970,2023-05,2023-05-04,2023-05-31,0.9559999704360962,0.9639999866485596,0.8619999885559082,0.8640000224113464,0.8640000224113464,409005900,376908084.08786654,-116369944.01913285,-416627500,44.322906399213856,20,恒生红利低波ETF,高股息避险,港股,CNY,513970.SS,-10.466316487824933,-10.831951124631045
513970,2023-06,2023-06-01,2023-06-30,0.8640000224113464,0.9649999737739563,0.859000027179718,0.9129999876022339,0.9129999876022339,491456200,452786999.96305704,113250436.69673204,-296234700,63.407966640331104,20,恒生红利低波ETF,高股息避险,港股,CNY,513970.SS,5.671292120355842,20.131941732908352
513970,2023-07,2023-07-03,2023-07-31,0.9139999747276306,0.9789999723434448,0.8880000114440918,0.9679999947547913,0.9679999947547913,405437000,374524995.9780276,83776656.22303486,-210616800,73.98022014120241,21,恒生红利低波ETF,高股息避险,港股,CNY,513970.SS,6.0240972507569435,-17.284507724695032
513970,2023-08,2023-08-01,2023-08-31,0.968999981880188,0.9769999980926514,0.8849999904632568,0.9129999876022339,0.9129999876022339,432235000,398736646.81809545,16409430.380922556,-191871400,53.73246356536465,23,恒生红利低波ETF,高股息避险,港股,CNY,513970.SS,-5.681818951506267,6.464628823195628
513970,2023-09,2023-09-01,2023-09-28,0.9150000214576721,0.9359999895095825,0.8579999804496765,0.8610000014305115,0.8610000014305115,334594200,300865015.0794625,-70143940.46887755,-272418300,27.305754445262536,20,恒生红利低波ETF,高股息避险,港股,CNY,513970.SS,-5.695507872709548,-24.545431808098183
513970,2023-10,2023-10-09,2023-10-31,0.8600000143051147,0.8930000066757202,0.8230000138282776,0.8389999866485596,0.8389999866485596,256153300,218163263.35107088,4349311.662358046,-268369300,47.66659882849376,17,恒生红利低波ETF,高股息避险,港股,CNY,513970.SS,-2.5551701214169498,-27.487992150416353
513970,2023-11,2023-11-01,2023-11-30,0.843999981880188,0.8700000047683716,0.7789999842643738,0.7910000085830688,0.7910000085830688,560141600,461082635.8186424,-44638441.63452983,-327409900,47.114210140315755,22,恒生红利低波ETF,高股息避险,港股,CNY,513970.SS,-5.721094020183459,111.34751503815875
513970,2023-12,2023-12-01,2023-12-29,0.7910000085830688,0.7910000085830688,0.7390000224113464,0.7829999923706055,0.7829999923706055,457534000,349288972.7114439,-39809126.04017258,-380980100,66.7420592121149,21,恒生红利低波ETF,高股息避险,港股,CNY,513970.SS,-1.0113800411701512,-24.245906139733762
513970,2024-01,2024-01-02,2024-01-31,0.7829999923706055,0.7839999794960022,0.6769999861717224,0.6909999847412109,0.6909999847412109,486008800,353801785.35681367,-45220620.669943094,-442851100,41.59968664931902,22,恒生红利低波ETF,高股息避险,港股,CNY,513970.SS,-11.749681804064382,1.2919997474692524
513970,2024-02,2024-02-01,2024-02-29,0.6930000185966492,0.7850000262260437,0.6859999895095825,0.7760000228881836,0.7760000228881836,422105400,314579322.9482353,82251330.00544906,-331272400,63.54191236752008,15,恒生红利低波ETF,高股息避险,港股,CNY,513970.SS,12.301018816781362,-11.085999006201174
513970,2024-03,2024-03-01,2024-03-29,0.7749999761581421,0.8270000219345093,0.75,0.8130000233650208,0.8130000233650208,475254100,376547059.3332648,67768460.35442352,-250296900,54.55014745396987,21,恒生红利低波ETF,高股息避险,港股,CNY,513970.SS,4.768041157927727,19.698604410572294
513970,2024-04,2024-04-01,2024-04-30,0.8130000233650208,0.8510000109672546,0.7559999823570251,0.8389999866485596,0.8389999866485596,325956600,265924790.7767117,1757327.2427260876,-250668500,51.898815434295614,20,恒生红利低波ETF,高股息避险,港股,CNY,513970.SS,3.1980273722409747,-29.378072624555095
513970,2024-05,2024-05-06,2024-05-31,0.8539999723434448,0.8999999761581421,0.8149999976158142,0.8159999847412109,0.8159999847412109,328339770,282957930.5144286,-777876.2832164764,-255490400,36.06849559066609,20,恒生红利低波ETF,高股息避险,港股,CNY,513970.SS,-2.7413590313897007,6.405247020394977
513970,2024-06,2024-06-03,2024-06-28,0.8149999976158142,0.8349999785423279,0.75,0.7509999871253967,0.7509999871253967,329746000,262360894.85801458,-52719414.11534548,-324721000,23.047530078152022,19,恒生红利低波ETF,高股息避险,港股,CNY,513970.SS,-7.965686131284489,-7.27918656281088
513970,2024-07,2024-07-01,2024-07-31,0.75,0.7730000019073486,0.6940000057220459,0.7170000076293945,0.7170000076293945,448095800,327730825.84319115,42549043.7396884,-269067700,56.24464431154389,23,恒生红利低波ETF,高股息避险,港股,CNY,513970.SS,-4.527294284803373,24.91603446487469
513970,2024-08,2024-08-01,2024-08-30,0.7200000286102295,0.7429999709129333,0.6800000071525574,0.7369999885559082,0.7369999885559082,472905500,335833887.54568696,49164311.51197553,-204029400,48.725677297088374,22,恒生红利低波ETF,高股息避险,港股,CNY,513970.SS,2.7893975890794342,2.472474684567172
513970,2024-09,2024-09-02,2024-09-30,0.7329999804496765,0.9539999961853027,0.6980000138282776,0.9179999828338623,0.9179999828338623,1483204500,1274730010.849744,1113720703.0503154,1054641200,96.0250903325894,19,恒生红利低波ETF,高股息避险,港股,CNY,513970.SS,24.55902267143979,279.57158527557146
513970,2024-10,2024-10-08,2024-10-31,1.0,1.0,0.824999988079071,0.8410000205039978,0.8410000205039978,2730782800,2353381675.635636,-688900551.685679,254600000,44.20370495492823,18,恒生红利低波ETF,高股息避险,港股,CNY,513970.SS,-8.387795617617112,84.61804896762844
513970,2024-11,2024-11-01,2024-11-29,0.8429999947547913,0.9160000085830688,0.8270000219345093,0.8450000286102295,0.8450000286102295,1797932000,1535575835.49425,-93605785.57872176,141660800,36.25357613314878,21,恒生红利低波ETF,高股息避险,港股,CNY,513970.SS,0.4756252091212332,-34.750242538558936
513970,2024-12,2024-12-02,2024-12-31,0.8479999899864197,0.9380000233650208,0.8479999899864197,0.8669999837875366,0.8669999837875366,1495163710,1321849511.8506284,-98977394.10126507,21882310,40.01956588362457,22,恒生红利低波ETF,高股息避险,港股,CNY,513970.SS,2.6035449032457914,-13.918317721822604
513970,2025-01,2025-01-02,2025-01-27,0.8690000176429749,0.8700000047683716,0.8090000152587891,0.8569999933242798,0.8569999933242798,751137100,632028206.6219032,-53564612.85533309,-45833190,60.59320440284794,18,恒生红利低波ETF,高股息避险,港股,CNY,513970.SS,-1.1534014590832364,-52.18606952185918
513970,2025-02,2025-02-05,2025-02-28,0.8650000095367432,0.949999988079071,0.8510000109672546,0.8759999871253967,0.8759999871253967,1611365900,1426147187.783879,368661153.39399576,355105810,58.08660124388761,18,恒生红利低波ETF,高股息避险,港股,CNY,513970.SS,2.2170354666417813,125.64612984702434
513970,2025-03,2025-03-03,2025-03-31,0.8920000195503235,0.972000002861023,0.8769999742507935,0.9160000085830688,0.9160000085830688,4717380900,4371906710.942888,1406314353.003478,1841771910,68.96508519778843,21,恒生红利低波ETF,高股息避险,港股,CNY,513970.SS,4.566212562277849,206.55368172316693
513970,2025-04,2025-04-01,2025-04-30,0.9210000038146973,0.9409999847412109,0.7919999957084656,0.9100000262260437,0.9100000262260437,5025112940,4404324211.16334,2515905514.261093,4718529970,64.73825383761788,21,恒生红利低波ETF,高股息避险,港股,CNY,513970.SS,-0.6550199018345304,0.7414956988746058
513970,2025-05,2025-05-06,2025-05-30,0.9160000085830688,0.9520000219345093,0.9079999923706055,0.9319999814033508,0.9319999814033508,1945973115,1806593302.3451803,479906476.35667294,5226352885,71.25286462825065,19,恒生红利低波ETF,高股息避险,港股,CNY,513970.SS,2.4175774223376134,-58.98137340193686
513970,2025-06,2025-06-03,2025-06-30,0.9369999766349792,0.9700000286102295,0.8989999890327454,0.9539999961853027,0.9539999961853027,3138692700,2957581714.420426,344793985.43794155,5573201785,56.437776846503866,20,恒生红利低波ETF,高股息避险,港股,CNY,513970.SS,2.360516654606104,63.71043281191851
513970,2025-07,2025-07-01,2025-07-31,0.9539999961853027,1.0049999952316284,0.9380000233650208,0.972000002861023,0.972000002861023,3053304599,2969429026.516069,1343358542.381383,6936729384,72.93649749703071,23,恒生红利低波ETF,高股息避险,港股,CNY,513970.SS,1.8867931601358245,0.4005742947989832
513970,2025-08,2025-08-01,2025-08-29,0.972000002861023,1.0829999446868896,0.9599999785423279,1.0449999570846558,1.0449999570846558,3199974078,3286175217.983102,633195638.7183876,7556667954,76.87412229732364,21,恒生红利低波ETF,高股息避险,港股,CNY,513970.SS,7.5102833342347575,10.666905611772126
513970,2025-09,2025-09-01,2025-09-30,1.0470000505447388,1.0479999780654907,0.9909999966621399,1.0119999647140503,1.0119999647140503,4054271745,4162701231.9298325,350940899.57856596,7883541197,47.97032339454343,22,恒生红利低波ETF,高股息避险,港股,CNY,513970.SS,-3.1578941364427404,26.67313687809687
513970,2025-10,2025-10-09,2025-10-31,1.0049999952316284,1.0099999904632568,0.9520000219345093,0.9539999961853027,0.9539999961853027,2535686464,2498506635.7424574,-630819654.0728445,7225268661,42.10225710200072,16,恒生红利低波ETF,高股息避险,港股,CNY,513970.SS,-5.73122238646876,-39.97871822801592
513970,2025-11,2025-11-03,2025-11-28,0.9549999833106995,1.0010000467300415,0.9369999766349792,0.9710000157356262,0.9710000157356262,4308218626,4191186710.9202027,-118923669.36483496,7077169687,66.63847541010202,20,恒生红利低波ETF,高股息避险,港股,CNY,513970.SS,1.781972706320789,67.74767178774164
513970,2025-12,2025-12-01,2025-12-31,0.9700000286102295,0.9800000190734863,0.9110000133514404,0.9129999876022339,0.9129999876022339,3011039115,2844164841.299358,-620247435.2706802,6404087964,66.44160800865636,23,恒生红利低波ETF,高股息避险,港股,CNY,513970.SS,-5.97322628151058,-32.13939064349384
513970,2026-01,2026-01-05,2026-01-30,0.9210000038146973,0.9879999756813049,0.9200000166893005,0.9670000076293945,0.9670000076293945,3178924995,3024575459.2866354,1359267798.5273433,7824431503,73.9982143569803,20,恒生红利低波ETF,高股息避险,港股,CNY,513970.SS,5.914569634220723,6.343184310824146
513970,2026-02,2026-02-02,2026-02-27,0.9639999866485596,1.0329999923706055,0.9509999752044678,0.9929999709129333,0.9929999709129333,2953652913,2970218016.434822,127953864.1461848,7947142456,73.01775456425001,14,恒生红利低波ETF,高股息避险,港股,CNY,513970.SS,2.688724206660331,-1.7971924848135146
513970,2026-03,2026-03-02,2026-03-31,0.9829999804496765,0.9879999756813049,0.8600000143051147,0.8629999756813049,0.8629999756813049,3061673397,2822374650.368723,-1101744757.4402,6734261559,45.06336708797642,22,恒生红利低波ETF,高股息避险,港股,CNY,513970.SS,-13.091641393716301,-4.97752573205238
513970,2026-04,2026-04-01,2026-04-30,0.8759999871253967,0.9049999713897705,0.8650000095367432,0.8730000257492065,0.8730000257492065,1982770118,1757561216.8390594,-278396456.77702963,6412020357,43.55689093563946,21,恒生红利低波ETF,高股息避险,港股,CNY,513970.SS,1.158754385827998,-37.72757218431484
513970,2026-05,2026-05-06,2026-05-29,0.8700000047683716,0.8880000114440918,0.800000011920929,0.8270000219345093,0.8270000219345093,2045417593,1717090444.3677866,-1042517763.4254658,5160281564,11.866296806951425,18,恒生红利低波ETF,高股息避险,港股,CNY,513970.SS,-5.269186994034758,-2.30266644959648
513970,2026-06,2026-06-01,2026-06-30,0.8259999752044678,0.8560000061988831,0.7699999809265137,0.7749999761581421,0.7749999761581421,1660818542,1353304750.441278,-80342334.14154732,5047927922,50.61292034784466,21,恒生红利低波ETF,高股息避险,港股,CNY,513970.SS,-6.2877925510484545,-21.18616961149361
513970,2026-07,2026-07-01,2026-07-31,0.7730000019073486,0.8679999709129333,0.7720000147819519,0.8550000190734863,0.8550000190734863,1536002055,1256723742.51682,401243613.41290325,5540604970,82.23484823204618,23,恒生红利低波ETF,高股息避险,港股,CNY,513970.SS,10.322586500185892,-7.13667840838994
513970,2026-08,2026-08-03,2026-08-31,0.8500000238418579,0.8579999804496765,0.8109999895095825,0.8119999766349792,0.8119999766349792,960050311,803797328.9791453,-261052186.72754705,5225488393,22.486131281051897,21,恒生红利低波ETF,高股息避险,港股,CNY,513970.SS,-5.029244617456696,-36.0402527790719
513970,2026-09,2026-09-01,2026-09-30,0.8100000023841858,0.8130000233650208,0.7580000162124634,0.7670000195503235,0.7670000195503235,566409663,442402913.7180161,-154067989.41323048,5028455856,31.24202203136558,21,恒生红利低波ETF,高股息避险,港股,CNY,513970.SS,-5.541866795506656,-44.96088780490407
516160,2021-10,2021-10-08,2021-10-29,1.3660000562667847,1.4980000257492065,1.2580000162124634,1.4900000095367432,1.4900000095367432,1874171689,2627232757.4885693,739840549.9570831,506719697,73.23432829471999,16,新能源ETF,绿色制造,A股,CNY,516160.SS,,
516160,2021-11,2021-11-01,2021-11-30,1.4880000352859497,1.5099999904632568,1.3910000324249268,1.4859999418258667,1.4859999418258667,2869559496,4183292029.7509875,-154384330.8136288,378791129,64.91713617348,22,新能源ETF,绿色制造,A股,CNY,516160.SS,-0.2684609184747666,59.2280705935583
516160,2021-12,2021-12-01,2021-12-31,1.4800000190734863,1.4930000305175781,1.284999966621399,1.3569999933242798,1.3569999933242798,2358798105,3274330448.5794835,-911171893.4814913,-268158824,35.29984202647955,23,新能源ETF,绿色制造,A股,CNY,516160.SS,-8.681019754488217,-21.72837981922123
516160,2022-01,2022-01-04,2022-01-28,1.371999979019165,1.378000020980835,1.1699999570846558,1.1950000524520874,1.1950000524520874,2172245625,2700697609.7640467,-690264810.3976021,-836856097,38.87729006553944,19,新能源ETF,绿色制造,A股,CNY,516160.SS,-11.93809444872116,-17.51908818684743
516160,2022-02,2022-02-07,2022-02-28,1.2200000286102295,1.2699999809265137,1.0950000286102295,1.2690000534057617,1.2690000534057617,1916161046,2269436079.558208,394906265.45975137,-529930181,61.93741379973401,16,新能源ETF,绿色制造,A股,CNY,516160.SS,6.192468427246478,-15.968523415826507
516160,2022-03,2022-03-01,2022-03-31,1.284999966621399,1.2949999570846558,1.093999981880188,1.1230000257492065,1.1230000257492065,2861536425,3365571502.746397,-1065467728.3814945,-1446167635,45.0288726777688,23,新能源ETF,绿色制造,A股,CNY,516160.SS,-11.505123838625387,48.29990291692086
516160,2022-04,2022-04-01,2022-04-29,1.1139999628067017,1.1419999599456787,0.8199999928474426,0.9580000042915344,0.9580000042915344,2889609997,2840830282.4504547,-991299214.9143342,-2472639768,47.163169109752786,19,新能源ETF,绿色制造,A股,CNY,516160.SS,-14.692788751059272,-15.591444718014147
516160,2022-05,2022-05-05,2022-05-31,0.9409999847412109,1.0950000286102295,0.9200000166893005,1.0880000591278076,1.0880000591278076,2951175704,3040363615.784094,990744106.6516011,-1551003454,73.05882261971865,19,新能源ETF,绿色制造,A股,CNY,516160.SS,13.569943032767684,7.023768176729117
516160,2022-06,2022-06-01,2022-06-30,1.0870000123977661,1.3550000190734863,1.0709999799728394,1.3259999752044678,1.3259999752044678,3925611842,4852048747.789593,2398765453.0460978,367370812,78.29228350444166,21,新能源ETF,绿色制造,A股,CNY,516160.SS,21.87499109765234,59.5877783367788
516160,2022-07,2022-07-01,2022-07-29,1.3250000476837158,1.4049999713897705,1.2719999551773071,1.2990000247955322,1.2990000247955322,3480914017,4622875619.318301,-236655441.18702984,160089709,46.272317390020305,21,新能源ETF,绿色制造,A股,CNY,516160.SS,-2.0361953931991694,-4.72322394896989
516160,2022-08,2022-08-01,2022-08-31,1.2910000085830688,1.3550000190734863,1.1799999475479126,1.1859999895095825,1.1859999895095825,3507106446,4513366092.335952,-34617496.7135483,67213623,40.56104655562708,23,新能源ETF,绿色制造,A股,CNY,516160.SS,-8.699001780522398,-2.368861635055153
516160,2022-09,2022-09-01,2022-09-30,1.1829999685287476,1.2350000143051147,1.0609999895095825,1.062000036239624,1.062000036239624,2991796727,3414773541.118758,-845703149.2244756,-695804168,27.838682290830036,21,新能源ETF,绿色制造,A股,CNY,516160.SS,-10.45530812535953,-24.34086951383557
516160,2022-10,2022-10-10,2022-10-31,1.0570000410079956,1.1419999599456787,1.0290000438690186,1.0360000133514404,1.0360000133514404,2373092545,2579730267.752842,-570907442.1488827,-1247137515,52.424254563258536,16,新能源ETF,绿色制造,A股,CNY,516160.SS,-2.4482129944407127,-24.453840446834928
516160,2022-11,2022-11-01,2022-11-30,1.0360000133514404,1.1619999408721924,1.0080000162124634,1.0360000133514404,1.0360000133514404,3781216590,4074167203.1367254,425982.10670769215,-1273754249,49.381992624380416,22,新能源ETF,绿色制造,A股,CNY,516160.SS,0.0,57.929968650779195
516160,2022-12,2022-12-01,2022-12-30,1.0520000457763672,1.0729999542236328,0.9419999718666077,0.9869999885559082,0.9869999885559082,3133717793,3192035323.2650666,-221968446.27827537,-1537958748,36.66486406108798,22,新能源ETF,绿色制造,A股,CNY,516160.SS,-4.729732062166492,-21.651833022279998
516160,2023-01,2023-01-03,2023-01-31,0.9860000014305115,1.1200000047683716,0.9679999947547913,1.1019999980926514,1.1019999980926514,2550853982,2673523368.579316,1596122681.8824239,-34144630,75.72090785674726,16,新能源ETF,绿色制造,A股,CNY,516160.SS,11.651470199609747,-16.24392909773239
516160,2023-02,2023-02-01,2023-02-28,1.1059999465942383,1.1160000562667847,0.9919999837875366,1.0130000114440918,1.0130000114440918,2694850260,2820429939.185585,-620420585.7525574,-633684750,22.924069130530583,20,新能源ETF,绿色制造,A股,CNY,516160.SS,-8.076223847785968,5.494867646671575
516160,2023-03,2023-03-01,2023-03-31,1.0119999647140503,1.0160000324249268,0.9070000052452087,0.953000009059906,0.953000009059906,4799240704,4607411621.671588,94726270.58407867,-515220674,55.59591393721204,23,新能源ETF,绿色制造,A股,CNY,516160.SS,-5.923001155612251,63.358485089759185
516160,2023-04,2023-04-03,2023-04-28,0.9539999961853027,0.968999981880188,0.8569999933242798,0.9070000052452087,0.9070000052452087,9460134977,8776613869.920326,-22322365.465991676,-645446063,47.298321222470115,19,新能源ETF,绿色制造,A股,CNY,516160.SS,-4.82686289374481,90.4890335527724
516160,2023-05,2023-05-04,2023-05-31,0.9020000100135803,0.9319999814033508,0.8489999771118164,0.8510000109672546,0.8510000109672546,6456848214,5777963073.277719,-1611632495.0272727,-2501870905,30.917989906491073,20,新能源ETF,绿色制造,A股,CNY,516160.SS,-6.174199994939844,-34.16637488086085
516160,2023-06,2023-06-01,2023-06-30,0.8510000109672546,0.8849999904632568,0.8209999799728394,0.8790000081062317,0.8790000081062317,5995874064,5124110429.522346,727992224.5279481,-1695104301,66.79649059735968,20,新能源ETF,绿色制造,A股,CNY,516160.SS,3.2902463899092016,-11.316317454144887
516160,2023-07,2023-07-03,2023-07-31,0.8830000162124634,0.8920000195503235,0.8220000267028809,0.8550000190734863,0.8550000190734863,5214312937,4471055691.167396,-665767012.8430424,-2507519868,38.781529920649106,21,新能源ETF,绿色制造,A股,CNY,516160.SS,-2.730374153744586,-12.744743645499968
516160,2023-08,2023-08-01,2023-08-31,0.8529999852180481,0.8700000047683716,0.7480000257492065,0.7649999856948853,0.7649999856948853,5474249391,4422835656.662039,-1547820093.8649137,-4445374625,21.61467755755288,23,新能源ETF,绿色制造,A股,CNY,516160.SS,-10.526319458580701,-1.078493265038405
516160,2023-09,2023-09-01,2023-09-28,0.765999972820282,0.7770000100135803,0.699999988079071,0.718999981880188,0.718999981880188,4123789807,3027923489.648037,-305505704.5554366,-4892085788,55.683411089968864,20,新能源ETF,绿色制造,A股,CNY,516160.SS,-6.013072506519501,-31.538865001978323
516160,2023-10,2023-10-09,2023-10-31,0.718999981880188,0.7250000238418579,0.6430000066757202,0.6800000071525574,0.6800000071525574,5049152475,3470806036.6942873,-466335827.5289366,-5607189443,45.03468018598827,17,新能源ETF,绿色制造,A股,CNY,516160.SS,-5.424196899928358,14.626609574528281
516160,2023-11,2023-11-01,2023-11-30,0.6840000152587891,0.7039999961853027,0.6299999952316284,0.6330000162124634,0.6330000162124634,6155206367,4152050909.2036,-541844353.9061669,-6496556750,22.83151661682531,22,新能源ETF,绿色制造,A股,CNY,516160.SS,-6.911763300842077,19.627857774448067
516160,2023-12,2023-12-01,2023-12-29,0.6320000290870667,0.6499999761581421,0.5820000171661377,0.6449999809265137,0.6449999809265137,6121074812,3786081252.9183054,127547959.0060494,-6319340490,62.80967727188136,21,新能源ETF,绿色制造,A股,CNY,516160.SS,1.8957289742031591,-8.814190006053913
516160,2024-01,2024-01-02,2024-01-31,0.6460000276565552,0.6489999890327454,0.550000011920929,0.5509999990463257,0.5509999990463257,7198314870,4406835992.663034,-980210211.8691413,-8033265862,40.69625914678612,22,新能源ETF,绿色制造,A股,CNY,516160.SS,-14.573641032540996,16.395705698768403
516160,2024-02,2024-02-01,2024-02-29,0.5479999780654907,0.6200000047683716,0.5009999871253967,0.6100000143051147,0.6100000143051147,4465482680,2553040977.0030923,466023243.33300126,-7284616144,69.61181362459821,15,新能源ETF,绿色制造,A股,CNY,516160.SS,10.707806780563821,-42.06634916176449
516160,2024-03,2024-03-01,2024-03-29,0.6110000014305115,0.6579999923706055,0.6010000109672546,0.6129999756813049,0.6129999756813049,5874309517,3689855099.096854,425976093.4292457,-6636791032,32.220682513382684,21,新能源ETF,绿色制造,A股,CNY,516160.SS,0.49179693538328184,44.52784472845479
516160,2024-04,2024-04-01,2024-04-30,0.6159999966621399,0.6399999856948853,0.5669999718666077,0.6010000109672546,0.6010000109672546,4394659986,2674194743.6525335,-305935971.4883358,-7190097442,38.71958564887302,20,新能源ETF,绿色制造,A股,CNY,516160.SS,-1.9575799657599036,-27.525751775263974
516160,2024-05,2024-05-06,2024-05-31,0.6119999885559082,0.6259999871253967,0.5899999737739563,0.5979999899864197,0.5979999899864197,4236140834,2570796080.480763,-317260566.69937557,-7749450000,37.2243097932513,20,新能源ETF,绿色制造,A股,CNY,516160.SS,-0.49917153512305523,-3.866534530336563
516160,2024-06,2024-06-03,2024-06-28,0.5979999899864197,0.6100000143051147,0.5249999761581421,0.5260000228881836,0.5260000228881836,3371739138,1917574766.873977,-1217776909.8016415,-9913367638,28.460918241829958,19,新能源ETF,绿色制造,A股,CNY,516160.SS,-12.040128478910372,-25.409300977486616
516160,2024-07,2024-07-01,2024-07-31,0.5260000228881836,0.5460000038146973,0.4970000088214874,0.5400000214576721,0.5400000214576721,3816941918,2010861801.6500108,553836078.6539309,-8884551120,72.35525912151931,23,新能源ETF,绿色制造,A股,CNY,516160.SS,2.66159657039875,4.864844718837746
516160,2024-08,2024-08-01,2024-08-30,0.5389999747276306,0.5410000085830688,0.4970000088214874,0.5199999809265137,0.5199999809265137,2866265744,1481643003.115078,-381423475.7723601,-9632850052,34.66497951725701,22,新能源ETF,绿色制造,A股,CNY,516160.SS,-3.703711062301529,-26.318009427633605
516160,2024-09,2024-09-02,2024-09-30,0.5170000195503235,2.0390000343322754,0.49300000071525574,2.0390000343322754,2.0390000343322754,2125698769,2019472904.005495,1087699677.235658,-9052543863,80.92752290776895,19,新能源ETF,绿色制造,A股,CNY,516160.SS,292.1154056004526,36.29956067417437
516160,2024-10,2024-10-08,2024-10-31,2.243000030517578,2.246000051498413,1.8799999952316284,2.1640000343322754,2.1640000343322754,2238607646,4703515062.452082,501851607.8170482,-8852393867,65.05177945591099,18,新能源ETF,绿色制造,A股,CNY,516160.SS,6.130456002710893,132.90805502381144
516160,2024-11,2024-11-01,2024-11-29,2.1540000438690186,2.38100004196167,2.0769999027252197,2.1600000858306885,2.1600000858306885,1799557529,3986245179.7092896,-507566376.9303961,-9092491022,49.93323390587023,21,新能源ETF,绿色制造,A股,CNY,516160.SS,-0.18484050083765746,-15.249656336145723
516160,2024-12,2024-12-02,2024-12-31,2.1519999504089355,2.2049999237060547,1.9759999513626099,1.9780000448226929,1.9780000448226929,1009520293,2099691637.6608024,-1105543180.925778,-9631128705,15.243316417679821,22,新能源ETF,绿色制造,A股,CNY,516160.SS,-8.42592748962796,-47.32658070435273
516160,2025-01,2025-01-02,2025-01-27,1.9800000190734863,1.9809999465942383,1.815000057220459,1.875,1.875,771169823,1456611029.0659692,-366998470.29234433,-9827055304,57.76754049605653,18,新能源ETF,绿色制造,A股,CNY,516160.SS,-5.207282228950893,-30.627383424323597
516160,2025-02,2025-02-05,2025-02-28,1.8919999599456787,2.0260000228881836,1.8509999513626099,1.9700000286102295,1.9700000286102295,1324655911,2588315395.355583,196471889.5312972,-9732621742,72.68774465895832,18,新能源ETF,绿色制造,A股,CNY,516160.SS,5.066668192545576,77.69434280717364
516160,2025-03,2025-03-03,2025-03-31,1.9789999723434448,2.052000045776367,1.8869999647140503,1.8980000019073486,1.8980000019073486,1231261919,2440509598.465065,-139460519.29927468,-9812442917,46.16494847805722,21,新能源ETF,绿色制造,A股,CNY,516160.SS,-3.6548236374227105,-5.710501786441391
516160,2025-04,2025-04-01,2025-04-30,1.8980000019073486,1.9190000295639038,1.6169999837875366,1.7450000047683716,1.7450000047683716,782887567,1365235739.9288764,-83233212.46579325,-9861339238,61.43922833235607,21,新能源ETF,绿色制造,A股,CNY,516160.SS,-8.061116806386902,-44.059398873598845
516160,2025-05,2025-05-06,2025-05-30,1.7549999952316284,1.8830000162124634,1.7510000467300415,1.7740000486373901,1.7740000486373901,656725204,1195183070.1269557,222739524.13438296,-9742392890,32.31049110373186,19,新能源ETF,绿色制造,A股,CNY,516160.SS,1.661893626921107,-12.455919869983756
516160,2025-06,2025-06-03,2025-06-30,1.7730000019073486,1.8910000324249268,1.7660000324249268,1.8910000324249268,1.8910000324249268,790762577,1444602251.613391,615060346.0670332,-9411817915,77.26962733752116,20,新能源ETF,绿色制造,A股,CNY,516160.SS,6.5952638432791755,20.86870101497851
516160,2025-07,2025-07-01,2025-07-31,1.8910000324249268,2.0920000076293945,1.8669999837875366,1.9880000352859497,1.9880000352859497,1152326227,2293428946.3622684,-13344391.999234676,-9421310242,64.33030875638218,23,新能源ETF,绿色制造,A股,CNY,516160.SS,5.129561142134675,58.7585055887095
516160,2025-08,2025-08-01,2025-08-29,1.9869999885559082,2.319000005722046,1.975000023841858,2.2960000038146973,2.2960000038146973,1367723199,2932291646.4633718,742088951.6187158,-9083181191,61.62827748471573,21,新能源ETF,绿色制造,A股,CNY,516160.SS,15.492955888426096,27.85622380472863
516160,2025-09,2025-09-01,2025-09-30,2.299999952316284,2.8489999771118164,2.265000104904175,2.8410000801086426,2.8410000801086426,3101552359,7862415066.414936,3343575512.2436895,-7780675794,79.15894996537321,22,新能源ETF,绿色制造,A股,CNY,516160.SS,23.736937081378606,168.1320964747068
516160,2025-10,2025-10-09,2025-10-31,2.859999895095825,3.0450000762939453,2.627000093460083,2.927000045776367,2.927000045776367,1773767175,4974554475.765382,1142535603.9644806,-7391831315,50.09017194719645,16,新能源ETF,绿色制造,A股,CNY,516160.SS,3.0271018388861037,-36.729943233159105
516160,2025-11,2025-11-03,2025-11-28,2.9240000247955322,3.134999990463257,2.703000068664551,2.8289999961853027,2.8289999961853027,2056226723,6074305879.2026205,-123598122.2956829,-7450564282,39.877815190798636,20,新能源ETF,绿色制造,A股,CNY,516160.SS,-3.348139667181682,22.10753563550094
516160,2025-12,2025-12-01,2025-12-31,2.8369998931884766,2.9670000076293945,2.674999952316284,2.8589999675750732,2.8589999675750732,1984555822,5637915889.959915,2107511367.1997247,-6720770182,64.5934967979567,23,新能源ETF,绿色制造,A股,CNY,516160.SS,1.0604443771729644,-7.1841951643698
516160,2026-01,2026-01-05,2026-01-30,2.865999937057495,3.2090001106262207,2.865999937057495,2.9700000286102295,2.9700000286102295,1810934144,5483873272.744579,236848321.63185406,-6639783134,62.07341174960431,20,新能源ETF,绿色制造,A股,CNY,516160.SS,3.882478569221659,-2.7322617119857617
516160,2026-02,2026-02-02,2026-02-27,2.940000057220459,3.1579999923706055,2.9030001163482666,3.119999885559082,3.119999885559082,998863770,3042598885.941843,859443014.6969426,-6368098854,49.625150496941885,14,新能源ETF,绿色制造,A股,CNY,516160.SS,5.050500185316253,-44.51733775352038
516160,2026-03,2026-03-02,2026-03-31,3.118000030517578,3.302999973297119,2.946000099182129,2.999000072479248,2.999000072479248,2856536087,8897957148.854847,-2038972463.4869525,-7038823589,40.24489624545915,22,新能源ETF,绿色制造,A股,CNY,516160.SS,-3.878199279425665,192.44594777074812
516160,2026-04,2026-04-01,2026-04-30,3.009000062942505,3.303999900817871,2.8440001010894775,3.2860000133514404,3.2860000133514404,2071737878,6476320651.910083,1294720485.6651351,-6649501049,72.81885713428106,21,新能源ETF,绿色制造,A股,CNY,516160.SS,9.569854416006462,-27.21564575365959
516160,2026-05,2026-05-06,2026-05-29,3.309000015258789,3.390000104904175,3.0969998836517334,3.117000102996826,3.117000102996826,1679289815,5436390939.133981,-911395102.0865209,-6942371597,11.758603245735259,18,新能源ETF,绿色制造,A股,CNY,516160.SS,-5.143028291781682,-16.05741544729401
516160,2026-06,2026-06-01,2026-06-30,3.11899995803833,3.174999952316284,2.7829999923706055,2.990999937057495,2.990999937057495,1863477425,5521631178.167502,-928054283.7871764,-7260702612,51.055640627610664,21,新能源ETF,绿色制造,A股,CNY,516160.SS,-4.042353602047966,1.5679563884914538
516160,2026-07,2026-07-01,2026-07-31,2.98799991607666,2.990999937057495,2.2730000019073486,2.436000108718872,2.436000108718872,1891999853,4795511269.243447,-1590276089.1943686,-7861481555,53.62697083172541,23,新能源ETF,绿色制造,A股,CNY,516160.SS,-18.555661652224053,-13.150460171898636
516160,2026-08,2026-08-03,2026-08-31,2.444999933242798,2.6419999599456787,2.4119999408721924,2.4519999027252197,2.4519999027252197,1250166314,3163209465.0033956,85469500.44118452,-7834187279,51.14613471691922,21,新能源ETF,绿色制造,A股,CNY,516160.SS,0.6568059643791369,-34.038118411044174
516160,2026-09,2026-09-01,2026-09-30,2.453000068664551,2.453000068664551,2.190999984741211,2.240000009536743,2.240000009536743,948186284,2199900437.545892,-468529234.1660569,-8035267326,46.36110643976142,21,新能源ETF,绿色制造,A股,CNY,516160.SS,-8.6459992495454,-30.453532657739114
