ticker,month,month_start,month_end,open,high,low,close,adj_close,volume,turnover_est,directional_turnover_proxy,month_end_obv,month_end_mfi_14,trading_days,name,role,market,currency,monthly_return_pct,turnover_change_pct
XLB,2021-10,2021-10-04,2021-10-29,40.23500061035156,43.1349983215332,39.529998779296875,42.560001373291016,38.53733825683594,245711200,10205507191.938782,2343308012.666321,56578800,61.73556206142694,20,原材料,上游周期,美股,USD,,
XLB,2021-11,2021-11-01,2021-11-30,42.630001068115234,45.084999084472656,42.244998931884766,42.32500076293945,38.324554443359375,259748600,11394592639.252472,866631579.8027039,75710600,25.490591311557225,21,原材料,上游周期,美股,USD,-0.5521497412676601,11.651409625706165
XLB,2021-12,2021-12-01,2021-12-31,42.994998931884766,45.540000915527344,41.875,45.30500030517578,41.23079299926758,241758400,10541092369.833374,1596228215.3945923,110097400,51.48516199179628,22,原材料,上游周期,美股,USD,7.583228554433408,-7.490397387958669
XLB,2022-01,2022-01-03,2022-01-31,45.36000061035156,46.154998779296875,40.45500183105469,42.224998474121094,38.42776107788086,396466200,17116621129.388428,-4624718326.097107,5554800,35.865610459257894,20,原材料,上游周期,美股,USD,-6.798394397693275,62.37995578497142
XLB,2022-02,2022-02-01,2022-02-28,42.439998626708984,43.61000061035156,39.689998626708984,41.689998626708984,37.94087600708008,381736800,16005227701.992035,-5697320555.948639,-134130800,40.86154209195206,19,原材料,上游周期,美股,USD,-1.2670138908535966,-6.493065535511466
XLB,2022-03,2022-03-01,2022-03-31,41.56999969482422,44.915000915527344,39.64500045776367,44.07500076293945,40.26244354248047,381296000,16042717806.728363,2539044385.8161926,-78344400,75.89035394232118,23,原材料,上游周期,美股,USD,6.118908627642572,0.23423662214854257
XLB,2022-04,2022-04-01,2022-04-29,44.33000183105469,45.744998931884766,41.56999969482422,42.51499938964844,38.837379455566406,320176000,13993426068.269348,461544437.23602295,-70910000,56.73727201549811,20,原材料,上游周期,美股,USD,-3.539437653381605,-12.773968620201847
XLB,2022-05,2022-05-02,2022-05-31,42.56999969482422,44.279998779296875,39.880001068115234,43.01499938964844,39.29412078857422,437370600,18326962581.48651,-2798764316.8670654,-141053000,48.7435362240275,21,原材料,上游周期,美股,USD,1.1760354056080669,30.968373949847994
XLB,2022-06,2022-06-01,2022-06-30,43.084999084472656,44.1150016784668,36.290000915527344,36.79999923706055,33.849422454833984,315186400,12424462096.124268,-6641664124.0448,-315490600,20.073459680589636,21,原材料,上游周期,美股,USD,-13.85626710681721,-32.20664886021439
XLB,2022-07,2022-07-01,2022-07-29,36.494998931884766,39.16999816894531,34.9900016784668,39.064998626708984,35.93281555175781,234406200,8651144624.268341,1153387047.8126526,-287109200,68.19422648391773,20,原材料,上游周期,美股,USD,6.154885211715921,-30.37006707141864
XLB,2022-08,2022-08-01,2022-08-31,38.880001068115234,40.935001373291016,37.689998626708984,37.70500183105469,34.68186569213867,182720600,7150545298.132324,-413278404.20684814,-298969400,45.734333147234366,23,原材料,上游周期,美股,USD,-3.4813577517110117,-17.345673795887183
XLB,2022-09,2022-09-01,2022-09-30,37.25,39.59000015258789,33.42499923706055,34.005001068115234,31.455429077148438,250837400,9057278448.781586,-3593387528.2829285,-401060400,19.442819065592104,21,原材料,上游周期,美股,USD,-9.302949972848696,26.66556285081205
XLB,2022-10,2022-10-03,2022-10-31,34.54999923706055,37.48500061035156,33.43000030517578,37.040000915527344,34.262882232666016,311074000,11087090299.665833,330167749.5300293,-394445200,66.6792045835711,21,原材料,上游周期,美股,USD,8.925178380596698,22.41083634960239
XLB,2022-11,2022-11-01,2022-11-30,37.595001220703125,41.38999938964844,35.6349983215332,41.375,38.27285385131836,267619400,10416266477.591705,2437592885.9031677,-332706200,55.996960452124135,21,原材料,上游周期,美股,USD,11.703544352813555,-6.050494800194295
XLB,2022-12,2022-12-01,2022-12-30,41.65999984741211,42.18000030517578,38.33000183105469,38.84000015258789,36.1606559753418,168047200,6754053286.432648,-1219424667.1653748,-363872200,36.95603397965165,21,原材料,上游周期,美股,USD,-5.518788549664966,-35.15859736343631
XLB,2023-01,2023-01-03,2023-01-31,38.904998779296875,42.34000015258789,38.44499969482422,42.32500076293945,39.40525817871094,183823200,7525705160.2760315,2614428242.389679,-301458600,63.699224300948245,20,原材料,上游周期,美股,USD,8.972741549770724,11.425019038470662
XLB,2023-02,2023-02-01,2023-02-28,42.08000183105469,42.95000076293945,39.435001373291016,40.915000915527344,38.09252166748047,221829800,9127622153.004456,1560363475.7354736,-263324400,59.70879626563864,19,原材料,上游周期,美股,USD,-3.331373963537909,21.28593877400411
XLB,2023-03,2023-03-01,2023-03-31,41.005001068115234,42.32500076293945,37.3849983215332,40.33000183105469,37.7111930847168,358530400,14082153121.938324,101716861.84921265,-264534800,56.52722871864072,23,原材料,上游周期,美股,USD,-1.0010589114902602,54.28063175580762
XLB,2023-04,2023-04-03,2023-04-28,40.40999984741211,41.005001068115234,39.14500045776367,40.275001525878906,37.659767150878906,220833200,8881698169.602966,-242673057.7178955,-271698000,58.14117372404731,19,原材料,上游周期,美股,USD,-0.13636782512386203,-36.929402111340956
XLB,2023-05,2023-05-01,2023-05-31,40.32500076293945,40.52000045776367,37.35499954223633,37.5099983215332,35.074302673339844,251120600,9773676108.748627,-3015052206.8977356,-349907800,41.42488961246567,22,原材料,上游周期,美股,USD,-6.865322526240636,10.04287605942742
XLB,2023-06,2023-06-01,2023-06-30,37.70000076293945,41.540000915527344,37.529998779296875,41.435001373291016,38.93446731567383,269506200,10802285171.220398,3217714993.600464,-270298800,74.87346749738798,21,原材料,上游周期,美股,USD,11.005677513492284,10.52428023014842
XLB,2023-07,2023-07-03,2023-07-31,41.415000915527344,42.93000030517578,39.654998779296875,42.86000061035156,40.27347946166992,249585600,10387471295.592499,2066966771.2593079,-222375600,54.20757678293341,20,原材料,上游周期,美股,USD,3.4391433562956486,-3.8400567014565734
XLB,2023-08,2023-08-01,2023-08-31,42.650001525878906,42.845001220703125,40.060001373291016,41.44499969482422,38.9438591003418,258315600,10668555694.631958,-3588047853.4347534,-308414800,41.23822336826211,23,原材料,上游周期,美股,USD,-3.30147873762332,2.7059944720013496
XLB,2023-09,2023-09-01,2023-09-29,41.84000015258789,42.02000045776367,38.689998626708984,39.275001525878906,37.082725524902344,199997400,8052603193.681335,-3719821074.2111206,-402021800,26.66339416519935,20,原材料,上游周期,美股,USD,-4.7790168166028435,-24.520212255787143
XLB,2023-10,2023-10-02,2023-10-31,39.119998931884766,39.78499984741211,37.165000915527344,38.029998779296875,35.9072151184082,336024200,12911727139.419556,-1298280859.3734741,-437841600,40.64577398470324,22,原材料,上游周期,美股,USD,-3.1699676597523707,60.3422747758271
XLB,2023-11,2023-11-01,2023-11-30,37.974998474121094,41.2400016784668,37.65999984741211,41.20500183105469,38.90499496459961,201621800,7949542284.57489,3849175804.1778564,-341891000,71.76739709008055,21,原材料,上游周期,美股,USD,8.348683784876876,-38.43161183057451
XLB,2023-12,2023-12-01,2023-12-29,41.26499938964844,43.150001525878906,40.505001068115234,42.77000045776367,40.66481018066406,224206000,9368414180.125427,1215417811.1968994,-313889800,76.38632240294767,20,原材料,上游周期,美股,USD,4.523365746906638,17.848472839797115
XLB,2024-01,2024-01-02,2024-01-31,42.459999084472656,42.76499938964844,40.720001220703125,41.10499954223633,39.08176803588867,245488600,10234641405.762482,-1219885157.3783875,-342400400,61.542134462105736,21,原材料,上游周期,美股,USD,-3.8929043016365017,9.24625244979782
XLB,2024-02,2024-02-01,2024-02-29,41.73500061035156,43.900001525878906,40.369998931884766,43.779998779296875,41.625099182128906,231448800,9722922632.369232,2835451405.164337,-277237600,77.79171282131287,20,原材料,上游周期,美股,USD,6.507717726344153,-4.999870079523571
XLB,2024-03,2024-03-01,2024-03-28,43.779998779296875,46.60499954223633,43.744998931884766,46.44499969482422,44.31755447387695,225978800,10227319569.31839,3460336351.5312195,-201174400,61.08734104204079,20,原材料,上游周期,美股,USD,6.468345648781093,5.1877090461456055
XLB,2024-04,2024-04-01,2024-04-30,46.665000915527344,46.86000061035156,43.775001525878906,44.314998626708984,42.28512191772461,215879600,9762840634.293365,-1301937306.0508728,-230326000,22.58312666534738,22,原材料,上游周期,美股,USD,-4.586066583052018,-4.541551008325239
XLB,2024-05,2024-05-01,2024-05-31,44.47999954223633,46.279998779296875,43.95000076293945,45.76499938964844,43.668701171875,165630400,7515411584.123993,1744392228.5453796,-192371800,42.993201929357355,22,原材料,上游周期,美股,USD,3.2720238027040827,-23.020236981795627
XLB,2024-06,2024-06-03,2024-06-28,45.755001068115234,45.775001525878906,43.974998474121094,44.154998779296875,42.333152770996094,146600800,6563331181.437683,-2105069108.6914062,-239810600,41.55040422211305,19,原材料,上游周期,美股,USD,-3.0583652937657635,-12.668373408816914
XLB,2024-07,2024-07-01,2024-07-31,44.189998626708984,46.494998931884766,43.20500183105469,46.06999969482422,44.16913986206055,188001400,8438727602.628326,2579505416.6038513,-182210400,49.26767137998068,22,原材料,上游周期,美股,USD,4.336995878847816,28.57385021945276
XLB,2024-08,2024-08-01,2024-08-30,46.275001525878906,47.209999084472656,43.61000061035156,47.13999938964844,45.19499206542969,192768800,8710760781.52771,-314440974.760437,-190655800,77.43662861327405,22,原材料,上游周期,美股,USD,2.3225541782630588,3.2236279177284555
XLB,2024-09,2024-09-03,2024-09-30,46.45500183105469,48.88999938964844,44.44499969482422,48.189998626708984,46.40788650512695,152401200,7117836262.3703,-15508307.432556152,-191215800,61.081331875278494,20,原材料,上游周期,美股,USD,2.683692117793357,-18.28685873839414
XLB,2024-10,2024-10-01,2024-10-31,48.2400016784668,48.935001373291016,46.67499923706055,46.69499969482422,44.968177795410156,182558800,8705828446.291351,-1387550404.2182922,-220884200,52.76764191966199,23,原材料,上游周期,美股,USD,-3.1022932051812835,22.310040936404405
XLB,2024-11,2024-11-01,2024-11-29,46.72999954223633,47.96500015258789,45.40999984741211,47.38999938964844,45.63746643066406,174019600,8153782605.065918,1671071355.7174683,-185875000,55.235454345916004,20,原材料,上游周期,美股,USD,1.488360587566917,-6.3411063591610635
XLB,2024-12,2024-12-02,2024-12-31,47.439998626708984,47.59000015258789,41.70000076293945,42.06999969482422,40.725494384765625,208553400,9249987120.853424,-6775226318.10379,-336288000,25.538352047023253,21,原材料,上游周期,美股,USD,-10.7630252730201,13.444122426153937
XLB,2025-01,2025-01-02,2025-01-31,42.27000045776367,44.85499954223633,41.52000045776367,44.39500045776367,42.9761962890625,276781400,11927483668.951416,702772586.4120483,-322266600,65.15706401865938,20,原材料,上游周期,美股,USD,5.52651831069928,28.945948930693866
XLB,2025-02,2025-02-03,2025-02-28,43.94499969482422,45.494998931884766,43.46500015258789,44.380001068115234,42.96167755126953,211144600,9399528784.442139,489258823.23913574,-311796400,56.859899327085074,19,原材料,上游周期,美股,USD,-0.03378320802360779,-21.194368859961877
XLB,2025-03,2025-03-03,2025-03-31,44.79499816894531,44.95500183105469,42.03499984741211,42.9900016784668,41.814476013183594,257788200,11140313954.883575,-3507229251.435089,-394292200,47.326521456596346,21,原材料,上游周期,美股,USD,-2.670290369171202,18.519919565784406
XLB,2025-04,2025-04-01,2025-04-30,42.880001068115234,43.564998626708984,36.560001373291016,41.94499969482422,40.79804611206055,349769200,14003020607.904053,-868443949.6932983,-425119800,60.280988983526235,21,原材料,上游周期,美股,USD,-2.430808652971228,25.696822051999302
XLB,2025-05,2025-05-01,2025-05-30,41.470001220703125,43.7400016784668,41.45000076293945,43.16999816894531,41.98954772949219,171192400,7326746466.343689,-60270897.2076416,-427542600,38.43026937848014,21,原材料,上游周期,美股,USD,2.920486961946489,-47.677385676286995
XLB,2025-06,2025-06-02,2025-06-30,43.439998626708984,44.494998931884766,42.77000045776367,43.904998779296875,42.9219856262207,216356400,9476355911.022186,1863200089.6110535,-385649400,34.03157421415577,20,原材料,上游周期,美股,USD,2.2206428674476975,29.339208809162322
XLB,2025-07,2025-07-01,2025-07-31,44.025001525878906,46.43000030517578,43.814998626708984,43.8650016784668,42.88288879394531,316863600,14354824203.160095,753527611.9873047,-371021800,37.299854138109204,22,原材料,上游周期,美股,USD,-0.09108812582870884,51.480424943343884
XLB,2025-08,2025-08-01,2025-08-29,43.564998626708984,46.36000061035156,43.0099983215332,46.13999938964844,45.1069450378418,278674600,12477995157.190704,3223214372.821808,-300724200,72.26494902479001,21,原材料,上游周期,美股,USD,5.186348929483731,-13.074552634063064
XLB,2025-09,2025-09-02,2025-09-30,45.75,46.349998474121094,43.84000015258789,44.810001373291016,44.014610290527344,241900200,10969363447.61734,-678066097.7790833,-316312000,50.694334617031515,21,原材料,上游周期,美股,USD,-2.421655349077745,-12.09033735442655
XLB,2025-10,2025-10-01,2025-10-31,44.755001068115234,45.21500015258789,42.52000045776367,42.834999084472656,42.07467269897461,301020600,13287181638.786316,-5465380613.720703,-442092200,28.926240695030273,23,原材料,上游周期,美股,USD,-4.407485557063406,21.129924286285085
XLB,2025-11,2025-11-03,2025-11-28,42.790000915527344,44.875,42.03499984741211,44.70000076293945,43.90657043457031,312569600,13454092293.418884,1813809693.1900024,-402102600,57.622391410860324,19,原材料,上游周期,美股,USD,4.353920347050844,1.2561780155495361
XLB,2025-12,2025-12-01,2025-12-31,44.63999938964844,46.13999938964844,43.349998474121094,45.349998474121094,44.77497100830078,203198800,9110875463.739395,-508149436.2194061,-414836600,73.49664936011588,22,原材料,上游周期,美股,USD,1.977837405963112,-32.28175290431141
XLB,2026-01,2026-01-02,2026-01-30,45.52000045776367,50.619998931884766,45.27000045776367,49.27000045776367,48.64527130126953,324852200,15779118637.003708,6343810254.700851,-283624200,64.24036542318468,20,原材料,上游周期,美股,USD,8.64389234836409,73.18992779347522
XLB,2026-02,2026-02-02,2026-02-27,49.25,54.13999938964844,49.20000076293945,53.40999984741211,52.73277282714844,380272000,19871245066.02974,6118015617.35878,-165795400,45.27710668074728,19,原材料,上游周期,美股,USD,8.402669810523244,25.93380861862311
XLB,2026-03,2026-03-02,2026-03-31,53.06999969482422,53.38999938964844,46.72999954223633,49.970001220703125,49.5557975769043,396968400,19713060061.79428,-6132532711.647797,-286676400,56.49530758720305,22,原材料,上游周期,美股,USD,-6.024669441635233,-0.7960497880723061
XLB,2026-04,2026-04-01,2026-04-30,50.34000015258789,52.56999969482422,49.68000030517578,51.470001220703125,51.043365478515625,231032500,11876980244.18106,-36747094.93179321,-288263700,42.24976384959453,21,原材料,上游周期,美股,USD,3.001803975211592,-39.750702291017014
XLB,2026-05,2026-05-01,2026-05-29,51.63999938964844,52.77000045776367,48.88999938964844,51.150001525878906,50.726016998291016,211463500,10781370995.021057,-281722914.9002075,-293851600,55.663190914847526,20,原材料,上游周期,美股,USD,-0.6217232685375773,-9.22464487298259
XLB,2026-06,2026-06-01,2026-06-30,50.650001525878906,53.310001373291016,49.56999969482422,50.83000183105469,50.59715270996094,264124300,13557978138.772583,-405785473.6984253,-303283100,50.892632623036796,21,原材料,上游周期,美股,USD,-0.254039831935593,25.753748248101193
XLB,2026-07,2026-07-01,2026-07-31,50.720001220703125,52.779998779296875,49.849998474121094,50.43000030517578,50.1989860534668,252283600,12868698841.433334,-1415242824.7104645,-331494900,44.25216046571781,22,原材料,上游周期,美股,USD,-0.786934906745762,-5.083938698559143
XLB,2026-08,2026-08-03,2026-08-31,50.7400016784668,54.189998626708984,50.349998474121094,52.689998626708984,52.448631286621094,225823700,11903732062.992859,2264229916.025543,-288932200,42.14836825201789,21,原材料,上游周期,美股,USD,4.481455523341071,-7.498557471355016
XLB,2026-09,2026-09-01,2026-09-30,52.439998626708984,53.52000045776367,48.689998626708984,48.70000076293945,48.70000076293945,236229800,11993185911.504745,-5751761498.508072,-402875600,26.186083269366108,21,原材料,上游周期,美股,USD,-7.147241847353724,0.7514773353307191
XLB,2026-10,2026-10-01,2026-10-02,48.34000015258789,49.35499954223633,47.810001373291016,48.959999084472656,48.959999084472656,34216630,1664506862.2936249,-817819076.5262604,-419798770,23.729390291634104,2,原材料,上游周期,美股,USD,0.533877448583242,-86.12122854948069
XLC,2021-10,2021-10-04,2021-10-29,80.9000015258789,82.16000366210938,78.73999786376953,80.30000305175781,76.15359497070312,85594700,6875979205.101013,860883716.2643433,10245700,45.688735892024276,20,通信服务,平台与传媒,美股,USD,,
XLC,2021-11,2021-11-01,2021-11-30,80.58000183105469,82.3499984741211,75.28500366210938,75.37000274658203,71.47816467285156,94886500,7533904835.562134,-1638637096.9207764,-11078200,18.03189206017717,21,通信服务,平台与传媒,美股,USD,-6.1394741766954475,9.568464517359686
XLC,2021-12,2021-12-01,2021-12-31,76.44999694824219,79.54499816894531,73.58999633789062,77.68000030517578,73.82042694091797,127200200,9726971085.80246,-762754230.6022644,-21678400,49.828883524058384,22,通信服务,平台与传媒,美股,USD,3.2768920114089495,29.109290575166824
XLC,2022-01,2022-01-03,2022-01-31,77.86000061035156,78.7300033569336,69.4800033569336,73.94999694824219,70.2757568359375,197541200,14753358378.790283,-616899069.8043823,-30605400,28.11410920896519,20,通信服务,平台与传媒,美股,USD,-4.801746957948971,51.67474282229918
XLC,2022-02,2022-02-01,2022-02-28,74.0,76.56999969482422,64.02999877929688,68.44999694824219,65.04901885986328,129970200,9039826647.19162,-1615815616.568756,-55660000,38.05785639173168,19,通信服务,平台与传媒,美股,USD,-7.4374694936069075,-38.726990729192536
XLC,2022-03,2022-03-01,2022-03-31,68.13999938964844,70.80999755859375,63.4900016784668,68.77999877929688,65.52876281738281,139045900,9308403228.683853,-669569023.4226227,-67407300,63.9827120109964,23,通信服务,平台与传媒,美股,USD,0.737511442798322,2.9710368569475953
XLC,2022-04,2022-04-01,2022-04-29,69.11000061035156,71.56999969482422,58.43000030517578,59.060001373291016,56.268253326416016,150938900,9643947971.65184,-3859038911.446762,-129220800,17.920722361556372,20,通信服务,平台与传媒,美股,USD,-14.131976696667103,3.6047508334620337
XLC,2022-05,2022-05-02,2022-05-31,59.18000030517578,63.09000015258789,55.68000030517578,60.18000030517578,57.33531188964844,191636200,11288721179.184341,1251315695.8499908,-109664400,45.69839109888665,21,通信服务,平台与传媒,美股,USD,1.896377619973988,17.05497802733147
XLC,2022-06,2022-06-01,2022-06-30,60.650001525878906,61.0359992980957,52.73500061035156,54.27000045776367,51.829811096191406,121464100,6828672651.447678,350249276.38053894,-103409900,48.3514970441573,21,通信服务,平台与传媒,美股,USD,-9.602286290956796,-39.508890838412235
XLC,2022-07,2022-07-01,2022-07-29,54.08000183105469,58.334999084472656,53.40999984741211,56.369998931884766,53.835391998291016,84924500,4758579393.11676,-255604897.1244812,-108581200,44.081040836490835,20,通信服务,平台与传媒,美股,USD,3.869550862104121,-30.314723870854433
XLC,2022-08,2022-08-01,2022-08-31,55.95000076293945,60.2400016784668,53.88999938964844,54.380001068115234,51.934871673583984,84051600,4777670349.854279,-405048282.0739746,-116566800,39.3246688021375,23,通信服务,平台与传媒,美股,USD,-3.530243310510983,0.4011902536528611
XLC,2022-09,2022-09-01,2022-09-30,54.2400016784668,56.23500061035156,47.79999923706055,47.88999938964844,45.83336639404297,152723100,7935026034.688568,-2522225802.887726,-168246100,22.643115104025014,21,通信服务,平台与传媒,美股,USD,-11.748378465031362,66.08567468307207
XLC,2022-10,2022-10-03,2022-10-31,48.439998626708984,51.95000076293945,46.472999572753906,48.209999084472656,46.1396369934082,143915100,7094202692.416,954132218.7152863,-150550600,67.50507310907076,21,通信服务,平台与传媒,美股,USD,0.6682262802433891,-10.596352659674269
XLC,2022-11,2022-11-01,2022-11-30,48.84000015258789,51.525001525878906,44.86000061035156,51.5099983215332,49.29791259765625,137290200,6656588754.616165,483973348.68125916,-142150200,69.30552886351038,21,通信服务,平台与传媒,美股,USD,6.84503782441821,-6.16861339848187
XLC,2022-12,2022-12-01,2022-12-30,51.61000061035156,52.189998626708984,46.474998474121094,47.9900016784668,46.042144775390625,124573200,6096735778.681183,-549167788.4346008,-154485600,38.20028477691606,21,通信服务,平台与传媒,美股,USD,-6.604271156138997,-8.410508694062546
XLC,2023-01,2023-01-03,2023-01-31,48.58000183105469,55.59600067138672,48.150001525878906,55.08000183105469,52.84438705444336,109555500,5700685340.695953,3351630886.9995117,-89298700,63.786574766622095,20,通信服务,平台与传媒,美股,USD,14.773947461041192,-6.496106315942418
XLC,2023-02,2023-02-01,2023-02-28,54.689998626708984,59.790000915527344,52.845001220703125,53.5,51.3285026550293,105301300,5898085193.464279,-153208874.5311737,-92577400,24.315134190143112,19,通信服务,平台与传媒,美股,USD,-2.8685816676278453,3.4627389685785825
XLC,2023-03,2023-03-01,2023-03-31,53.400001525878906,58.02000045776367,51.369998931884766,57.970001220703125,55.76914978027344,173982800,9521405260.219574,2054019642.3854828,-57127700,79.51742963211541,23,通信服务,平台与传媒,美股,USD,8.651425417743086,61.43214192243829
XLC,2023-04,2023-04-03,2023-04-28,57.54999923706055,59.90999984741211,56.064998626708984,59.900001525878906,57.62587356567383,141211900,8247358826.581955,-1299420484.8575592,-80194800,57.61943840934557,19,通信服务,平台与传媒,美股,USD,3.32930265696314,-13.38086552161144
XLC,2023-05,2023-05-01,2023-05-31,59.810001373291016,62.720001220703125,57.43000030517578,62.2400016784668,59.87703323364258,136869100,8234879030.862427,-278137212.3138428,-85733000,73.0774535880308,22,通信服务,平台与传媒,美股,USD,3.9065085328436666,-0.15131869465051517
XLC,2023-06,2023-06-01,2023-06-30,62.41999816894531,65.61000061035156,62.279998779296875,65.08000183105469,62.710899353027344,123494300,7892433778.332901,2903860846.3581085,-40213700,67.01350356710462,21,通信服务,平台与传媒,美股,USD,4.7328098376666405,-4.158473381893291
XLC,2023-07,2023-07-03,2023-07-31,64.87000274658203,69.22000122070312,64.5250015258789,68.79000091552734,66.28584289550781,124112500,8276556137.089539,1721358799.6063232,-14857200,65.35754348046444,20,通信服务,平台与传媒,美股,USD,5.700673374743892,4.8669696768463
XLC,2023-08,2023-08-01,2023-08-31,68.41999816894531,68.91999816894531,64.31500244140625,67.7300033569336,65.26441955566406,121407500,8108719521.568298,-1316267610.5026245,-34700600,51.12916100457155,23,通信服务,平台与传媒,美股,USD,-1.5409373936059123,-2.027855701589676
XLC,2023-09,2023-09-01,2023-09-29,67.94999694824219,68.51000213623047,64.30999755859375,65.56999969482422,63.340675354003906,105249200,7017010387.806702,-1840916071.8460083,-62567200,22.058491198598418,20,通信服务,平台与传媒,美股,USD,-2.947615584046359,-13.463397406431078
XLC,2023-10,2023-10-02,2023-10-31,65.76000213623047,68.875,62.81999969482422,64.72000122070312,62.51958465576172,169872400,11237135699.357986,-146042903.46107483,-66552800,28.746505996307434,22,通信服务,平台与传媒,美股,USD,-1.296308720507322,60.14135761982766
XLC,2023-11,2023-11-01,2023-11-30,64.69999694824219,71.49500274658203,64.62999725341797,69.7699966430664,67.39788055419922,114967200,7912845385.064697,1321163884.2514038,-47028000,68.64472983015655,21,通信服务,平台与传媒,美股,USD,7.802828386173433,-29.583075289223537
XLC,2023-12,2023-12-01,2023-12-29,69.6500015258789,73.35800170898438,68.51000213623047,72.66000366210938,70.36200714111328,116999400,8309460504.160309,2406895844.983673,-13944600,77.51864700222494,20,通信服务,平台与传媒,美股,USD,4.397952224225232,5.0122945640289185
XLC,2024-01,2024-01-02,2024-01-31,72.30999755859375,78.38999938964844,71.66500091552734,75.87999725341797,73.48016357421875,123812700,9210126709.39331,730709093.2571411,-5368700,59.50312973235461,21,通信服务,平台与传媒,美股,USD,4.43159108132305,10.839045504603618
XLC,2024-02,2024-02-01,2024-02-29,76.56999969482422,80.41999816894531,76.32499694824219,79.36000061035156,76.85011291503906,136272300,10766678580.15213,870202581.5605164,5237400,56.03911798877095,20,通信服务,平台与传媒,美股,USD,4.586202829307107,16.900439265089684
XLC,2024-03,2024-03-01,2024-03-28,79.41999816894531,82.25,78.06999969482422,81.66000366210938,79.29137420654297,119622100,9585572925.613403,-805083549.9420166,-5210900,60.31603459265222,20,通信服务,平台与传媒,美股,USD,3.176652836155003,-10.970009420695813
XLC,2024-04,2024-04-01,2024-04-30,81.55000305175781,83.58499908447266,76.4800033569336,77.86000061035156,75.60159301757812,142528300,11483058158.377075,-1127198895.0683594,-20427200,39.82277635651788,22,通信服务,平台与传媒,美股,USD,-4.653445883474639,19.795219831810385
XLC,2024-05,2024-05-01,2024-05-31,77.97000122070312,83.30000305175781,77.91000366210938,83.26000213623047,80.84496307373047,79259300,6452719201.702881,3109186123.6206055,18120700,63.95641635154619,22,通信服务,平台与传媒,美股,USD,6.935528534343449,-43.806613946342175
XLC,2024-06,2024-06-03,2024-06-28,83.5,87.0199966430664,82.87999725341797,85.66000366210938,83.39527130126953,69639200,5900484386.946106,2799699678.956604,51087700,67.1573552084815,19,通信服务,平台与传媒,美股,USD,3.1545666304692244,-8.558172105351169
XLC,2024-07,2024-07-01,2024-07-31,85.79000091552734,87.93499755859375,82.13999938964844,85.79000091552734,83.5218276977539,94762300,8083366181.612396,197085577.52304077,52789000,53.92969602710031,22,通信服务,平台与传媒,美股,USD,0.15175488311223173,36.9949592527619
XLC,2024-08,2024-08-01,2024-08-30,87.55999755859375,88.0199966430664,81.1500015258789,87.31999969482422,85.01138305664062,106594900,9080437838.95111,439486790.25115967,57275100,72.4281897030916,22,通信服务,平台与传媒,美股,USD,1.7834324271220225,12.334856975882147
XLC,2024-09,2024-09-03,2024-09-30,86.95999908447266,90.49500274658203,82.6500015258789,90.4000015258789,88.27706909179688,79189100,6881913002.3124695,799793265.2664185,66108500,78.57116511824097,20,通信服务,平台与传媒,美股,USD,3.8414691277054214,-24.211661107440552
XLC,2024-10,2024-10-01,2024-10-31,90.72000122070312,93.91999816894531,89.41000366210938,92.04000091552734,89.8785629272461,76831800,6983055645.45517,1211103594.3733215,79178100,51.92774937866772,23,通信服务,平台与传媒,美股,USD,1.814167429804292,1.4696879066723678
XLC,2024-11,2024-11-01,2024-11-29,92.37999725341797,98.53600311279297,91.62999725341797,98.4000015258789,96.0892105102539,69804100,6703777096.565247,2867225205.079651,108942000,83.4020175072985,20,通信服务,平台与传媒,美股,USD,6.910043263636889,-3.9993745298548156
XLC,2024-12,2024-12-02,2024-12-31,98.47000122070312,102.66999816894531,96.33100128173828,96.80999755859375,94.78230285644531,84384200,8380244763.240051,202246556.16607666,110354400,35.68003831939953,21,通信服务,平台与传媒,美股,USD,-1.360098232536866,25.00780742745401
XLC,2025-01,2025-01-02,2025-01-31,97.31999969482422,103.50499725341797,94.91999816894531,102.37999725341797,100.23564147949219,104695500,10356261448.769379,6176368607.72934,171798500,76.11870726775965,20,通信服务,平台与传媒,美股,USD,5.753540965665671,23.579462669123053
XLC,2025-02,2025-02-03,2025-02-28,101.12000274658203,105.58000183105469,100.0999984741211,102.0,99.86360168457031,81567300,8402627838.720703,1412958247.581482,185161000,35.95991868713021,19,通信服务,平台与传媒,美股,USD,-0.37116517581023967,-18.864274716440487
XLC,2025-03,2025-03-03,2025-03-31,102.33999633789062,103.04000091552734,94.12999725341797,96.44999694824219,94.70931243896484,103843900,10179086942.886353,-1430876826.4419556,170413100,55.025317738272435,21,通信服务,平台与传媒,美股,USD,-5.161329211704013,21.141708739966212
XLC,2025-04,2025-04-01,2025-04-30,96.1500015258789,97.33999633789062,84.0199966430664,95.44000244140625,93.7175521850586,151703500,13791564975.365448,3964458446.7658997,211373600,62.56803826788933,21,通信服务,平台与传媒,美股,USD,-1.0471623416603126,35.48921482592968
XLC,2025-05,2025-05-01,2025-05-30,96.73999786376953,102.47000122070312,95.66999816894531,101.4000015258789,99.56998443603516,89315300,8919481439.804077,1487793278.4561157,226198100,56.244325625763324,21,通信服务,平台与传媒,美股,USD,6.24475577362511,-35.32654593053005
XLC,2025-06,2025-06-02,2025-06-30,100.52999877929688,108.73999786376953,100.36000061035156,108.52999877929688,106.82996368408203,117994700,12284854888.012695,2612278518.5409546,250604800,61.80741360942447,20,通信服务,平台与传媒,美股,USD,7.291333115263021,37.73059533696996
XLC,2025-07,2025-07-01,2025-07-31,108.0999984741211,109.69999694824219,105.56999969482422,107.41000366210938,105.7275161743164,124670800,13352491518.325043,384184959.39559937,253888200,56.97888350697492,22,通信服务,平台与传媒,美股,USD,-1.0319646958093065,8.690673516657688
XLC,2025-08,2025-08-01,2025-08-29,106.83000183105469,112.22000122070312,105.63999938964844,111.38999938964844,109.64515686035156,119210600,13068154095.79544,1695422996.2287903,268701600,64.91429412947558,21,通信服务,平台与传媒,美股,USD,3.7054125811259997,-2.129470909151121
XLC,2025-09,2025-09-02,2025-09-30,109.94999694824219,119.55000305175781,109.69999694824219,118.37000274658203,116.92218780517578,135072900,15751024371.622467,5376638004.001617,314669500,65.09578435771468,21,通信服务,平台与传媒,美股,USD,6.636892274314077,20.52983348803803
XLC,2025-10,2025-10-01,2025-10-31,117.5,117.5,112.70999908447266,114.80999755859375,113.40573120117188,118163200,13642928405.864716,-2571417443.1648254,292246900,46.560423301541874,23,通信服务,平台与传媒,美股,USD,-3.00751864980775,-13.38386581101203
XLC,2025-11,2025-11-03,2025-11-28,114.88999938964844,115.38999938964844,109.86499786376953,115.38999938964844,113.9786376953125,113047000,12735170114.26239,-141685136.0595703,290299300,71.73848792591727,19,通信服务,平台与传媒,美股,USD,0.5051830168303795,-6.653690942276769
XLC,2025-12,2025-12-01,2025-12-31,114.55999755859375,118.66999816894531,114.37999725341797,117.72000122070312,116.65657806396484,108623900,12664088050.72937,2100788036.1709595,308177800,62.421308266677094,22,通信服务,平台与传媒,美股,USD,2.3495107704401663,-0.5581555872065991
XLC,2026-01,2026-01-02,2026-01-30,118.16000366210938,120.26000213623047,113.18000030517578,120.08000183105469,118.9952621459961,136354300,15955096180.166626,-1602148127.166748,293567900,44.17507502267641,20,通信服务,平台与传媒,美股,USD,2.0047597150920193,25.986933415609936
XLC,2026-02,2026-02-02,2026-02-27,119.58000183105469,120.40499877929688,113.30000305175781,118.05000305175781,116.98359680175781,150554600,17519442549.856567,-3448554718.243408,263711100,55.42638916593417,19,通信服务,平台与传媒,美股,USD,-1.6905423862759839,9.804681538896265
XLC,2026-03,2026-03-02,2026-03-31,116.44999694824219,119.16000366210938,106.72000122070312,110.86000061035156,110.20912170410156,205332300,23464092422.31064,-4612902264.04953,223106000,40.05236741219717,22,通信服务,平台与传媒,美股,USD,-5.790961538938133,33.9317295943457
XLC,2026-04,2026-04-01,2026-04-30,111.25,119.4800033569336,109.69999694824219,116.51000213623047,115.8259506225586,94376400,10863598029.982758,4669386015.300751,264197400,54.33690263269016,21,通信服务,平台与传媒,美股,USD,5.096519082637774,-53.70117951098251
XLC,2026-05,2026-05-01,2026-05-29,116.83499908447266,118.19999694824219,114.80999755859375,115.69000244140625,115.0107650756836,99392200,11560421135.165405,2019275111.5524292,281276200,42.150488478788695,20,通信服务,平台与传媒,美股,USD,-0.7038021639308112,6.41429389470658
XLC,2026-06,2026-06-01,2026-06-30,115.42500305175781,116.04499816894531,105.02999877929688,107.12999725341797,106.77808380126953,153584900,16899094916.00113,-1817211585.3645325,264869700,39.68642111931845,21,通信服务,平台与传媒,美股,USD,-7.158183209194801,46.1806167648696
XLC,2026-07,2026-07-01,2026-07-31,109.02999877929688,114.02999877929688,105.25499725341797,108.23999786376953,107.88443756103516,153490700,16810741481.841278,267479212.0994568,266719400,51.94614234307135,22,通信服务,平台与传媒,美股,USD,1.0361243809401177,-0.522829385828183
XLC,2026-08,2026-08-03,2026-08-31,109.83000183105469,114.0,109.79000091552734,111.45999908447266,111.09386444091797,89510500,9986822147.203064,1682955469.807434,281447300,56.224456918818994,21,通信服务,平台与传媒,美股,USD,2.974874738598965,-40.592613609633545
XLC,2026-09,2026-09-01,2026-09-30,110.55999755859375,115.61000061035156,110.30999755859375,110.97000122070312,110.97000122070312,120073300,13495236689.33487,-2926998843.7934875,254872600,45.45974436996507,21,通信服务,平台与传媒,美股,USD,-0.11149420432728929,35.1304397977527
XLC,2026-10,2026-10-01,2026-10-02,111.73999786376953,111.8499984741211,109.66000366210938,110.1050033569336,110.1050033569336,10216346,1123772597.5320282,-339704738.96699524,251777346,35.30173608390247,2,通信服务,平台与传媒,美股,USD,-0.7794880186125064,-91.67282039284177
XLE,2021-10,2021-10-04,2021-10-29,27.209999084472656,29.704999923706055,26.75,28.735000610351562,24.10255241394043,1305545800,36939483331.05011,10108014930.329132,350038000,58.875076983941526,20,能源,能源周期,美股,USD,,
XLE,2021-11,2021-11-01,2021-11-30,29.020000457763672,29.700000762939453,27.06999969482422,27.295000076293945,22.89469337463379,1198226800,34090279612.600327,2303921696.140671,417002400,38.70060408875337,21,能源,能源周期,美股,USD,-5.011332486961173,-7.713166134229166
XLE,2021-12,2021-12-01,2021-12-31,27.934999465942383,28.934999465942383,25.829999923706055,27.75,23.577730178833008,1204002800,33357683732.003784,-3942317668.2762146,267030400,38.99137133137113,22,能源,能源周期,美股,USD,2.9833848089705794,-2.1489875968214833
XLE,2022-01,2022-01-03,2022-01-31,27.790000915527344,33.529998779296875,27.774999618530273,32.959999084472656,28.004398345947266,1707678400,53910397442.81006,8537103905.093384,539994400,56.44323894630933,20,能源,能源周期,美股,USD,18.7747850770144,61.61313200259089
XLE,2022-02,2022-02-01,2022-02-28,32.76499938964844,35.33000183105469,32.68000030517578,35.290000915527344,29.984081268310547,1529083000,52395780000.65689,1686133282.410431,576081000,35.760258232603974,19,能源,能源周期,美股,USD,7.06918569685957,-2.809508951886186
XLE,2022-03,2022-03-01,2022-03-31,35.60499954223633,40.11000061035156,35.14500045776367,38.220001220703125,32.78417205810547,2170681200,81630263707.18384,11945026897.88971,880204600,51.43211628214256,23,能源,能源周期,美股,USD,9.338591250265416,55.79549289305443
XLE,2022-04,2022-04-01,2022-04-29,38.16999816894531,40.755001068115234,35.5,37.57500076293945,32.23090744018555,1290893600,49733714782.72934,13203033068.854523,1211971000,50.82100731488571,20,能源,能源周期,美股,USD,-1.6875967370453493,-39.074416124478915
XLE,2022-05,2022-05-02,2022-05-31,37.345001220703125,45.22999954223633,37.22999954223633,43.599998474121094,37.39900588989258,1566954200,63421650013.76495,29743010887.306213,1947282000,74.93235817862711,21,能源,能源周期,美股,USD,16.034604236005578,27.522446877000473
XLE,2022-06,2022-06-01,2022-06-30,44.150001525878906,46.654998779296875,34.73500061035156,35.755001068115234,31.01369857788086,1551592200,61676819714.59198,-13734199878.042603,1576813800,31.261149247241022,21,能源,能源周期,美股,USD,-17.073468024286186,-2.7511587900886814
XLE,2022-07,2022-07-01,2022-07-29,36.189998626708984,39.33000183105469,32.7400016784668,39.209999084472656,34.01054000854492,1114946800,39641855337.075806,-1725193395.7382202,1503961000,75.23093217056864,20,能源,能源周期,美股,USD,9.662960459677095,-35.72649251287996
XLE,2022-08,2022-08-01,2022-08-31,38.540000915527344,42.59000015258789,35.345001220703125,40.25,34.91262435913086,1064390200,41686328673.423004,841219302.2941589,1517655600,62.666904429722955,23,能源,能源周期,美股,USD,2.6523670319827275,5.15736036813359
XLE,2022-09,2022-09-01,2022-09-30,39.654998779296875,41.48500061035156,34.33000183105469,36.0099983215332,31.575429916381836,1202580000,45803481871.42258,-14940292944.288635,1116605400,37.080177927155766,21,能源,能源周期,美股,USD,-9.558704061948387,9.876507068429973
XLE,2022-10,2022-10-03,2022-10-31,37.30500030517578,45.59000015258789,37.244998931884766,45.0,39.45832061767578,1110568600,46280351612.462616,29338659140.073395,1806006400,85.39851958620699,21,能源,能源周期,美股,USD,24.965268001637497,1.0411211583841729
XLE,2022-11,2022-11-01,2022-11-30,45.755001068115234,47.35499954223633,43.64500045776367,45.57500076293945,39.96251678466797,1040048000,47508451968.95752,5819157459.07135,1925630800,52.988479970452666,21,能源,能源周期,美股,USD,1.2777942879969695,2.653610687270991
XLE,2022-12,2022-12-01,2022-12-30,45.89500045776367,46.125,41.32500076293945,43.73500061035156,38.74407958984375,870196200,37393746434.02176,-13949871815.47165,1598135000,51.57252720423949,21,能源,能源周期,美股,USD,-3.048950098387404,-21.2903285957303
XLE,2023-01,2023-01-03,2023-01-31,43.459999084472656,46.57500076293945,41.415000915527344,44.96500015258789,39.83372116088867,709624600,31446875319.417572,7318791721.494293,1755784400,51.15743775419545,20,能源,能源周期,美股,USD,2.8124079409814096,-15.903384072780625
XLE,2023-02,2023-02-01,2023-02-28,44.755001068115234,45.334999084472656,41.39500045776367,41.845001220703125,37.06977081298828,682873000,29516534511.91101,-14278288018.621826,1420390600,40.03259278801982,19,能源,能源周期,美股,USD,-6.938719927110948,-6.138418484823605
XLE,2023-03,2023-03-01,2023-03-31,41.880001068115234,43.845001220703125,37.68000030517578,41.415000915527344,37.071739196777344,1162036400,47025485952.739716,4092420428.820038,1511159800,46.23939232627401,23,能源,能源周期,美股,USD,0.0053099432391734425,59.3191298719814
XLE,2023-04,2023-04-03,2023-04-28,43.15999984741211,43.869998931884766,41.345001220703125,42.564998626708984,38.101139068603516,641563400,27479136852.97699,4034446800.404358,1601445600,41.6861347344643,19,能源,能源周期,美股,USD,2.7767779287669825,-41.56543777007785
XLE,2023-05,2023-05-01,2023-05-31,42.029998779296875,42.540000915527344,38.165000915527344,38.29499816894531,34.27894592285156,880958200,34883890039.17694,-6318959321.038055,1438614000,50.39063455716755,22,能源,能源周期,美股,USD,-10.031703091264156,26.946818693097875
XLE,2023-06,2023-06-01,2023-06-30,38.3849983215332,41.2599983215332,38.125,40.584999084472656,36.648765563964844,846668400,33851267957.017517,4724951187.882996,1555708000,62.956449352962366,21,能源,能源周期,美股,USD,6.913338719477591,-2.9601689519136776
XLE,2023-07,2023-07-03,2023-07-31,40.685001373291016,43.8650016784668,39.244998931884766,43.7400016784668,39.49777603149414,751374200,31295549691.64276,11626042779.910278,1827609800,63.07064689314764,20,能源,能源周期,美股,USD,7.773823821041881,-7.549845012068279
XLE,2023-08,2023-08-01,2023-08-31,43.564998626708984,45.0,42.48500061035156,44.459999084472656,40.14793395996094,834280400,36639807543.11447,4923818977.794647,1936781000,48.49084266990276,23,能源,能源周期,美股,USD,1.6460621173920886,17.076734245376922
XLE,2023-09,2023-09-01,2023-09-29,44.95000076293945,46.845001220703125,44.505001068115234,45.19499969482422,41.11282730102539,814126600,37162061476.950836,4627453082.102203,2034462400,38.28164796356252,20,能源,能源周期,美股,USD,2.4033449442921073,1.4253730269238485
XLE,2023-10,2023-10-02,2023-10-31,45.1349983215332,46.279998779296875,42.04499816894531,42.595001220703125,38.74766159057617,1044131000,45959398978.08838,-5990013400.315857,1894953400,39.485049897367404,22,能源,能源周期,美股,USD,-5.7528656278772345,23.672899595717922
XLE,2023-11,2023-11-01,2023-11-30,42.8650016784668,43.84000015258789,41.05500030517578,42.290000915527344,38.47021484375,817821400,34561157238.44528,-6760528006.485748,1732019200,62.990781100092285,21,能源,能源周期,美股,USD,-0.7160348145851758,-24.80067623398933
XLE,2023-12,2023-12-01,2023-12-29,42.2400016784668,43.084999084472656,40.369998931884766,41.91999816894531,38.499908447265625,750461600,31379975604.367065,-3824822399.7894287,1636815200,62.05258056597777,20,能源,能源周期,美股,USD,0.0771859570741329,-9.204499757142159
XLE,2024-01,2024-01-02,2024-01-31,42.21500015258789,43.55500030517578,39.4900016784668,41.70500183105469,38.30244064331055,762132400,31531688597.0047,3917187634.1415405,1728027200,69.99276039313196,21,能源,能源周期,美股,USD,-0.5129046065799225,0.4834707156895268
XLE,2024-02,2024-02-01,2024-02-29,41.95500183105469,43.44499969482422,41.20500183105469,43.06999969482422,39.55607604980469,653900800,27671359301.48468,-1034327002.4810791,1700476800,47.99508328833471,20,能源,能源周期,美股,USD,3.272990925483188,-12.242697639373256
XLE,2024-03,2024-03-01,2024-03-28,43.380001068115234,47.290000915527344,42.98500061035156,47.20500183105469,43.704078674316406,615859200,27867418699.479675,12172635692.98706,1969421200,84.89257763996665,20,能源,能源周期,美股,USD,10.48638550317531,0.708528250668472
XLE,2024-04,2024-04-01,2024-04-30,47.345001220703125,49.48500061035156,46.72999954223633,46.7599983215332,43.292076110839844,743513000,35711396986.709595,1030765391.8395996,1987567400,36.052879131627165,22,能源,能源周期,美股,USD,-0.9427096416945724,28.14748783092844
XLE,2024-05,2024-05-01,2024-05-31,46.69499969482422,47.60499954223633,45.1349983215332,46.599998474121094,43.143943786621094,616804600,28644808461.58371,1563076405.5534363,2019812800,30.71716798770217,22,能源,能源周期,美股,USD,-0.3421696012902875,-19.788048414224168
XLE,2024-06,2024-06-03,2024-06-28,46.44499969482422,46.459999084472656,43.79999923706055,45.57500076293945,42.533809661865234,526321000,23684151394.130707,-1918418606.0783386,1975720200,62.56836545295424,19,能源,能源周期,美股,USD,-1.4141825507965278,-17.31782243929425
XLE,2024-07,2024-07-01,2024-07-31,45.939998626708984,47.255001068115234,44.19499969482422,46.60499954223633,43.495086669921875,565181200,25856281669.4252,8099401917.375946,2149607400,65.40464428610159,22,能源,能源周期,美股,USD,2.260030351615794,9.171239615673032
XLE,2024-08,2024-08-01,2024-08-30,46.5,46.73500061035156,42.73500061035156,45.63999938964844,42.59447479248047,580310400,25904738803.504944,3230276402.42157,2219686200,55.47944208120135,22,能源,能源周期,美股,USD,-2.0706060072394505,0.18740952275841938
XLE,2024-09,2024-09-03,2024-09-30,44.89500045776367,45.06999969482422,41.5099983215332,43.900001525878906,41.308929443359375,652417200,28366541124.00818,-3177240642.515564,2144537400,66.20326395302226,20,能源,能源周期,美股,USD,-3.018103534282901,9.503289491458421
XLE,2024-10,2024-10-01,2024-10-31,43.505001068115234,47.10499954223633,43.45000076293945,44.29499816894531,41.68061828613281,664425000,30147226005.04837,7717919603.844452,2311044800,41.403418576328406,23,能源,能源周期,美股,USD,0.899778444471866,6.2774127915549816
XLE,2024-11,2024-11-01,2024-11-29,44.89500045776367,48.959999084472656,43.92499923706055,47.76499938964844,44.94580841064453,488517000,22989807458.04596,4575862820.632935,2406964200,74.20140785333221,20,能源,能源周期,美股,USD,7.833833226984677,-23.74154937440629
XLE,2024-12,2024-12-02,2024-12-31,47.75,47.83000183105469,41.375,42.83000183105469,40.640193939208984,547542400,23985448964.7995,-13705750249.925232,2094829800,18.767594431525666,21,能源,能源周期,美股,USD,-9.57956842626474,4.330795325582804
XLE,2025-01,2025-01-02,2025-01-31,43.18000030517578,47.14500045776367,43.040000915527344,43.81999969482422,41.57957458496094,648700800,29261412621.1792,6567366137.283325,2241317000,42.238583748415294,20,能源,能源周期,美股,USD,2.311457093824676,21.996518239548422
XLE,2025-02,2025-02-03,2025-02-28,43.814998626708984,46.5099983215332,43.415000915527344,45.5,43.173675537109375,561678800,25301242302.641296,8793614210.27832,2433260600,55.058202119080555,19,能源,能源周期,美股,USD,3.833855848840284,-13.533763286846789
XLE,2025-03,2025-03-03,2025-03-31,45.67499923706055,47.40999984741211,42.01499938964844,46.724998474121094,44.68183898925781,718265800,32160827139.713287,5985927359.807587,2559458400,72.76852781041171,21,能源,能源周期,美股,USD,3.493247756615281,27.11165228576895
XLE,2025-04,2025-04-01,2025-04-30,46.75,47.10499954223633,37.244998931884766,40.25,38.489967346191406,1021321800,41361178495.3598,-8921275248.979187,2317541800,60.07164073925557,21,能源,能源周期,美股,USD,-13.857692035806824,28.60732193136166
XLE,2025-05,2025-05-01,2025-05-30,39.91999816894531,43.224998474121094,39.91999816894531,40.76499938964844,38.982452392578125,552228400,22827155939.12201,3786872520.2438354,2409411000,35.43385956071167,21,能源,能源周期,美股,USD,1.279515365542272,-44.81018972493028
XLE,2025-06,2025-06-02,2025-06-30,41.529998779296875,44.71500015258789,40.82500076293945,42.404998779296875,40.880611419677734,980030400,42127896368.444824,292077016.4123535,2411635000,56.238757407035436,20,能源,能源周期,美股,USD,4.869265299124681,84.55166504664957
XLE,2025-07,2025-07-01,2025-07-31,42.470001220703125,44.720001220703125,42.08000183105469,43.60499954223633,42.037479400634766,711044600,30953285589.82315,2316503136.806488,2462251600,49.170344534282094,22,能源,能源周期,美股,USD,2.8298695659922934,-26.52544214619703
XLE,2025-08,2025-08-01,2025-08-29,43.439998626708984,45.310001373291016,42.04999923706055,45.19499969482422,43.570316314697266,609566000,26253650818.693542,4173902842.7993774,2554144200,86.60484512126152,21,能源,能源周期,美股,USD,3.646357811927592,-15.182991664945444
XLE,2025-09,2025-09-02,2025-09-30,45.07500076293945,46.45500183105469,43.19499969482422,44.66999816894531,43.431678771972656,698602000,31160891709.62448,1835852627.4604797,2590483000,58.67022225151688,21,能源,能源周期,美股,USD,-0.3181926468544871,18.691651400485632
XLE,2025-10,2025-10-01,2025-10-31,44.45000076293945,44.96500015258789,42.349998474121094,44.064998626708984,42.843448638916016,613216000,26854013901.235962,513471732.8781128,2598303000,62.89608904011135,23,能源,能源周期,美股,USD,-1.3543803732409154,-13.821420287078235
XLE,2025-11,2025-11-03,2025-11-28,44.07500076293945,46.11000061035156,43.185001373291016,45.224998474121094,43.971290588378906,610039000,27351092914.514923,5713232490.848541,2723418400,47.601354169366736,19,能源,能源周期,美股,USD,2.6324723739405975,1.8510417664455048
XLE,2025-12,2025-12-01,2025-12-31,45.290000915527344,46.65999984741211,43.77000045776367,44.709999084472656,43.841129302978516,595730900,26820111727.093124,-1103238040.657425,2696693300,35.72966923408863,22,能源,能源周期,美股,USD,-0.2960142485214923,-1.9413527243001383
XLE,2026-01,2026-01-02,2026-01-30,44.720001220703125,51.72999954223633,44.4900016784668,51.04999923706055,50.057918548583984,1053992500,50630178017.1154,28328707439.02855,3270527200,73.47177043400136,20,能源,能源周期,美股,USD,14.180267124604162,88.77690940403444
XLE,2026-02,2026-02-02,2026-02-27,50.099998474121094,56.150001525878906,49.77000045776367,55.91999816894531,54.83327865600586,1015693600,54678194500.458145,12424930397.32933,3494717600,57.604513257343456,19,能源,能源周期,美股,USD,9.539669738339441,7.9952641722379925
XLE,2026-03,2026-03-02,2026-03-31,57.77000045776367,63.459999084472656,55.33000183105469,61.2599983215332,60.461978912353516,1542283900,89845826881.28891,7908432627.655792,3624645700,68.53517699598919,22,能源,能源周期,美股,USD,10.265117086393927,64.3174718955581
XLE,2026-04,2026-04-01,2026-04-30,59.720001220703125,61.0099983215332,53.40999984741211,59.650001525878906,58.872955322265625,1007576100,57817061454.792786,-3861075300.3944397,3549984000,63.075785101694166,21,能源,能源周期,美股,USD,-2.628136919552959,-35.64858440093711
XLE,2026-05,2026-05-01,2026-05-29,59.060001373291016,61.70000076293945,55.130001068115234,56.290000915527344,55.55672836303711,778439000,45309728398.02551,-6595117745.819092,3426541800,45.550721226370705,20,能源,能源周期,美股,USD,-5.632852879689443,-21.63259899769685
XLE,2026-06,2026-06-01,2026-06-30,57.029998779296875,59.380001068115234,52.939998626708984,53.11000061035156,52.79617691040039,736941700,41279933861.0302,-2337139835.0780487,3373253300,31.43596847984776,21,能源,能源周期,美股,USD,-4.968887718869642,-8.893883674594981
XLE,2026-07,2026-07-01,2026-07-31,53.04999923706055,60.45000076293945,52.619998931884766,59.54999923706055,59.198123931884766,668686300,38037027447.893524,18568049639.56833,3691993200,71.77023777794354,22,能源,能源周期,美股,USD,12.125777653084668,-7.855890525537146
XLE,2026-08,2026-08-03,2026-08-31,58.689998626708984,64.69999694824219,57.11000061035156,63.959999084472656,63.58206558227539,545900100,33456913432.299805,2974381759.7091675,3735154500,56.065812360149366,21,能源,能源周期,美股,USD,7.405541526003301,-12.04119859751912
XLE,2026-09,2026-09-01,2026-09-30,64.87000274658203,66.16999816894531,60.95000076293945,61.5,61.5,706659400,45007029438.30757,-3348410551.369858,3677866500,45.51141755303911,21,能源,能源周期,美股,USD,-3.2746114225892686,34.522359719104
XLE,2026-10,2026-10-01,2026-10-02,61.15999984741211,62.900001525878906,61.040000915527344,62.849998474121094,62.849998474121094,63887565,4009081278.166008,4009081278.166008,3741754065,53.53215353968211,2,能源,能源周期,美股,USD,2.195119470115592,-91.09232195903671
XLF,2021-10,2021-10-04,2021-10-29,38.09000015258789,40.86000061035156,37.7400016784668,40.2599983215332,36.9464111328125,1007233100,39580553411.377335,9117805269.788742,229238000,71.92239026595166,20,金融,金融周期,美股,USD,,
XLF,2021-11,2021-11-01,2021-11-30,40.540000915527344,40.68000030517578,37.900001525878906,37.959999084472656,34.83570861816406,1122776900,44417309787.078476,-3618324142.056656,128801200,52.0981500772858,21,金融,金融周期,美股,USD,-5.712875621561797,12.22003220983472
XLF,2021-12,2021-12-01,2021-12-31,38.630001068115234,39.7400016784668,37.209999084472656,39.04999923706055,36.007694244384766,1342744800,51926031787.74185,5091560786.768341,250233800,47.1758932810408,22,金融,金融周期,美股,USD,3.364322623853866,16.904945474315404
XLF,2022-01,2022-01-03,2022-01-31,39.34000015258789,41.70000076293945,36.81999969482422,39.060001373291016,36.01691818237305,1608899400,63589701442.59834,4936342114.3520355,377268200,31.017724517871457,20,金融,金融周期,美股,USD,0.025616574962228356,22.46208549602653
XLF,2022-02,2022-02-01,2022-02-28,39.11000061035156,41.38999938964844,36.79999923706055,38.52000045776367,35.51898956298828,1311597600,51787365501.28937,-6767276361.778259,189502000,27.829112408235915,19,金融,金融周期,美股,USD,-1.3824853555306604,-18.560137370613074
XLF,2022-03,2022-03-01,2022-03-31,38.150001525878906,40.0099983215332,35.4900016784668,38.31999969482422,35.47281265258789,1670153700,63006838826.80855,-6581824222.669601,-9911500,69.0482067948461,23,金融,金融周期,美股,USD,-0.13000626135071247,21.66449908566954
XLF,2022-04,2022-04-01,2022-04-29,38.58000183105469,38.65999984741211,34.43000030517578,34.5099983215332,31.945894241333008,1329232900,49042307465.62996,-21232964764.121628,-586402000,23.651803414440323,20,金融,金融周期,美股,USD,-9.942595885464922,-22.163516883562284
XLF,2022-05,2022-05-02,2022-05-31,34.66999816894531,36.099998474121094,32.22999954223633,35.470001220703125,32.834571838378906,1678540800,57254520498.50578,-13036863837.909317,-988856600,43.699672882103954,21,金融,金融周期,美股,USD,2.781821007521179,16.74516036716083
XLF,2022-06,2022-06-01,2022-06-30,35.380001068115234,35.52000045776367,30.579999923706055,31.450000762939453,29.268447875976562,1313433900,42329314324.39537,-13894226967.224503,-1425195900,36.44697080150852,21,金融,金融周期,美股,USD,-10.860881573104775,-26.068170764786913
XLF,2022-07,2022-07-01,2022-07-29,31.350000381469727,33.81999969482422,30.3700008392334,33.709999084472656,31.371679306030273,836301800,26888914463.66043,1720905169.8493958,-1383635100,70.12642505192979,20,金融,金融周期,美股,USD,7.186002616080089,-36.4768485083546
XLF,2022-08,2022-08-01,2022-08-31,33.38999938964844,35.970001220703125,33.0,33.04999923706055,30.757463455200195,748899900,25655043686.70082,-3353318160.882187,-1490175600,33.27997987781718,23,金融,金融周期,美股,USD,-1.9578673007536906,-4.588771252283719
XLF,2022-09,2022-09-01,2022-09-30,32.90999984741211,34.81999969482422,30.1200008392334,30.360000610351562,28.40268325805664,974285400,31590352115.270233,-8882977694.758987,-1784624400,19.568291953638735,21,金融,金融周期,美股,USD,-7.655963569861379,23.135054849453198
XLF,2022-10,2022-10-03,2022-10-31,30.65999984741211,34.22999954223633,29.59000015258789,33.97999954223633,31.789308547973633,945082800,30161254033.897972,3709323456.8559647,-1683292600,81.0958449196876,21,金融,金融周期,美股,USD,11.923610382678728,-4.523843470176003
XLF,2022-11,2022-11-01,2022-11-30,34.2599983215332,36.31999969482422,33.08000183105469,36.310001373291016,33.96908950805664,821928800,28785214977.423096,9370086874.536896,-1424869200,57.18615267388932,21,金融,金融周期,美股,USD,6.856962480934348,-4.562274018607971
XLF,2022-12,2022-12-01,2022-12-30,36.4900016784668,36.4900016784668,33.189998626708984,34.20000076293945,32.195743560791016,893570600,30847472646.876526,-10467267616.881561,-1727768400,48.349158701408,21,金融,金融周期,美股,USD,-5.22046947076703,7.164294833548768
XLF,2023-01,2023-01-03,2023-01-31,34.45000076293945,36.56999969482422,34.06999969482422,36.560001373291016,34.417449951171875,869785500,30913940149.96338,8200336349.660492,-1501000300,76.5466050546626,20,金融,金融周期,美股,USD,6.9006214631629925,0.21547147102691788
XLF,2023-02,2023-02-01,2023-02-28,36.18000030517578,37.11000061035156,35.2599983215332,35.720001220703125,33.62666320800781,696238900,25279079836.92398,84787694.5941925,-1498926300,35.40969821971396,19,金融,金融周期,美股,USD,-2.2976331607540756,-18.227570751915533
XLF,2023-03,2023-03-01,2023-03-31,35.560001373291016,36.2400016784668,30.389999389648438,32.150001525878906,30.416101455688477,1878467000,60658978857.081604,-16824987356.781769,-2019254500,55.579256005848144,23,金融,金融周期,美股,USD,-9.547666779958043,139.95722648290325
XLF,2023-04,2023-04-03,2023-04-28,32.119998931884766,33.529998779296875,31.65999984741211,33.16999816894531,31.38109016418457,947260000,30938672802.301407,5335931439.335632,-1859974300,73.37652237964495,19,金融,金融周期,美股,USD,3.1726245715675727,-48.995724317753684
XLF,2023-05,2023-05-01,2023-05-31,33.2599983215332,33.43000030517578,31.260000228881836,31.760000228881836,30.047136306762695,1010656300,32499768918.454742,-13632514064.841461,-2288486600,44.14580897635651,22,金融,金融周期,美股,USD,-4.2508206389347265,5.0457759650155865
XLF,2023-06,2023-06-01,2023-06-30,31.940000534057617,33.849998474121094,31.719999313354492,33.709999084472656,32.035064697265625,921824600,30494582681.352997,507723455.5053711,-2274313600,67.09763915515161,21,金融,金融周期,美股,USD,6.61603278997176,-6.169847675326445
XLF,2023-07,2023-07-03,2023-07-31,33.709999084472656,35.709999084472656,33.25,35.33000183105469,33.5745735168457,750624400,26028515658.519363,9185644180.770493,-2011888800,70.901583983295,20,金融,金融周期,美股,USD,4.8056991116721015,-14.645443977708773
XLF,2023-08,2023-08-01,2023-08-31,35.2599983215332,35.459999084472656,33.56999969482422,34.380001068115234,32.67177200317383,833546800,28733850323.423386,-6134188021.423721,-2192386700,34.58761594986892,23,金融,金融周期,美股,USD,-2.6889440999716796,10.393733935490634
XLF,2023-09,2023-09-01,2023-09-29,34.59000015258789,35.060001373291016,32.95000076293945,33.16999816894531,31.662803649902344,871922900,29790548805.39322,-6167502256.332016,-2376630500,33.05920592264512,20,金融,金融周期,美股,USD,-3.0881959912473333,3.6775387568175333
XLF,2023-10,2023-10-02,2023-10-31,33.060001373291016,33.939998626708984,31.360000610351562,32.36000061035156,30.889604568481445,1106109900,36100917367.33856,-251577017.80548096,-2394601400,37.01709689088828,22,金融,金融周期,美股,USD,-2.4419792068011703,21.18245153242335
XLF,2023-11,2023-11-01,2023-11-30,32.41999816894531,35.900001525878906,32.349998474121094,35.900001525878906,34.26875686645508,766645900,26354493983.58078,10393804372.68982,-2092630700,92.57551992195273,21,金融,金融周期,美股,USD,10.939448222725346,-26.997716663498483
XLF,2023-12,2023-12-01,2023-12-29,35.84000015258789,37.79999923706055,35.720001220703125,37.599998474121094,36.06919860839844,781324500,28835925654.821777,5863205835.868835,-1936061800,64.58414961222813,20,金融,金融周期,美股,USD,5.253886941273245,9.415592167267416
XLF,2024-01,2024-01-02,2024-01-31,37.5,39.45000076293945,36.95000076293945,38.7599983215332,37.18197250366211,931726900,35421893312.39052,11088292296.909714,-1648661700,56.925887619965735,21,金融,金融周期,美股,USD,3.0851084531846817,22.83945289776912
XLF,2024-02,2024-02-01,2024-02-29,38.689998626708984,40.54999923706055,38.25,40.34000015258789,38.69765090942383,934506300,36852689813.99536,13117957482.14264,-1317121400,71.54358051008418,20,金融,金融周期,美股,USD,4.076379771440153,4.039299901296789
XLF,2024-03,2024-03-01,2024-03-28,40.33000183105469,42.220001220703125,40.15999984741211,42.119998931884766,40.55730438232422,901711100,36968261945.422745,14659011049.085617,-961907100,62.328026552350295,20,金融,金融周期,美股,USD,4.8055978313854775,0.3136056879720517
XLF,2024-04,2024-04-01,2024-04-30,42.15999984741211,42.20000076293945,39.529998779296875,40.36000061035156,38.86260223388672,1061437300,43223154748.73772,-17511139606.625748,-1391615000,38.39234934071589,22,金融,金融周期,美股,USD,-4.178537440412555,16.919629093056198
XLF,2024-05,2024-05-01,2024-05-31,40.33000183105469,42.4900016784668,40.16999816894531,41.63999938964844,40.095115661621094,804335500,33314610010.198593,10735430946.895218,-1132718600,53.606888089019975,22,金融,金融周期,美股,USD,3.1714639702116187,-22.924159044241186
XLF,2024-06,2024-06-03,2024-06-28,41.630001068115234,41.849998474121094,40.369998931884766,41.11000061035156,39.741512298583984,717717000,29545905014.84146,-6958541068.136597,-1303967600,46.456236448751916,19,金融,金融周期,美股,USD,-0.8819113181299021,-11.312469196557961
XLF,2024-07,2024-07-01,2024-07-31,41.279998779296875,44.11000061035156,41.029998779296875,43.7400016784668,42.283966064453125,822935800,35184975307.76138,9711279764.87503,-1076916400,72.25797070875632,22,金融,金融周期,美股,USD,6.397476137212155,19.085793073819566
XLF,2024-08,2024-08-01,2024-08-30,43.900001525878906,45.779998779296875,40.65999984741211,45.7400016784668,44.21739196777344,789241900,33858042616.223145,9177178883.724976,-874910700,89.33884797538607,22,金融,金融周期,美股,USD,4.572480027945369,-3.771304882074289
XLF,2024-09,2024-09-03,2024-09-30,45.5,45.880001068115234,43.380001068115234,45.31999969482422,43.97026062011719,777589300,34974806751.039505,-4915900716.374588,-985817200,54.166858845621476,20,金融,金融周期,美股,USD,-0.5589007778576405,3.2983718151540886
XLF,2024-10,2024-10-01,2024-10-31,45.20000076293945,47.810001373291016,44.66999816894531,46.47999954223633,45.09571075439453,771884200,35881492399.339676,8081645887.107468,-815479400,57.77823344804858,23,金融,金融周期,美股,USD,2.559571215646672,2.592396449118972
XLF,2024-11,2024-11-01,2024-11-29,46.630001068115234,51.619998931884766,46.029998779296875,51.34000015258789,49.81097412109375,938485100,46423137962.22153,20012951568.380737,-417053100,70.91985088645487,20,金融,金融周期,美股,USD,10.456123848185994,29.37906106457224
XLF,2024-12,2024-12-02,2024-12-31,51.41999816894531,51.4900016784668,47.59000015258789,48.33000183105469,47.09059524536133,828112500,40742748336.31668,-16067590266.173553,-739827800,28.47870587481559,21,金融,金融周期,美股,USD,-5.46140468788866,-12.236117322632223
XLF,2025-01,2025-01-02,2025-01-31,48.58000183105469,52.040000915527344,47.040000915527344,51.470001220703125,50.150062561035156,868168000,43210110335.76088,7406204911.24382,-595916800,81.41012605602042,20,金融,金融周期,美股,USD,6.496981615400577,6.055953759125465
XLF,2025-02,2025-02-03,2025-02-28,50.75,52.2599983215332,50.310001373291016,52.18000030517578,50.841854095458984,833465800,42887953111.99226,-479368107.69233704,-609265000,54.251572795367956,19,金融,金融周期,美股,USD,1.3794430138185376,-0.7455598267750663
XLF,2025-03,2025-03-03,2025-03-31,52.31999969482422,52.63999938964844,47.220001220703125,49.810001373291016,48.708919525146484,1149001800,56661885331.18782,-14583393692.055893,-906149000,63.74370756449385,21,金融,金融周期,美股,USD,-4.19523364806439,32.11608673239319
XLF,2025-04,2025-04-01,2025-04-30,49.619998931884766,50.33000183105469,42.209999084472656,48.7599983215332,47.68212127685547,1422319800,66077758361.11336,-2888421155.3668976,-1000829600,61.473165984100866,21,金融,金融周期,美股,USD,-2.1080292034827863,16.617648662570804
XLF,2025-05,2025-05-01,2025-05-30,48.58000183105469,51.77000045776367,48.439998626708984,50.959999084472656,49.833492279052734,714148500,36055022709.970474,5667904465.08522,-893230100,53.23282895534024,21,金融,金融周期,美股,USD,4.511902878032248,-45.43546330229509
XLF,2025-06,2025-06-02,2025-06-30,50.61000061035156,52.439998626708984,49.810001373291016,52.369998931884766,51.38783264160156,734899300,37466366649.46022,5891863170.726395,-782251900,68.35396621534683,20,金融,金融周期,美股,USD,3.1190677021890822,3.9144170032638925
XLF,2025-07,2025-07-01,2025-07-31,52.2400016784668,53.4900016784668,51.33000183105469,52.369998931884766,51.38783264160156,796345300,41854504319.1906,-2876973398.295212,-838376400,52.40246551790902,22,金融,金融周期,美股,USD,0.0,11.712205004521303
XLF,2025-08,2025-08-01,2025-08-29,51.720001220703125,54.13999938964844,51.04999923706055,53.9900016784668,52.97745895385742,766228300,40287977867.04826,12328255543.259048,-610116900,74.23153066899309,21,金融,金融周期,美股,USD,3.0933904594547146,-3.7427905971498254
XLF,2025-09,2025-09-02,2025-09-30,53.70000076293945,54.5,52.84000015258789,53.869998931884766,53.03371047973633,735198900,39475305507.47032,-2801858595.129013,-664401200,50.78196751345162,21,金融,金融周期,美股,USD,0.10618011318341836,-2.0171584740733106
XLF,2025-10,2025-10-01,2025-10-31,53.61000061035156,54.06999969482422,51.540000915527344,52.369998931884766,51.5569953918457,972355500,51285775071.39435,-3209337108.2313538,-727327500,48.904349581101876,23,金融,金融周期,美股,USD,-2.78448382082348,29.91862738513578
XLF,2025-11,2025-11-03,2025-11-28,52.33000183105469,53.88999938964844,51.08000183105469,53.33000183105469,52.502098083496094,892236900,46613575053.920364,6763422989.245224,-603325200,65.94361330604119,19,金融,金融周期,美股,USD,1.8331221291453925,-9.110128512184644
XLF,2025-12,2025-12-01,2025-12-31,53.06999969482422,55.88999938964844,52.63999938964844,54.77000045776367,54.108192443847656,760075200,41364234361.71112,4095871743.24646,-530919400,65.62271579208276,22,金融,金融周期,美股,USD,3.0591051005186998,-11.261399036948049
XLF,2026-01,2026-01-02,2026-01-30,54.83000183105469,56.52000045776367,52.7599983215332,53.439998626708984,52.79426193237305,924648900,50215196891.386795,-2071964838.3312225,-574324300,39.94036608611776,20,金融,金融周期,美股,USD,-2.428339318187678,21.397622042941975
XLF,2026-02,2026-02-02,2026-02-27,53.45000076293945,54.38999938964844,50.2400016784668,51.43000030517578,50.808555603027344,1141846300,59904933687.60986,-8701687198.500824,-745199200,30.740327418011788,19,金融,金融周期,美股,USD,-3.761216194080519,19.296422987609763
XLF,2026-03,2026-03-02,2026-03-31,50.61000061035156,51.81999969482422,47.66999816894531,49.369998931884766,49.0241584777832,1372514300,68211706765.15236,-4938993264.958572,-835072500,59.91877815937482,22,金融,金融周期,美股,USD,-3.512001284165256,13.866592559571744
XLF,2026-04,2026-04-01,2026-04-30,49.79999923706055,53.189998626708984,48.599998474121094,52.130001068115234,51.76482391357422,716345300,36775961087.062836,14626470611.04126,-547919600,58.55077527885314,21,金融,金融周期,美股,USD,5.5904385121328115,-46.08555799127028
XLF,2026-05,2026-05-01,2026-05-29,52.400001525878906,52.61000061035156,50.779998779296875,51.58000183105469,51.21867752075195,704737800,36297610627.207184,-3885318858.533478,-625111200,50.77790514447854,20,金融,金融周期,美股,USD,-1.0550531259105655,-1.3007150478629548
XLF,2026-06,2026-06-01,2026-06-30,51.22999954223633,54.88999938964844,50.52000045776367,53.61000061035156,53.420936584472656,786256200,41598415197.34421,7089083898.635101,-493262600,69.46056087467076,21,金融,金融周期,美股,USD,4.299718716533496,14.603728671230387
XLF,2026-07,2026-07-01,2026-07-31,53.83000183105469,57.599998474121094,53.75,56.939998626708984,56.73918914794922,767243900,43092787173.33679,11541448790.33432,-288285100,56.26733957233389,22,金融,金融周期,美股,USD,6.211520755031175,3.5923771828884288
XLF,2026-08,2026-08-03,2026-08-31,57.290000915527344,58.40999984741211,56.90999984741211,57.709999084472656,57.506473541259766,577299200,33370252860.309982,1091171496.9715118,-270563900,46.482737744544146,21,金融,金融周期,美股,USD,1.3523005965239143,-22.56186000204351
XLF,2026-09,2026-09-01,2026-09-30,57.61000061035156,58.599998474121094,53.369998931884766,53.400001525878906,53.400001525878906,784982700,43837760717.0681,-25808567824.505234,-738674800,16.758696596134627,21,金融,金融周期,美股,USD,-7.1408865167754465,31.367781061101873
XLF,2026-10,2026-10-01,2026-10-02,53.25,53.75,52.810001373291016,53.470001220703125,53.470001220703125,64917576,3470729740.730438,3470729740.730438,-673757224,14.79322009762727,2,金融,金融周期,美股,USD,0.13108556708616437,-92.08278506027996
XLI,2021-10,2021-10-04,2021-10-29,99.01000213623047,105.44000244140625,98.0199966430664,104.48999786376953,96.94155883789062,206201100,21022792348.327637,8866047908.222961,86164400,61.50509183190496,20,工业,制造业周期,美股,USD,,
XLI,2021-11,2021-11-01,2021-11-30,104.69999694824219,107.6500015258789,100.66999816894531,100.7699966430664,93.49030303955078,223437500,23522862807.27997,2368122223.074341,107134100,30.85688669080588,21,工业,制造业周期,美股,USD,-3.5601406040015937,11.892190235857104
XLI,2021-12,2021-12-01,2021-12-31,102.30000305175781,106.37000274658203,99.33000183105469,105.80999755859375,98.53653717041016,260543000,26896375353.832245,3182965973.601532,135577100,57.719911741247856,22,工业,制造业周期,美股,USD,5.397601640808225,14.341419980174464
XLI,2022-01,2022-01-03,2022-01-31,106.02999877929688,107.87999725341797,96.94000244140625,100.73999786376953,93.81505584716797,355112900,36530256239.72397,-9559166612.633514,41298600,26.590796398968507,20,工业,制造业周期,美股,USD,-4.791604676625494,35.81850996334743
XLI,2022-02,2022-02-01,2022-02-28,101.37000274658203,103.05000305175781,93.4000015258789,99.88999938964844,93.02349853515625,278942400,27792637168.56537,950681233.5067749,49032000,36.27264710267239,19,工业,制造业周期,美股,USD,-0.8437423021963819,-23.918855137011274
XLI,2022-03,2022-03-01,2022-03-31,99.52999877929688,105.2300033569336,97.01000213623047,102.9800033569336,96.22013854980469,301148600,30291098407.45468,2110384508.9790344,67410200,78.08561313604538,23,工业,制造业周期,美股,USD,3.4363790493649793,8.989651553164514
XLI,2022-04,2022-04-01,2022-04-29,103.41999816894531,103.51000213623047,94.94999694824219,95.13999938964844,88.89476776123047,240799900,23901388440.898895,-9087953860.691833,-24178200,30.34193519538384,20,工业,制造业周期,美股,USD,-7.613136812084842,-21.09434884336604
XLI,2022-05,2022-05-02,2022-05-31,95.04000091552734,98.9800033569336,88.04000091552734,94.69999694824219,88.48365020751953,321569900,30103339958.161926,-5578645786.270142,-85990700,36.58928338725768,21,工业,制造业周期,美股,USD,-0.46247666096073115,25.948080516739157
XLI,2022-06,2022-06-01,2022-06-30,95.26000213623047,97.33999633789062,84.56999969482422,87.33999633789062,81.9650650024414,201916900,18085926135.29129,-6235635764.556122,-157839600,26.094791736276818,21,工业,制造业周期,美股,USD,-7.366994003739869,-39.92053320187268
XLI,2022-07,2022-07-01,2022-07-29,87.18000030517578,95.83999633789062,84.27999877929688,95.63999938964844,89.75428771972656,155201800,13811309427.818298,2285458302.207947,-134654000,72.0636022957506,20,工业,制造业周期,美股,USD,9.503100762566529,-23.635044594879105
XLI,2022-08,2022-08-01,2022-08-31,95.04000091552734,100.97000122070312,92.83000183105469,92.93000030517578,87.2110595703125,161226900,15623215282.151031,1667611936.856842,-119315700,48.92477113635392,23,工业,制造业周期,美股,USD,-2.8335450194376666,13.119001234475647
XLI,2022-09,2022-09-01,2022-09-30,92.31999969482422,96.3499984741211,82.75,82.83999633789062,78.11414337158203,208598000,18573187202.906036,-5921610098.395538,-190249500,13.46504246099822,21,工业,制造业周期,美股,USD,-10.430920394214716,18.88197702892338
XLI,2022-10,2022-10-03,2022-10-31,83.76000213623047,94.94999694824219,82.76000213623047,94.3499984741211,88.96752166748047,199221300,17590000821.092987,4740731659.729767,-138488000,83.98131268919884,21,工业,制造业周期,美股,USD,13.894255031729497,-5.293579239104506
XLI,2022-11,2022-11-01,2022-11-30,95.05000305175781,101.73999786376953,91.5999984741211,101.72000122070312,95.91707611083984,203433300,19928066256.024933,4839065299.332428,-90736100,72.87529760540039,21,工业,制造业周期,美股,USD,7.8113386920382055,13.292014359250427
XLI,2022-12,2022-12-01,2022-12-30,102.0999984741211,103.30999755859375,96.30000305175781,98.20999908447266,93.04931640625,200090800,19892143862.155914,-1288552928.3439636,-105043300,39.35067232372813,21,工业,制造业周期,美股,USD,-2.989832281038174,-0.18026030929196857
XLI,2023-01,2023-01-03,2023-01-31,98.77999877929688,102.9800033569336,97.30999755859375,101.8499984741211,96.49803924560547,241116200,24187833566.89987,4205724432.132721,-63818900,54.36481312161375,20,工业,制造业周期,美股,USD,3.706338716448454,21.594905679906894
XLI,2023-02,2023-02-01,2023-02-28,101.44000244140625,103.98999786376953,99.4000015258789,100.97000122070312,95.6642837524414,182545400,18636634169.37027,-789485708.6616516,-72305700,32.606659638662165,19,工业,制造业周期,美股,USD,-0.8640128853209084,-22.95037867767623
XLI,2023-03,2023-03-01,2023-03-31,100.87999725341797,104.18000030517578,95.19000244140625,101.18000030517578,96.2565689086914,348373600,34491062535.056305,10859509.714508057,-74425300,52.56931938697727,23,工业,制造业周期,美股,USD,0.6191288253228455,85.07130752044887
XLI,2023-04,2023-04-03,2023-04-28,100.95999908447266,101.7699966430664,96.91999816894531,100.0,95.13397979736328,216656200,21545932963.790894,-538760301.5335083,-80935900,54.086409876142696,19,工业,制造业周期,美股,USD,-1.1662467549544697,-37.531837582875674
XLI,2023-05,2023-05-01,2023-05-31,100.01000213623047,101.11000061035156,96.52999877929688,96.8499984741211,92.13724517822266,238345500,23527939479.83246,-5485011627.053833,-137108000,40.50027106441556,22,工业,制造业周期,美股,USD,-3.150014984681304,9.198982097328678
XLI,2023-06,2023-06-01,2023-06-30,97.08000183105469,107.62000274658203,96.75,107.31999969482422,102.50605010986328,244082200,25255818949.108887,7577848748.518372,-63580000,79.45443315502914,21,工业,制造业周期,美股,USD,11.253651996631842,7.343947270680129
XLI,2023-07,2023-07-03,2023-07-31,106.91000366210938,110.58999633789062,105.33999633789062,110.41999816894531,105.46699523925781,185441300,20174312241.85486,2453684131.776428,-41455300,55.51097309949157,20,工业,制造业周期,美股,USD,2.8885564571272226,-20.120142282827548
XLI,2023-08,2023-08-01,2023-08-31,110.23999786376953,111.12000274658203,105.30999755859375,108.2300033569336,103.37523651123047,194792100,21004252670.101166,-2481401241.1079407,-64849400,44.74540764487885,23,工业,制造业周期,美股,USD,-1.9833301624665345,4.113847442712126
XLI,2023-09,2023-09-01,2023-09-29,108.9800033569336,109.13999938964844,100.62000274658203,101.37999725341797,97.22695922851562,179452300,18658679158.473206,-7579998166.152954,-137695500,30.331033232561012,20,工业,制造业周期,美股,USD,-5.94753394546953,-11.167136238876063
XLI,2023-10,2023-10-02,2023-10-31,101.08999633789062,103.91999816894531,96.12000274658203,98.36000061035156,94.33069610595703,246372400,24621450219.781494,-3641612073.3963013,-176227700,31.64262531667177,22,工业,制造业周期,美股,USD,-2.9788683566164154,31.957090910159614
XLI,2023-11,2023-11-01,2023-11-30,98.45999908447266,107.11000061035156,97.79000091552734,107.05000305175781,102.66470336914062,192387300,19935969213.182068,9355336879.612732,-86214800,79.02301291491119,21,工业,制造业周期,美股,USD,8.834883666948045,-19.03007728941568
XLI,2023-12,2023-12-01,2023-12-29,107.1500015258789,114.4000015258789,107.06999969482422,113.98999786376953,109.91853332519531,176718100,19667034992.03415,9140220816.220856,-3697300,68.61162116975615,20,工业,制造业周期,美股,USD,7.065553903149024,-1.3489899501354263
XLI,2024-01,2024-01-02,2024-01-31,113.2300033569336,114.37000274658203,109.94999694824219,112.88999938964844,108.85781860351562,203147700,22815840334.196472,-2108944922.177124,-22951000,52.12826467862045,21,工业,制造业周期,美股,USD,-0.965000796127391,16.010574768579524
XLI,2024-02,2024-02-01,2024-02-29,113.5999984741211,121.2699966430664,112.9800033569336,121.0,116.67813873291016,193782800,22800151229.776764,11637504304.091644,75481400,66.65653615608065,20,工业,制造业周期,美股,USD,7.1839765206740624,-0.06876408753699881
XLI,2024-03,2024-03-01,2024-03-28,120.95999908447266,126.29000091552734,120.44999694824219,125.95999908447266,121.83635711669922,180704400,22215784058.380127,5072646355.967712,116343800,56.91999407520753,20,工业,制造业周期,美股,USD,4.420895327784424,-2.5629969095707583
XLI,2024-04,2024-04-01,2024-04-30,126.08999633789062,126.38999938964844,120.16999816894531,121.5199966430664,117.54171752929688,219060300,26939015495.90149,-9527043178.573608,38305900,29.452227938772765,22,工业,制造业周期,美股,USD,-3.5249244880891983,21.26070106330409
XLI,2024-05,2024-05-01,2024-05-31,121.33000183105469,126.22000122070312,120.55999755859375,123.51000213623047,119.46656036376953,176792500,21862330450.063324,3002100262.930298,61841900,34.73920917088206,22,工业,制造业周期,美股,USD,1.6375827024927458,-18.84510236318968
XLI,2024-06,2024-06-03,2024-06-28,123.91000366210938,124.20999908447266,119.66000366210938,121.87000274658203,118.28521728515625,177114000,21660842540.386963,-1108258006.47583,52231700,52.686945190065856,19,工业,制造业周期,美股,USD,-0.9888483229249734,-0.9216213712284205
XLI,2024-07,2024-07-01,2024-07-31,122.44000244140625,129.07000732421875,120.25,127.86000061035156,124.0990219116211,210386000,26220657868.271637,5228646650.345612,93661500,64.40566350622157,22,工业,制造业周期,美股,USD,4.915072872081061,21.050960134089113
XLI,2024-08,2024-08-01,2024-08-30,127.54000091552734,131.58999633789062,119.16999816894531,131.4600067138672,127.5931396484375,178630800,22389539780.7045,-1743977789.8368835,78166300,80.86525058623265,22,工业,制造业周期,美股,USD,2.8155884575019385,-14.611067757392126
XLI,2024-09,2024-09-03,2024-09-30,130.80999755859375,135.6999969482422,125.11000061035156,135.44000244140625,131.8828582763672,152497300,19978244457.05414,6609694693.640137,127731800,76.92448065690951,20,工业,制造业周期,美股,USD,3.3620292123458295,-10.769740455891085
XLI,2024-10,2024-10-01,2024-10-31,135.3699951171875,139.77000427246094,133.41000366210938,133.8300018310547,130.31515502929688,170302000,23230222428.302002,-6497648460.778809,79320600,23.990283907855968,23,工业,制造业周期,美股,USD,-1.1887088796522116,16.277596253456682
XLI,2024-11,2024-11-01,2024-11-29,134.50999450683594,144.50999450683594,133.49000549316406,143.99000549316406,140.20828247070312,154491700,21696309632.84607,5476816552.383423,117605300,63.39433188468732,20,工业,制造业周期,美股,USD,7.591693720643722,-6.6030912970817095
XLI,2024-12,2024-12-02,2024-12-31,143.89999389648438,144.11000061035156,130.63999938964844,131.75999450683594,128.94508361816406,149677500,20378292324.380493,-11691385849.005127,31674000,29.4436616279027,21,工业,制造业周期,美股,USD,-8.033190803041567,-6.0748455878885
XLI,2025-01,2025-01-02,2025-01-31,132.72999572753906,141.89999389648438,130.4499969482422,138.35000610351562,135.39431762695312,165060600,22524004337.760925,-293500928.2974243,29366200,61.21823620725253,20,工业,制造业周期,美股,USD,5.00153540392958,10.529400497475994
XLI,2025-02,2025-02-03,2025-02-28,135.92999267578125,139.0800018310547,133.49000549316406,136.3300018310547,133.41746520996094,169874000,23224145949.076843,837698128.1112671,34883200,44.91526323937491,19,工业,制造业周期,美股,USD,-1.4600704458210267,3.108424242940444
XLI,2025-03,2025-03-03,2025-03-31,137.1199951171875,137.63999938964844,128.25999450683594,131.07000732421875,128.66384887695312,220375200,29150736136.024475,-8582631221.8307495,-31153200,31.154638873333454,21,工业,制造业周期,美股,USD,-3.562964058361462,25.51908776298064
XLI,2025-04,2025-04-01,2025-04-30,130.77000427246094,133.50999450683594,112.75,131.22000122070312,128.8111114501953,288211100,35640243154.62952,-3826449110.357666,-70316100,61.976916231349065,21,工业,制造业周期,美股,USD,0.11445528369280478,22.261897566920474
XLI,2025-05,2025-05-01,2025-05-30,131.77999877929688,144.4600067138672,131.25,142.82000732421875,140.1981658935547,166428300,23316016337.405396,7921218550.054932,-13152400,51.221558131477096,21,工业,制造业周期,美股,USD,8.840118150647402,-34.579525071571396
XLI,2025-06,2025-06-02,2025-06-30,142.6300048828125,147.72999572753906,140.83999633789062,147.52000427246094,145.25262451171875,249955900,35997124149.44153,3084889216.558838,7170500,41.070652198885846,20,工业,制造业周期,美股,USD,3.6052244948779455,54.38796931915035
XLI,2025-07,2025-07-01,2025-07-31,147.16000366210938,155.14999389648438,146.91000366210938,152.00999450683594,149.67359924316406,247235800,37376385931.88324,4861099201.652527,39565700,56.64464902020067,22,工业,制造业周期,美股,USD,3.043645336052858,3.8315888144722976
XLI,2025-08,2025-08-01,2025-08-29,149.9499969482422,154.1999969482422,148.1300048828125,152.00999450683594,149.67359924316406,203040500,30726906343.80188,-2388003485.8703613,23110000,57.152252928509256,21,工业,制造业周期,美股,USD,0.0,-17.790590027082164
XLI,2025-09,2025-09-02,2025-09-30,150.4199981689453,154.3800048828125,149.10000610351562,154.22999572753906,152.48687744140625,219692600,33349820642.72003,2725178240.3182983,40080600,61.415428831914646,21,工业,制造业周期,美股,USD,1.8796088371414443,8.53621340713735
XLI,2025-10,2025-10-01,2025-10-31,153.47999572753906,156.99000549316406,149.88999938964844,155.05999755859375,153.30751037597656,245914600,37742353375.08545,3368777901.715088,60788800,61.31418233475761,23,工业,制造业周期,美股,USD,0.5381662660681297,13.171083525225091
XLI,2025-11,2025-11-03,2025-11-28,155.0500030517578,155.5399932861328,147.13999938964844,153.69000244140625,151.95297241210938,254081800,38492835809.98993,4333205548.786926,88260800,42.301914529489494,19,工业,制造业周期,美股,USD,-0.8835431222810053,1.9884357168885147
XLI,2025-12,2025-12-01,2025-12-31,152.5399932861328,158.4600067138672,151.3699951171875,155.1199951171875,153.89210510253906,175169700,27193267798.18878,-109765046.67816162,87149300,51.43604924411302,22,工业,制造业周期,美股,USD,1.2761400186174665,-29.354989763753924
XLI,2026-01,2026-01-02,2026-01-30,155.6199951171875,167.1999969482422,154.97999572753906,165.44000244140625,164.1304168701172,228686100,37383134363.44147,14444801607.756042,175562600,57.381769526508265,20,工业,制造业周期,美股,USD,6.652915535047299,37.47201932800215
XLI,2026-02,2026-02-02,2026-02-27,165.22000122070312,178.22000122070312,165.05999755859375,177.13999938964844,175.73779296875,249067300,43177335895.773315,19064088756.814575,285021100,59.93252593072268,19,工业,制造业周期,美股,USD,7.072044487535889,15.499507012976
XLI,2026-03,2026-03-02,2026-03-31,176.5,179.30999755859375,156.0800018310547,161.72999572753906,160.90061950683594,362730000,60609787403.97797,-13555947680.82428,201408100,33.39502093876514,22,工业,制造业周期,美股,USD,-8.442790370397123,40.3740785450154
XLI,2026-04,2026-04-01,2026-04-30,163.49000549316406,175.1300048828125,161.13999938964844,174.5800018310547,173.6847381591797,199404300,33963104171.27533,2242514776.1550903,213640800,37.942532235380284,21,工业,制造业周期,美股,USD,7.94535079574421,-43.964323872473685
XLI,2026-05,2026-05-01,2026-05-29,175.22999572753906,177.72000122070312,168.11000061035156,173.1300048828125,172.24217224121094,154692400,26741334846.946716,-6509224197.737122,175411200,50.295288437929734,20,工业,制造业周期,美股,USD,-0.8305657326360238,-21.26357263431917
XLI,2026-06,2026-06-01,2026-06-30,171.58999633789062,186.08999633789062,169.4499969482422,185.22999572753906,184.73350524902344,175465300,31140679216.12549,5874676500.994873,206696900,74.3292030687499,21,工业,制造业周期,美股,USD,7.252191983691092,16.45147631693891
XLI,2026-07,2026-07-01,2026-07-31,184.3699951171875,186.4499969482422,175.9600067138672,179.83999633789062,179.3579559326172,146075100,26420485601.896667,2855054920.2713013,222047400,47.87090262558082,22,工业,制造业周期,美股,USD,-2.9098940710078236,-15.157645025881694
XLI,2026-08,2026-08-03,2026-08-31,180.4600067138672,188.19000244140625,174.72999572753906,175.1300048828125,174.66058349609375,128861000,23491232170.474243,-4491576845.828247,196448600,25.60523744803004,21,工业,制造业周期,美股,USD,-2.618993070086162,-11.08705371869524
XLI,2026-09,2026-09-01,2026-09-30,174.33999633789062,175.77999877929688,166.92999267578125,166.97999572753906,166.97999572753906,161387600,27543705736.49597,-1955572300.338745,184363200,46.13893020399216,21,工业,制造业周期,美股,USD,-4.39743622448534,17.251004700873974
XLI,2026-10,2026-10-01,2026-10-02,167.13999938964844,171.0,166.17999267578125,169.75,169.75,13471077,2276353909.0526123,2276353909.0526123,197834277,53.18790196848097,2,工业,制造业周期,美股,USD,1.6588839042616543,-91.73548421250959
XLK,2021-10,2021-10-04,2021-10-29,75.3499984741211,80.81500244140625,73.44000244140625,80.76499938964844,77.8355712890625,375622000,28909914159.773254,10743493349.537659,138421400,82.42947621633702,20,信息科技,科技成长,美股,USD,,
XLK,2021-11,2021-11-01,2021-11-30,80.76499938964844,87.125,80.23500061035156,84.36000061035156,81.30020141601562,466742400,39021865627.264404,346927176.90734863,142229800,47.19516398986516,21,信息科技,科技成长,美股,USD,4.451216930221169,34.97745241167627
XLK,2021-12,2021-12-01,2021-12-31,85.25,88.5199966430664,81.5250015258789,86.93499755859375,83.9402847290039,546369200,46402483252.66876,-3102603963.056946,101074200,33.48517172791861,22,信息科技,科技成长,美股,USD,3.2473269032617713,18.914056277841198
XLK,2022-01,2022-01-03,2022-01-31,87.05000305175781,88.0,73.12000274658203,80.98500061035156,78.19525909423828,645962800,51661095601.09253,-2377586683.7036133,68859000,33.222472302629285,20,信息科技,科技成长,美股,USD,-6.844181733851739,11.332609765278722
XLK,2022-02,2022-02-01,2022-02-28,81.09500122070312,82.05500030517578,70.86000061035156,77.03500366210938,74.3813247680664,541478200,42266755689.85596,-7223999510.922241,-30102800,30.51387962520471,19,信息科技,科技成长,美股,USD,-4.877449567083669,-18.184554163884016
XLK,2022-03,2022-03-01,2022-03-31,76.74500274658203,81.82499694824219,70.48999786376953,79.46499633789062,76.86939239501953,540987000,40938438525.31891,-6063160659.803772,-117733400,72.24517160512193,23,信息科技,科技成长,美股,USD,3.3450165545065857,-3.1426996060070045
XLK,2022-04,2022-04-01,2022-04-29,79.54499816894531,80.7750015258789,69.875,70.70999908447266,68.40035247802734,470188600,35054845317.40875,-7526091844.535828,-218248800,35.857637677588954,20,信息科技,科技成长,美股,USD,-11.017440951622392,-14.371806595093684
XLK,2022-05,2022-05-02,2022-05-31,70.62999725341797,74.56999969482422,63.52000045776367,70.2249984741211,67.93119812011719,537788400,36940733342.49878,-1297432934.048462,-244917600,43.0561342873132,21,信息科技,科技成长,美股,USD,-0.6858946495354235,5.379821271536089
XLK,2022-06,2022-06-01,2022-06-30,70.9800033569336,71.71499633789062,61.23500061035156,63.560001373291016,61.64368438720703,373985000,24386198329.548645,-676194605.6747437,-257171800,43.0486549575538,21,信息科技,科技成长,美股,USD,-9.255708580014232,-33.985613919869486
XLK,2022-07,2022-07-01,2022-07-29,63.15999984741211,72.33499908447266,62.47999954223633,72.11000061035156,69.93590545654297,262625600,17567697207.90863,5961516332.7560425,-170011800,63.86216735064219,20,信息科技,科技成长,美股,USD,13.451858291352913,-27.960492363330236
XLK,2022-08,2022-08-01,2022-08-31,71.45999908447266,75.93000030517578,67.59500122070312,67.62999725341797,65.59095001220703,267875800,19410225416.470337,-6600827271.0876465,-264809600,21.502673921641318,23,信息科技,科技成长,美股,USD,-6.212767842172029,10.488160097227972
XLK,2022-09,2022-09-01,2022-09-30,66.97000122070312,69.7300033569336,59.279998779296875,59.38999938964844,57.74161911010742,346560400,22192849973.418427,-7696282306.761932,-389314800,12.924996591201065,21,信息科技,科技成长,美股,USD,-11.967094394331513,14.335869353618747
XLK,2022-10,2022-10-03,2022-10-31,59.86000061035156,64.92500305175781,56.48500061035156,63.935001373291016,62.16048049926758,340149200,20825512331.170654,2014362679.9575806,-360334000,70.37701061696066,21,信息科技,科技成长,美股,USD,7.65281863803271,-6.161162914567109
XLK,2022-11,2022-11-01,2022-11-30,64.7300033569336,67.98999786376953,59.11000061035156,67.9800033569336,66.09320831298828,275896600,17771514333.46939,3035557448.715973,-317094200,69.7898665925014,21,信息科技,科技成长,美股,USD,6.326733291205877,-14.664695634547165
XLK,2022-12,2022-12-01,2022-12-30,68.04499816894531,69.66500091552734,60.64500045776367,62.220001220703125,60.66676712036133,278263000,17996310564.44931,-4401948995.592499,-387309600,29.977708710184345,21,信息科技,科技成长,美股,USD,-8.210285642254977,1.2649244558554873
XLK,2023-01,2023-01-03,2023-01-31,62.8849983215332,68.83000183105469,60.404998779296875,67.9800033569336,66.2829818725586,276895000,17980635402.599335,6145606592.435455,-293897800,71.89136718999396,20,信息科技,科技成长,美股,USD,9.257481515464372,-0.08710208569605582
XLK,2023-02,2023-02-01,2023-02-28,67.93000030517578,72.29499816894531,67.6050033569336,68.26000213623047,66.55599975585938,246661400,17293904476.3031,-2098819947.6745605,-325721600,40.99093237851207,19,信息科技,科技成长,美股,USD,0.41189740652540774,-3.819280636750788
XLK,2023-03,2023-03-01,2023-03-31,68.29000091552734,75.57499694824219,67.04000091552734,75.50499725341797,73.78264617919922,387941200,27441212410.10742,8776375785.424805,-204685200,69.98506908440703,23,信息科技,科技成长,美股,USD,10.857993944721155,58.675633068915275
XLK,2023-04,2023-04-03,2023-04-28,75.04499816894531,75.75499725341797,71.95999908447266,75.41500091552734,73.69468688964844,237969000,17675277657.27997,-5109077739.524841,-273980600,43.05987470842986,19,信息科技,科技成长,美股,USD,-0.11921406198572848,-35.58856878069413
XLK,2023-05,2023-05-01,2023-05-31,75.3550033569336,84.0199966430664,73.46499633789062,82.13999938964844,80.26629638671875,259140800,20164408266.532898,1370997527.4124146,-259652200,66.50810132793345,22,信息科技,科技成长,美股,USD,8.917345027750434,14.082554500792943
XLK,2023-06,2023-06-01,2023-06-30,81.87999725341797,88.1500015258789,81.54000091552734,86.93000030517578,85.12496185302734,286378800,24257899511.175537,6771867002.536011,-180813400,73.63367641414618,21,信息科技,科技成长,美股,USD,6.053182574788063,20.300577088774062
XLK,2023-07,2023-07-03,2023-07-31,86.91500091552734,90.7300033569336,84.97000122070312,89.17500305175781,87.32335662841797,264564000,23260966559.239197,-1383873281.8496704,-197121800,66.82128541288031,20,信息科技,科技成长,美股,USD,2.5825500858212003,-4.1097249639320825
XLK,2023-08,2023-08-01,2023-08-31,88.88500213623047,89.51499938964844,81.47000122070312,87.83000183105469,86.00627899169922,276098400,23475361811.209106,619600459.2041016,-191340200,55.594053560841736,23,信息科技,科技成长,美股,USD,-1.5082764652797676,0.9216953707573028
XLK,2023-09,2023-09-01,2023-09-29,88.37999725341797,88.69000244140625,80.30500030517578,81.96499633789062,80.43450164794922,233762800,19705504649.42169,2047286670.8572388,-166939000,30.22051462754567,20,信息科技,科技成长,美股,USD,-6.478337871456752,-16.058781935311295
XLK,2023-10,2023-10-02,2023-10-31,82.00499725341797,86.41500091552734,79.75,82.00499725341797,80.47374725341797,328746400,27293058254.463196,5868805149.177551,-97634200,38.7707508185576,22,信息科技,科技成长,美股,USD,0.04879200425773611,38.50474139095026
XLK,2023-11,2023-11-01,2023-11-30,82.1500015258789,93.44999694824219,82.1500015258789,92.58000183105469,90.8512954711914,265401200,23729655236.206055,11913170124.017334,37083000,80.69353822772385,21,信息科技,科技成长,美股,USD,12.895569762762182,-13.056078161099528
XLK,2023-12,2023-12-01,2023-12-29,92.33999633789062,96.86000061035156,90.66000366210938,96.23999786376953,94.65131378173828,294534400,27848442586.34796,11651404355.467224,159476200,69.73939503190665,20,信息科技,科技成长,美股,USD,4.182679279187429,17.35713102084
XLK,2024-01,2024-01-02,2024-01-31,94.93000030517578,103.07499694824219,91.70999908447266,98.83999633789062,97.20838165283203,302029600,29370442636.593628,5808534524.859619,214661800,72.74955775193246,21,信息科技,科技成长,美股,USD,2.701566168421321,5.46529683132726
XLK,2024-02,2024-02-01,2024-02-29,99.23500061035156,104.23500061035156,98.53500366210938,103.48999786376953,101.7816390991211,259582800,26446715173.620605,2359114777.142334,236581400,41.210660368085534,20,信息科技,科技成长,美股,USD,4.704591691097071,-9.95465917605971
XLK,2024-03,2024-03-01,2024-03-28,103.75499725341797,106.17500305175781,102.125,104.13500213623047,102.58512115478516,277871600,28955976680.551147,4604709542.884827,279563600,42.62561272524511,20,信息科技,科技成长,美股,USD,0.7894174850943125,9.487989303992727
XLK,2024-04,2024-04-01,2024-04-30,104.3550033569336,105.05000305175781,96.0199966430664,98.13500213623047,96.67440795898438,282185600,28412125536.92169,-3642812354.1244507,241810400,33.377501263786456,22,信息科技,科技成长,美股,USD,-5.761764600231278,-1.8781999641363956
XLK,2024-05,2024-05-01,2024-05-31,97.61000061035156,108.80999755859375,97.11000061035156,105.08000183105469,103.51604461669922,220463600,22898940722.688293,4701355960.240173,285940800,62.99825079513622,22,信息科技,科技成长,美股,USD,7.076988421400543,-19.404337796089877
XLK,2024-06,2024-06-03,2024-06-28,105.88500213623047,116.29499816894531,104.08499908447266,113.11499786376953,111.62694549560547,195941600,21906326559.028625,6237511651.191711,342768000,74.12662473810241,19,信息科技,科技成长,美股,USD,7.8354045587226695,-4.334760178125552
XLK,2024-07,2024-07-01,2024-07-31,113.28500366210938,119.06999969482422,104.1500015258789,109.4000015258789,107.96082305908203,222223800,24954398764.613342,525870287.7029419,344235800,44.75254710319681,22,信息科技,科技成长,美股,USD,-3.2842629709578186,13.914118359239303
XLK,2024-08,2024-08-01,2024-08-30,109.0999984741211,113.68499755859375,95.375,110.16500091552734,108.71575927734375,270832000,28592607342.77954,1619338206.3537598,355892600,64.81186474643584,22,信息科技,科技成长,美股,USD,0.6992686762387734,14.579427909621167
XLK,2024-09,2024-09-03,2024-09-30,109.0,114.44000244140625,101.48999786376953,112.87999725341797,111.59512329101562,197400200,21414468983.288574,-743822110.6994629,347056400,58.337609838052266,20,信息科技,科技成长,美股,USD,2.6485249542583356,-25.1048750938891
XLK,2024-10,2024-10-01,2024-10-31,112.54499816894531,117.28500366210938,109.4749984741211,111.12000274658203,109.85516357421875,166899600,19052266773.01941,2234902913.4796143,365554400,50.85561372549923,23,信息科技,科技成长,美股,USD,-1.5591718217465855,-11.030869885742112
XLK,2024-11,2024-11-01,2024-11-29,111.23999786376953,118.97000122070312,111.08999633789062,116.86499786376953,115.53477478027344,160312200,18608434847.11151,2032095114.4485474,383151000,49.37898722878972,20,信息科技,科技成长,美股,USD,5.170090345564415,-2.329549188007507
XLK,2024-12,2024-12-02,2024-12-31,116.94999694824219,120.94000244140625,115.09500122070312,116.26000213623047,115.1249771118164,190616600,22603677297.836304,2956557700.061035,407261200,46.43776721868927,21,信息科技,科技成长,美股,USD,-0.35469638404228565,21.470061741087008
XLK,2025-01,2025-01-02,2025-01-31,117.18000030517578,121.29000091552734,112.2249984741211,115.40499877929688,114.2783203125,194806800,22688537328.95508,-2155157310.8459473,386883200,67.5898764282523,20,信息科技,科技成长,美股,USD,-0.7354240761273556,0.3754257769681413
XLK,2025-02,2025-02-03,2025-02-28,112.8499984741211,121.56999969482422,109.8499984741211,112.76499938964844,111.66410064697266,152792600,17781518866.43219,711850334.6084595,391901000,40.8568138335548,19,信息科技,科技成长,美股,USD,-2.287590208167767,-21.627742641040847
XLK,2025-03,2025-03-03,2025-03-31,113.34500122070312,113.57499694824219,100.36499786376953,103.23999786376953,102.41157531738281,242727600,25903351344.869995,-3654904620.037842,356234600,41.31899400337426,21,信息科技,科技成长,美股,USD,-8.286033985839204,45.67569586966014
XLK,2025-04,2025-04-01,2025-04-30,102.83000183105469,105.62999725341797,86.2249984741211,104.98500061035156,104.14258575439453,325822600,31696426997.651672,6403736734.498596,413925200,59.9751421024549,21,信息科技,科技成长,美股,USD,1.690248813815387,22.364193635233853
XLK,2025-05,2025-05-01,2025-05-30,107.27999877929688,117.88500213623047,105.80500030517578,115.45500183105469,114.52857971191406,229367800,26074387022.612,3532055769.0689087,445068600,54.655517091162736,21,信息科技,科技成长,美股,USD,9.97285969258861,-17.737141083618667
XLK,2025-06,2025-06-02,2025-06-30,115.1500015258789,126.95999908447266,115.01000213623047,126.61499786376953,125.80717468261719,234571000,28392809650.193787,10816628459.889221,533857200,71.56966391358449,20,信息科技,科技成长,美股,USD,9.847843218761088,8.891570971817009
XLK,2025-07,2025-07-01,2025-07-31,126.20999908447266,134.0050048828125,124.625,131.3699951171875,130.53184509277344,266000200,34443526360.20508,10212148472.247314,611452200,59.64472847910037,22,信息科技,科技成长,美股,USD,3.755485664530278,21.310736008720422
XLK,2025-08,2025-08-01,2025-08-29,129.94000244140625,135.02499389648438,127.88999938964844,131.22500610351562,130.38780212402344,282661600,37191973672.05505,-2746674834.359741,588814200,56.41023524494423,21,信息科技,科技成长,美股,USD,-0.11035082561471343,7.979575851517451
XLK,2025-09,2025-09-02,2025-09-30,128.90499877929688,141.44500732421875,128.13999938964844,140.92999267578125,140.21080017089844,407487600,55329995511.050415,22544399036.07483,756011400,65.02433780588683,21,信息科技,科技成长,美股,USD,7.533678677650757,48.768645619427645
XLK,2025-10,2025-10-01,2025-10-31,140.2100067138672,152.9949951171875,139.1199951171875,150.33999633789062,149.57278442382812,435781400,62846904014.04724,18256569929.208374,878774800,57.96818795288064,23,信息科技,科技成长,美股,USD,6.67707782960989,13.585593914417649
XLK,2025-11,2025-11-03,2025-11-28,151.77999877929688,152.11000061035156,133.74000549316406,143.11000061035156,142.3796844482422,443832000,62963064431.99158,99323832.11364746,878008400,28.890763389217227,19,信息科技,科技成长,美股,USD,-4.809096790766176,0.184830772122635
XLK,2025-12,2025-12-01,2025-12-31,141.72000122070312,149.22000122070312,139.32000732421875,143.97000122070312,143.4525604248047,222889800,32208425208.12378,9437511903.857422,942199000,36.53369426814934,22,信息科技,科技成长,美股,USD,0.7535316437314643,-48.84552475536966
XLK,2026-01,2026-01-02,2026-01-30,145.6300048828125,149.89999389648438,141.61000061035156,143.8800048828125,143.36289978027344,338893400,49293103896.12579,10615749100.596619,1014219600,53.29184607620852,20,信息科技,科技成长,美股,USD,-0.06250194786746599,53.044129222725324
XLK,2026-02,2026-02-02,2026-02-27,143.52999877929688,146.14999389648438,135.0800018310547,138.75999450683594,138.2612762451172,448343700,62872154107.89032,-12210214226.908875,923109100,37.31306085825073,19,信息科技,科技成长,美股,USD,-3.5585381873380784,27.547565761692216
XLK,2026-03,2026-03-02,2026-03-31,137.02999877929688,141.58999633789062,126.68000030517578,132.89999389648438,132.5869903564453,426529100,58407879254.8172,-1477780087.8967285,907710100,32.82044529185404,22,信息科技,科技成长,美股,USD,-4.104031181234136,-7.100559725394973
XLK,2026-04,2026-04-01,2026-04-30,134.1199951171875,160.6199951171875,131.35000610351562,159.5,159.1243438720703,225406200,33617475069.969177,26908954594.01703,1090307500,79.63852937772364,21,信息科技,科技成长,美股,USD,20.01505083136912,-42.44359579757114
XLK,2026-05,2026-05-01,2026-05-29,160.38999938964844,191.6300048828125,160.13999938964844,191.02000427246094,190.5701141357422,246602400,43503158792.73529,12375979441.43219,1159484700,58.09622316081578,20,信息科技,科技成长,美股,USD,19.761759576493866,29.40638373997664
XLK,2026-06,2026-06-01,2026-06-30,192.32000732421875,198.72999572753906,172.8800048828125,190.52000427246094,190.2979278564453,315748700,58765480822.45331,-2293796071.51947,1142534400,55.852295827423404,21,信息科技,科技成长,美股,USD,-0.14282736856787714,35.08325016680563
XLK,2026-07,2026-07-01,2026-07-31,186.8300018310547,187.97999572753906,166.4600067138672,175.35000610351562,175.14561462402344,207175900,36938087410.02655,-11622280733.46405,1075385300,35.821199223732634,22,信息科技,科技成长,美股,USD,-7.962416303267528,-37.14322269968881
XLK,2026-08,2026-08-03,2026-08-31,174.00999450683594,191.75,173.0399932861328,186.5,186.28260803222656,138636000,25709708132.73163,2119874165.2542114,1086507500,42.5610103305762,21,信息科技,科技成长,美股,USD,6.358705259112751,-30.397836121442133
XLK,2026-09,2026-09-01,2026-09-30,183.6999969482422,197.05999755859375,182.0800018310547,195.75,195.75,146406700,27776901748.6084,4410811683.81958,1109041200,72.78925737529693,21,信息科技,科技成长,美股,USD,5.082273685010685,8.040517633278688
XLK,2026-10,2026-10-01,2026-10-02,196.8699951171875,201.38999938964844,195.5399932861328,199.6300048828125,199.6300048828125,16769421,3327804752.130005,3327804752.130005,1125810621,81.35474880790149,2,信息科技,科技成长,美股,USD,1.9821225454980773,-88.01952506349372
XLP,2021-10,2021-10-04,2021-10-29,69.0,71.91000366210938,68.31999969482422,71.25,62.41514205932617,208181500,14643208335.523987,3290333425.4211426,47062500,58.21529489154795,20,必选消费,防御消费,美股,USD,,
XLP,2021-11,2021-11-01,2021-11-30,71.4000015258789,73.37999725341797,70.13999938964844,70.29000091552734,61.574180603027344,232605500,16814485845.144653,1262424734.7961426,63557400,33.354010690452625,21,必选消费,防御消费,美股,USD,-1.3473676876349705,14.827881020808897
XLP,2021-12,2021-12-01,2021-12-31,70.7699966430664,77.2300033569336,69.91999816894531,77.11000061035156,68.01158905029297,304648300,22563209767.955017,8747404236.306763,180228700,74.41002115986258,22,必选消费,防御消费,美股,USD,10.454720443245535,34.189115122246605
XLP,2022-01,2022-01-03,2022-01-31,76.66000366210938,78.18000030517578,73.76000213623047,75.97000122070312,67.006103515625,435704200,33212575430.205536,-4087517210.8329773,125965700,35.83513932216833,20,必选消费,防御消费,美股,USD,-1.4784032379017598,47.19791985170072
XLP,2022-02,2022-02-01,2022-02-28,75.97000122070312,77.20999908447266,72.19000244140625,74.9000015258789,66.06232452392578,324878500,24523992344.431305,-2972270817.137909,84406800,35.62235412660283,19,必选消费,防御消费,美股,USD,-1.408497050539792,-26.160521950587146
XLP,2022-03,2022-03-01,2022-03-31,74.69999694824219,76.3499984741211,71.33999633789062,75.88999938964844,67.2391357421875,391869800,29045830349.912262,7188571596.302032,178752000,93.27055597909553,23,必选消费,防御消费,美股,USD,1.7813651377579287,18.438425285627424
XLP,2022-04,2022-04-01,2022-04-29,76.02999877929688,81.33999633789062,75.54000091552734,77.63999938964844,68.78965759277344,374221800,29431748291.423035,6757630778.388977,264198400,35.210766283143386,20,必选消费,防御消费,美股,USD,2.305981231720544,1.32865177845376
XLP,2022-05,2022-05-02,2022-05-31,78.18000030517578,78.29000091552734,69.58000183105469,74.47000122070312,65.98100280761719,597327600,44872428082.20825,-12100554474.255371,103960600,37.42505989683624,21,必选消费,防御消费,美股,USD,-4.082960845339789,52.46266595479454
XLP,2022-06,2022-06-01,2022-06-30,74.56999969482422,74.62999725341797,68.22000122070312,72.18000030517578,64.4322738647461,311767800,22270470322.624207,-4136936237.7975464,43669800,42.291979376586305,21,必选消费,防御消费,美股,USD,-2.3472346235578923,-50.369366503137
XLP,2022-07,2022-07-01,2022-07-29,72.19999694824219,75.22000122070312,71.58000183105469,74.48999786376953,66.49432373046875,207865300,15201523428.41034,3016880644.102478,84665900,42.12625559529536,20,必选消费,防御消费,美股,USD,3.200336946126159,-31.741345341201168
XLP,2022-08,2022-08-01,2022-08-31,74.38999938964844,77.4000015258789,73.11000061035156,73.11000061035156,65.2624282836914,223096200,16797859438.64975,-3014458396.923065,43129500,40.8747131931377,23,必选消费,防御消费,美股,USD,-1.8526324920165593,10.501158109298414
XLP,2022-09,2022-09-01,2022-09-30,72.86000061035156,74.5199966430664,66.68000030517578,66.7300033569336,59.954750061035156,293961500,20926615524.1539,-4880128186.9133,-28552600,14.50348501474042,21,必选消费,防御消费,美股,USD,-8.132823681619882,24.57906080583343
XLP,2022-10,2022-10-03,2022-10-31,67.20999908447266,73.30000305175781,66.18000030517578,72.73999786376953,65.35455322265625,233288400,16085082243.945312,5869178853.050232,55205000,79.9091260507469,21,必选消费,防御消费,美股,USD,9.006464302034423,-23.13576829765137
XLP,2022-11,2022-11-01,2022-11-30,72.91999816894531,77.20999908447266,70.48999786376953,77.19000244140625,69.35272216796875,215953400,15900419019.64264,1413557741.7236328,72580000,80.81760210248761,21,必选消费,防御消费,美股,USD,6.117659364438088,-1.1480402866586692
XLP,2022-12,2022-12-01,2022-12-30,77.05000305175781,77.62000274658203,73.80999755859375,74.55000305175781,67.46109771728516,172816600,13074391657.998657,-5265649615.316772,2620200,31.5821174675646,21,必选消费,防御消费,美股,USD,-2.727541748256368,-17.77328860423639
XLP,2023-01,2023-01-03,2023-01-31,74.58999633789062,76.25,71.5999984741211,73.73999786376953,66.72810363769531,218744100,16133980956.651306,1329368665.171814,20270100,47.485263868867214,20,必选消费,防御消费,美股,USD,-1.0865433626082721,23.401389362394177
XLP,2023-02,2023-02-01,2023-02-28,73.68000030517578,74.66000366210938,72.0,72.02999877929688,65.18070220947266,189558700,13874814700.42572,-5266500156.90918,-52456200,41.4429227733911,19,必选消费,防御消费,美股,USD,-2.3189650894687164,-14.002534540579303
XLP,2023-03,2023-03-01,2023-03-31,71.80999755859375,74.73999786376953,70.8499984741211,74.70999908447266,67.93087768554688,312469900,22626497212.626648,7543873186.242676,49894700,80.03120149673845,23,必选消费,防御消费,美股,USD,4.219309370488089,63.07603165274993
XLP,2023-04,2023-04-03,2023-04-28,74.76000213623047,77.58000183105469,74.4800033569336,77.44000244140625,70.41316223144531,184057700,13972371743.678284,5126502845.727539,117146800,79.67715941547362,19,必选消费,防御消费,美股,USD,3.65413289283405,-38.24774726562163
XLP,2023-05,2023-05-01,2023-05-31,77.30999755859375,77.81999969482422,72.30999755859375,72.66999816894531,66.07598114013672,280492300,21121778446.699524,-7813712303.569031,13574500,23.906510530949177,22,必选消费,防御消费,美股,USD,-6.159616971969594,51.16816839815292
XLP,2023-06,2023-06-01,2023-06-30,72.6500015258789,75.05000305175781,72.23999786376953,74.16999816894531,67.91830444335938,248073600,18272010732.235718,2134486446.3180542,41190900,54.785998367280456,21,必选消费,防御消费,美股,USD,2.7881890990243186,-13.492082220515423
XLP,2023-07,2023-07-03,2023-07-31,74.05999755859375,76.4000015258789,73.11000061035156,75.75,69.3651351928711,242982900,18152524817.962646,1909935618.3181763,66009600,75.98963427932067,20,必选消费,防御消费,美股,USD,2.1302515741074,-0.6539286563698954
XLP,2023-08,2023-08-01,2023-08-31,75.6500015258789,76.08000183105469,71.97000122070312,72.76000213623047,66.62716674804688,248416900,18301818341.555023,-3250539624.6147156,21766100,23.183550188818018,23,必选消费,防御消费,美股,USD,-3.9471824529877186,0.8224394407363445
XLP,2023-09,2023-09-01,2023-09-29,73.0,73.04000091552734,68.44000244140625,68.80999755859375,63.437137603759766,202647400,14357580965.850067,-4779341085.053253,-46724300,21.646572469065916,20,必选消费,防御消费,美股,USD,-4.787880529799993,-21.55106832608761
XLP,2023-10,2023-10-02,2023-10-31,68.6500015258789,68.73999786376953,65.18000030517578,67.86000061035156,62.56131362915039,339431500,22856249981.349945,-1845590358.3198547,-75277400,53.279864384060566,22,必选消费,防御消费,美股,USD,-1.3806171080415597,59.19290328721958
XLP,2023-11,2023-11-01,2023-11-30,67.91000366210938,70.70999908447266,67.41000366210938,70.66000366210938,65.14268493652344,253147500,17552865678.012085,3713130355.6869507,-22324500,59.102719716028375,21,必选消费,防御消费,美股,USD,4.126146267763575,-23.203212721532495
XLP,2023-12,2023-12-01,2023-12-29,70.61000061035156,72.47000122070312,70.01000213623047,72.02999877929688,66.90911865234375,223573300,15893049291.540527,5691409018.974304,56758200,61.763339866493396,20,必选消费,防御消费,美股,USD,2.711637872374406,-9.456099174454213
XLP,2024-01,2024-01-02,2024-01-31,71.7699966430664,73.6500015258789,71.55999755859375,72.91999816894531,67.73583984375,237631500,17213166069.17343,-3870442645.6336975,2539700,38.88734794200355,21,必选消费,防御消费,美股,USD,1.2355882248305416,8.306252333437158
XLP,2024-02,2024-02-01,2024-02-29,72.94999694824219,75.16000366210938,72.36000061035156,74.44999694824219,69.15705871582031,288535800,21303689909.562683,-39715767.30041504,1126500,60.412428028135615,20,必选消费,防御消费,美股,USD,2.0981785644774043,23.763924800068324
XLP,2024-03,2024-03-01,2024-03-28,74.25,76.61000061035156,73.94000244140625,76.36000061035156,71.45347595214844,228599900,17251583661.338806,6111917544.851685,82104400,58.99371632282411,20,必选消费,防御消费,美股,USD,3.3205825680998835,-19.020677945584396
XLP,2024-04,2024-04-01,2024-04-30,76.3499984741211,76.47000122070312,72.93000030517578,75.5,70.64875030517578,292865900,21855781456.378174,-3016059251.2771606,41863700,63.8166299912668,22,必选消费,防御消费,美股,USD,-1.126223233018886,26.68855152908356
XLP,2024-05,2024-05-01,2024-05-31,75.27999877929688,78.61000061035156,74.70999908447266,77.33999633789062,72.3705062866211,279313700,21446554434.174347,3147114751.259613,82561400,53.400612703512465,22,必选消费,防御消费,美股,USD,2.437065020977691,-1.8723971184494204
XLP,2024-06,2024-06-03,2024-06-28,77.08999633789062,78.33000183105469,76.36000061035156,76.58000183105469,72.20037841796875,174488200,13511527135.944366,-2415083726.0551453,51018200,27.00069435764898,19,必选消费,防御消费,美股,USD,-0.235079008537753,-36.99907750955924
XLP,2024-07,2024-07-01,2024-07-31,76.9800033569336,79.1500015258789,75.88999938964844,77.8499984741211,73.3977279663086,214918800,16702614772.568512,-3013867891.11557,11687200,62.18056935431563,22,必选消费,防御消费,美股,USD,1.6583701838907006,23.617520096118348
XLP,2024-08,2024-08-01,2024-08-30,78.0,82.7699966430664,77.44000244140625,82.51000213623047,77.7912368774414,234307900,18679169135.360718,9249000822.41211,127123500,79.31948381839578,22,必选消费,防御消费,美股,USD,5.9858922515279245,11.833802010679161
XLP,2024-09,2024-09-03,2024-09-30,82.52999877929688,84.52999877929688,82.08000183105469,83.0,78.66903686523438,220732800,18362335561.522675,-536266393.6973572,120294700,52.1230095374958,20,必选消费,防御消费,美股,USD,1.1284047188707458,-1.6961866533895198
XLP,2024-10,2024-10-01,2024-10-31,83.02999877929688,83.19000244140625,79.95999908447266,80.12000274658203,75.93932342529297,208302200,16985447931.259155,-4035666475.856018,70373700,28.58913206364697,23,必选消费,防御消费,美股,USD,-3.4698701658412268,-7.498434094346451
XLP,2024-11,2024-11-01,2024-11-29,80.37999725341797,83.30000305175781,79.36000061035156,83.22000122070312,78.87757110595703,183912900,14851627624.682617,6144460811.735535,145526600,72.22312184401937,20,必选消费,防御消费,美股,USD,3.8692044492003363,-12.56263782510889
XLP,2024-12,2024-12-02,2024-12-31,83.13999938964844,83.29000091552734,78.12000274658203,78.61000061035156,75.07347869873047,193145700,15667766189.42337,-7250349583.319855,56169300,11.604032676556855,21,必选消费,防御消费,美股,USD,-4.822780866460108,5.495280284191706
XLP,2025-01,2025-01-02,2025-01-31,78.77999877929688,80.16000366210938,75.80999755859375,78.9800033569336,75.42683410644531,199647500,15531929167.16919,1199692344.4274902,71090800,50.808289706001155,20,必选消费,防御消费,美股,USD,0.4706794114774704,-0.8669839759663955
XLP,2025-02,2025-02-03,2025-02-28,78.41000366210938,83.87999725341797,78.19000244140625,83.08000183105469,79.34236907958984,231129500,18776713137.24289,4320572776.802826,123634300,60.57303831706587,19,必选消费,防御消费,美股,USD,5.19116972033955,20.89105567731022
XLP,2025-03,2025-03-03,2025-03-31,82.68000030517578,84.3499984741211,78.43000030517578,81.66999816894531,78.40895080566406,320234800,25948132546.49353,-3203669296.9436646,82250200,27.06394272824724,21,必选消费,防御消费,美股,USD,-1.1764436640270381,38.19315636785443
XLP,2025-04,2025-04-01,2025-04-30,81.86000061035156,82.81999969482422,75.61000061035156,81.83000183105469,78.56256866455078,384086800,30696147798.47641,-2563131285.810089,46614400,52.38459519756134,21,必选消费,防御消费,美股,USD,0.19591877879792108,18.298100040438147
XLP,2025-05,2025-05-01,2025-05-30,81.29000091552734,83.19000244140625,79.26000213623047,82.83000183105469,79.52263641357422,262660900,21418018468.360138,3508405271.395111,88234100,51.90109563932092,21,必选消费,防御消费,美股,USD,1.2220422083228488,-30.225712330512
XLP,2025-06,2025-06-02,2025-06-30,82.58999633789062,82.93000030517578,79.97000122070312,80.97000122070312,78.27017211914062,270170700,21969846500.29831,-1706968545.9861755,66739400,58.126300632169105,20,必选消费,防御消费,美股,USD,-1.5749783343699586,2.576466318550241
XLP,2025-07,2025-07-01,2025-07-31,81.05999755859375,82.4800033569336,79.6500015258789,79.77999877929688,77.11984252929688,347566600,28194076411.65924,-1301389092.3858643,49585000,39.44544976441778,22,必选消费,防御消费,美股,USD,-1.4696908907939399,28.330784702006984
XLP,2025-08,2025-08-01,2025-08-29,80.22000122070312,83.9000015258789,80.0199966430664,80.77999877929688,78.08650207519531,341064900,27852283011.032867,4925622683.355713,109280900,49.44845690121215,21,必选消费,防御消费,美股,USD,1.253451140711559,-1.2122879843122991
XLP,2025-09,2025-09-02,2025-09-30,80.91999816894531,81.27999877929688,77.48999786376953,78.37000274658203,76.27671813964844,301828300,24048277024.68109,-181528645.80688477,107079600,35.1819054383398,21,必选消费,防御消费,美股,USD,-2.317665521506007,-13.657788788247382
XLP,2025-10,2025-10-01,2025-10-31,78.2699966430664,80.25,75.80999755859375,76.27999877929688,74.24253845214844,293794500,23008859328.10135,-5059466085.573578,40982100,32.82316823540312,23,必选消费,防御消费,美股,USD,-2.666842172962658,-4.322212753591337
XLP,2025-11,2025-11-03,2025-11-28,76.12000274658203,79.38999938964844,75.16000366210938,79.37000274658203,77.25,306921900,23639348251.698303,1772731095.539856,62090200,59.12665912738391,19,必选消费,防御消费,美股,USD,4.050860343076712,2.740200696637407
XLP,2025-12,2025-12-01,2025-12-31,79.26000213623047,79.97000122070312,77.37999725341797,77.68000030517578,76.2116928100586,272672600,21452197005.42984,273024028.56674194,65199200,53.93060251276212,22,必选消费,防御消费,美股,USD,-1.3440869772704311,-9.252163904778266
XLP,2026-01,2026-01-02,2026-01-30,77.70999908447266,83.51000213623047,76.51000213623047,83.51000213623047,81.93150329589844,416923400,33737132971.02127,12752090040.622711,221665400,80.11586497229388,20,必选消费,防御消费,美股,USD,7.505161314413078,57.26656324516295
XLP,2026-02,2026-02-02,2026-02-27,83.76000213623047,90.13999938964844,83.29000091552734,90.01000213623047,88.30864715576172,467955300,41121645051.62811,9286079920.188904,326890500,53.15669968641837,19,必选消费,防御消费,美股,USD,7.783506469827617,21.888380636700266
XLP,2026-03,2026-03-02,2026-03-31,89.44000244140625,89.79000091552734,80.51000213623047,81.9800033569336,80.88314819335938,448757000,37810440810.84595,-12481910558.824158,181220700,33.7052926457109,22,必选消费,防御消费,美股,USD,-8.408575152674459,-8.052217358096836
XLP,2026-04,2026-04-01,2026-04-30,81.72000122070312,84.44000244140625,80.45999908447266,84.30999755859375,83.18196868896484,267163300,21990534025.497437,-903469581.3919067,168903000,59.28984194725847,21,必选消费,防御消费,美股,USD,2.8421501226805646,-41.84004853180807
XLP,2026-05,2026-05-01,2026-05-29,84.72000122070312,86.69999694824219,82.83000183105469,82.91000366210938,81.80070495605469,225372100,19030954521.463013,-389053926.0925293,163375700,53.565854902262174,20,必选消费,防御消费,美股,USD,-1.6605326306654233,-13.458424886830267
XLP,2026-06,2026-06-01,2026-06-30,82.51000213623047,86.3499984741211,81.4800033569336,83.06999969482422,82.52723693847656,275094900,23022895911.837006,-3870790460.2104187,115688600,50.80965006286612,21,必选消费,防御消费,美股,USD,0.888173253289426,20.976043980725724
XLP,2026-07,2026-07-01,2026-07-31,83.0999984741211,88.77999877929688,82.7699966430664,85.05000305175781,84.49430084228516,256985600,21815054992.13257,2678367717.6376343,145967200,48.42663243802615,22,必选消费,防御消费,美股,USD,2.3835329726051846,-5.246259742170134
XLP,2026-08,2026-08-03,2026-08-31,85.91999816894531,87.47000122070312,83.86000061035156,84.9800033569336,84.42475891113281,186472200,15954039211.102295,-190628253.73840332,142970200,58.50627679856648,21,必选消费,防御消费,美股,USD,-0.08230369440200835,-26.86683935999247
XLP,2026-09,2026-09-01,2026-09-30,85.51000213623047,86.16000366210938,80.56999969482422,80.5999984741211,80.5999984741211,226759100,18857480599.57199,-3800745240.05661,96530700,30.12787386530256,21,必选消费,防御消费,美股,USD,-4.53037768344442,18.19878558684507
XLP,2026-10,2026-10-01,2026-10-02,80.56999969482422,80.73999786376953,80.12999725341797,80.3499984741211,80.3499984741211,18180373,1460535410.0422287,-608572645.1213455,88953473,19.821685751859903,2,必选消费,防御消费,美股,USD,-0.31017370314252446,-92.254875181601
XLRE,2021-10,2021-10-04,2021-10-29,44.84000015258789,48.400001525878906,43.95000076293945,47.81999969482422,40.34281539916992,126881500,5881339597.33696,2993328142.004013,64368700,77.00815500298418,20,房地产,利率敏感,美股,USD,,
XLRE,2021-11,2021-11-01,2021-11-30,47.939998626708984,49.19499969482422,47.14500045776367,47.38999938964844,39.98005294799805,131676100,6351106416.448593,1144363300.0659943,87515600,37.85381655837754,21,房地产,利率敏感,美股,USD,-0.899199640834536,7.9874119039876845
XLRE,2021-12,2021-12-01,2021-12-31,47.900001525878906,52.16999816894531,46.7400016784668,51.810001373291016,44.08327865600586,151300000,7468941245.614243,1606863052.6302338,118274800,69.66063996868937,22,房地产,利率敏感,美股,USD,10.263182275783556,17.60063138401513
XLRE,2022-01,2022-01-03,2022-01-31,51.97999954223633,51.97999954223633,44.79999923706055,47.34000015258789,40.2799072265625,175173400,8411712948.411179,-4067687277.300644,34058800,21.848837404613448,20,房地产,利率敏感,美股,USD,-8.627696363335701,12.622561508976005
XLRE,2022-02,2022-02-01,2022-02-28,47.34000015258789,47.935001373291016,43.0,45.06999969482422,38.348453521728516,125567600,5738298418.605804,-1516178396.536255,330800,17.557320263443913,19,房地产,利率敏感,美股,USD,-4.795079824712934,-31.78204660812082
XLRE,2022-03,2022-03-01,2022-03-31,45.290000915527344,49.220001220703125,44.72999954223633,48.31999969482422,41.34925842285156,123881600,5759571913.610458,769846230.9947968,16111000,70.72211753394562,23,房地产,利率敏感,美股,USD,7.825100168440358,0.37072827958331
XLRE,2022-04,2022-04-01,2022-04-29,48.54999923706055,50.970001220703125,46.4900016784668,46.599998474121094,39.87739181518555,143207600,7009502881.641388,-1672251805.845642,-19239400,38.49635208058194,20,房地产,利率敏感,美股,USD,-3.5595961422432487,21.701803307242585
XLRE,2022-05,2022-05-02,2022-05-31,46.72999954223633,46.88999938964844,41.369998931884766,44.220001220703125,37.84074020385742,270924000,11765563536.729431,-2568280549.0722656,-80123800,47.44540194902136,21,房地产,利率敏感,美股,USD,-5.107283898523562,67.85161138238
XLRE,2022-06,2022-06-01,2022-06-30,44.38999938964844,44.41999816894531,38.630001068115234,40.86000061035156,35.246849060058594,154697800,6363714018.003082,-857884873.3085632,-100311200,55.283166939043674,21,房地产,利率敏感,美股,USD,-6.854757940317491,-45.912373868561374
XLRE,2022-07,2022-07-01,2022-07-29,40.779998779296875,44.540000915527344,39.9900016784668,44.34000015258789,38.248783111572266,82316800,3438219124.0600586,420080406.8473816,-91545800,69.76053368730562,20,房地产,利率敏感,美股,USD,8.516886279390668,-45.97150163672875
XLRE,2022-08,2022-08-01,2022-08-31,44.13999938964844,45.8650016784668,41.75,41.849998474121094,36.10085678100586,71983400,3162810160.7543945,-462833716.028595,-102558200,25.945196691553193,23,房地产,利率敏感,美股,USD,-5.61567233211282,-8.010221378224557
XLRE,2022-09,2022-09-01,2022-09-30,41.529998779296875,43.474998474121094,35.41999816894531,36.0099983215332,31.34589195251465,127870300,4976913223.165131,-1145923032.8933716,-135171900,14.691889787835478,21,房地产,利率敏感,美股,USD,-13.171335121866123,57.357317392013044
XLRE,2022-10,2022-10-03,2022-10-31,36.58000183105469,37.599998474121094,33.125,36.72999954223633,31.972640991210938,175869300,6207270915.426636,222801522.90039062,-130514000,71.29083018931159,21,房地产,利率敏感,美股,USD,1.9994614913039888,24.72130087651083
XLRE,2022-11,2022-11-01,2022-11-30,37.099998474121094,39.27000045776367,35.029998779296875,39.2400016784668,34.15754699707031,148770000,5566972396.654129,-193900464.07432556,-138283800,71.5473015977586,21,房地产,利率敏感,美股,USD,6.833673847775001,-10.315298421746078
XLRE,2022-12,2022-12-01,2022-12-30,39.630001068115234,40.0,36.095001220703125,36.93000030517578,32.51173400878906,124255500,4729882514.459991,-1784245987.3176575,-185558700,40.459869306564386,21,房地产,利率敏感,美股,USD,-4.81829971110751,-15.036716954034956
XLRE,2023-01,2023-01-03,2023-01-31,37.22999954223633,40.64500045776367,36.61000061035156,40.59000015258789,35.733848571777344,113151200,4399137753.646851,1866319018.6889648,-138146500,56.15866507747944,20,房地产,利率敏感,美股,USD,9.910620461268627,-6.9926633442163215
XLRE,2023-02,2023-02-01,2023-02-28,40.41999816894531,42.209999084472656,37.944000244140625,38.209999084472656,33.63859558105469,108061600,4300474748.950577,-760968169.1753387,-157498700,23.150655464248103,19,房地产,利率敏感,美股,USD,-5.863496585076733,-2.242780522489507
XLRE,2023-03,2023-03-01,2023-03-31,37.970001220703125,38.959999084472656,34.34000015258789,37.380001068115234,33.14208221435547,164054200,6009656577.840424,368608840.43807983,-148994800,45.36864727977082,23,房地产,利率敏感,美股,USD,-1.4760228782525475,39.74402661722243
XLRE,2023-04,2023-04-03,2023-04-28,37.290000915527344,37.880001068115234,36.34000015258789,37.75,33.470130920410156,93206000,3466092532.932663,7574526.226425171,-149269400,58.384619279567865,19,房地产,利率敏感,美股,USD,0.9898252739008351,-42.324615590959326
XLRE,2023-05,2023-05-01,2023-05-31,37.630001068115234,37.83000183105469,35.040000915527344,36.040000915527344,31.953994750976562,91905900,3350804357.5660706,-213040873.72665405,-154862500,41.465205443711625,22,房地产,利率敏感,美股,USD,-4.5298184612389765,-3.326171308792125
XLRE,2023-06,2023-06-01,2023-06-30,36.0099983215332,38.060001373291016,35.68000030517578,37.689998626708984,33.73828887939453,96469300,3574281365.371704,535208969.380188,-140877400,66.13893966059536,21,房地产,利率敏感,美股,USD,5.5839469910516915,6.66935410003946
XLRE,2023-07,2023-07-03,2023-07-31,37.540000915527344,39.20000076293945,37.2599983215332,38.189998626708984,34.18586349487305,106695800,4091312517.5369263,493386992.9069519,-128409700,41.97848673513666,20,房地产,利率敏感,美股,USD,1.3266073364848863,14.465317620887808
XLRE,2023-08,2023-08-01,2023-08-31,38.09000015258789,38.275001525878906,35.57500076293945,37.02000045776367,33.13853454589844,108099400,3994667291.784668,-775959217.5720215,-149072700,43.32457158748252,23,房地产,利率敏感,美股,USD,-3.0636316942284636,-2.3622059018469033
XLRE,2023-09,2023-09-01,2023-09-29,37.25,37.30500030517578,33.45899963378906,34.06999969482422,30.740997314453125,102184800,3614982354.488373,-1413598750.0473022,-189042100,28.55491151392316,20,房地产,利率敏感,美股,USD,-7.234892140823579,-9.504795007012113
XLRE,2023-10,2023-10-02,2023-10-31,33.939998626708984,34.970001220703125,31.989999771118164,33.099998474121094,29.86577033996582,172957200,5762760278.535461,-176557440.29006958,-195144300,36.051403003472345,22,房地产,利率敏感,美股,USD,-2.847100129948643,59.41323396448674
XLRE,2023-11,2023-11-01,2023-11-30,33.13999938964844,37.26499938964844,32.904998779296875,37.22999954223633,33.592227935791016,131813900,4658886265.001297,1981202665.01503,-140141000,73.63936963782263,21,房地产,利率敏感,美股,USD,12.477353014526194,-19.15529989414554
XLRE,2023-12,2023-12-01,2023-12-29,37.220001220703125,40.75,37.11000061035156,40.060001373291016,36.53019332885742,120516900,4709746983.078766,819835402.8968811,-119594900,57.659410948925355,20,房地产,利率敏感,美股,USD,8.74596766455058,1.0916926317679598
XLRE,2024-01,2024-01-02,2024-01-31,39.970001220703125,40.45000076293945,38.03499984741211,38.130001068115234,34.77024459838867,137905800,5372428985.213852,-1726295190.1477814,-164619500,31.384279120719555,21,房地产,利率敏感,美股,USD,-4.817791996404408,14.070437425109628
XLRE,2024-02,2024-02-01,2024-02-29,38.04999923706055,39.31999969482422,37.07500076293945,39.11000061035156,35.66389083862305,174523400,6683774415.195084,905688459.5981598,-142149700,58.14653643217299,20,房地产,利率敏感,美股,USD,2.5701465450024052,24.40879969917431
XLRE,2024-03,2024-03-01,2024-03-28,39.0099983215332,40.33000183105469,38.279998779296875,39.529998779296875,36.292301177978516,133768600,5258134056.87561,-208850366.06025696,-148114200,30.246761289480688,20,房地产,利率敏感,美股,USD,1.7620352815652884,-21.329869468340846
XLRE,2024-04,2024-04-01,2024-04-30,39.61000061035156,39.619998931884766,35.56999969482422,36.189998626708984,33.225868225097656,193936900,7180175660.49118,97247941.37649536,-145521700,40.643976850987784,22,房地产,利率敏感,美股,USD,-8.449265693687991,36.55368202532381
XLRE,2024-05,2024-05-01,2024-05-31,36.18000030517578,39.007999420166016,36.07500076293945,38.04999923706055,34.933528900146484,177319400,6658029591.388702,2217353402.2598267,-85733600,53.404009227503614,22,房地产,利率敏感,美股,USD,5.139551699536682,-7.272051462133156
XLRE,2024-06,2024-06-03,2024-06-28,38.119998931884766,39.025001525878906,37.529998779296875,38.40999984741211,35.622291564941406,91632900,3503630546.009445,277321560.13526917,-78791700,59.45529298708773,19,房地产,利率敏感,美股,USD,1.9716378118101785,-47.37736596213185
XLRE,2024-07,2024-07-01,2024-07-31,38.31999969482422,41.63999938964844,37.810001373291016,41.189998626708984,38.20052719116211,119333900,4776430707.788086,1048332552.7526855,-52324200,69.61218437659954,22,房地产,利率敏感,美股,USD,7.237702890395004,36.328035877764876
XLRE,2024-08,2024-08-01,2024-08-30,41.619998931884766,43.66999816894531,40.529998779296875,43.54999923706055,40.389244079589844,140182700,5889481517.618179,1387264107.4352264,-19909500,62.3358776472337,22,房地产,利率敏感,美股,USD,5.729546289963516,23.30298245539786
XLRE,2024-09,2024-09-03,2024-09-30,43.27000045776367,45.58000183105469,43.233001708984375,44.66999816894531,41.718345642089844,102711900,4570160203.230286,448713259.3318939,-9747300,44.8807275844314,20,房地产,利率敏感,美股,USD,3.290731462764973,-22.401315131751243
XLRE,2024-10,2024-10-01,2024-10-31,44.79999923706055,44.97999954223633,42.84000015258789,43.20000076293945,40.345481872558594,98137200,4309319312.230301,-150076040.2858734,-13481100,48.614893606805055,23,房地产,利率敏感,美股,USD,-3.2907914932900906,-5.707478062051674
XLRE,2024-11,2024-11-01,2024-11-29,43.4900016784668,45.481998443603516,42.189998626708984,45.0,42.02654266357422,108953900,4737803852.807236,981048840.781784,8411000,50.13782489448006,20,房地产,利率敏感,美股,USD,4.166664302896872,9.943207024850786
XLRE,2024-12,2024-12-02,2024-12-31,44.75,44.83000183105469,39.92499923706055,40.66999816894531,38.3911247253418,107846500,4515816553.894424,-2082262372.3171234,-40533300,34.4988351432918,21,房地产,利率敏感,美股,USD,-8.650290287579043,-4.685447220050698
XLRE,2025-01,2025-01-02,2025-01-31,40.720001220703125,42.005001068115234,39.04999923706055,41.41999816894531,39.09910583496094,120792800,4920286739.686966,326485758.24165344,-33280700,76.22628668289668,20,房地产,利率敏感,美股,USD,1.8441270337459237,8.956745274422806
XLRE,2025-02,2025-02-03,2025-02-28,41.08000183105469,43.244998931884766,40.68000030517578,43.150001525878906,40.732173919677734,95453600,4030134517.807007,929460576.4579773,-11753200,61.76330587940991,19,房地产,利率敏感,美股,USD,4.176740234444365,-18.091470456386283
XLRE,2025-03,2025-03-03,2025-03-31,43.29999923706055,43.861000061035156,40.60300064086914,41.849998474121094,39.75786590576172,125480500,5277264221.726608,-924610865.9694672,-34585100,48.657903224296646,21,房地产,利率敏感,美股,USD,-2.3919862854295815,30.945113578943896
XLRE,2025-04,2025-04-01,2025-04-30,41.9900016784668,42.17499923706055,35.7599983215332,41.29999923706055,39.2353630065918,198451200,7812012889.173126,-190453209.67407227,-43044100,84.6246336939282,21,房地产,利率敏感,美股,USD,-1.3142126401060161,48.0314905782224
XLRE,2025-05,2025-05-01,2025-05-30,41.41999816894531,42.13999938964844,40.30500030517578,41.72999954223633,39.643863677978516,86660500,3590230476.416397,658635679.1885376,-27518100,59.69563307268052,21,房地产,利率敏感,美股,USD,1.0411543059206219,-54.04218442352813
XLRE,2025-06,2025-06-02,2025-06-30,41.43000030517578,42.41999816894531,40.474998474121094,41.41999816894531,39.70531463623047,120880000,5037358955.136108,-268600193.58062744,-34404900,44.856195547663006,20,房地产,利率敏感,美股,USD,0.1550074905693144,40.30739776250154
XLRE,2025-07,2025-07-01,2025-07-31,41.349998474121094,42.95500183105469,41.15999984741211,41.40999984741211,39.69572830200195,149485000,6268820859.306335,318585225.7583618,-27350500,63.47382382746571,22,房地产,利率敏感,美股,USD,-0.024143705487145173,24.44657835857864
XLRE,2025-08,2025-08-01,2025-08-29,41.845001220703125,42.584999084472656,40.694000244140625,42.310001373291016,40.558475494384766,131789200,5480052990.492249,220600371.2966919,-22474900,50.05498649255877,21,房地产,利率敏感,美股,USD,2.1734005881416163,-12.58239606006809
XLRE,2025-09,2025-09-02,2025-09-30,41.93000030517578,42.650001525878906,41.33000183105469,42.130001068115234,40.69417190551758,100963900,4230586316.074753,-1343735679.5398712,-54786000,46.423595485310855,21,房地产,利率敏感,美股,USD,0.33456980194337405,-22.80026628547732
XLRE,2025-10,2025-10-01,2025-10-31,42.11000061035156,42.880001068115234,40.4900016784668,40.900001525878906,39.5060920715332,188716800,7860976540.300369,-264710760.20469666,-61568800,46.66005833972976,23,房地产,利率敏感,美股,USD,-2.919533137921615,85.81293355087449
XLRE,2025-11,2025-11-03,2025-11-28,40.47999954223633,41.78499984741211,40.279998779296875,41.66999816894531,40.24984359741211,133182500,5458771589.892197,-22507311.935806274,-62672700,48.1706485256926,19,房地产,利率敏感,美股,USD,1.8826248987933392,-30.558607293800467
XLRE,2025-12,2025-12-01,2025-12-31,41.22999954223633,41.38999938964844,39.724998474121094,40.349998474121094,39.40078353881836,156113000,6345546587.051773,-963188900.484848,-86601100,64.47415371041151,22,房地产,利率敏感,美股,USD,-2.109474181033444,16.244955161736097
XLRE,2026-01,2026-01-02,2026-01-30,40.34000015258789,42.34000015258789,39.900001525878906,41.43000030517578,40.455379486083984,195814900,8043645129.1015625,4245020278.1692505,16295000,62.416204997516274,20,房地产,利率敏感,美股,USD,2.6765862314048094,26.76047711185032
XLRE,2026-02,2026-02-02,2026-02-27,41.5,44.025001525878906,40.529998779296875,43.84000015258789,42.808685302734375,186769600,7996752588.451767,2235000435.1924896,66769800,73.65903908466915,19,房地产,利率敏感,美股,USD,5.817040518578964,-0.5829762489165558
XLRE,2026-03,2026-03-02,2026-03-31,43.560001373291016,44.06999969482422,39.939998626708984,40.83000183105469,40.137474060058594,225508100,9436125253.15895,-216074407.5893402,61879700,34.362454556191764,22,房地产,利率敏感,美股,USD,-6.239881518868229,17.999464767558315
XLRE,2026-04,2026-04-01,2026-04-30,40.869998931884766,44.650001525878906,40.70000076293945,44.400001525878906,43.64692306518555,114023800,4905901122.835159,1836938418.5970306,105063500,65.86782431137468,21,房地产,利率敏感,美股,USD,8.743572153732671,-48.00936834541486
XLRE,2026-05,2026-05-01,2026-05-29,44.4900016784668,44.98500061035156,43.16999816894531,43.9900016784668,43.24387741088867,96215900,4257669326.9104004,139552159.5565796,107946800,53.02753366960299,20,房地产,利率敏感,美股,USD,-0.9234228348581119,-13.213307396422625
XLRE,2026-06,2026-06-01,2026-06-30,43.720001220703125,45.650001525878906,43.07500076293945,44.029998779296875,43.662479400634766,118955100,5278672162.95433,75542399.13902283,109204500,34.52223848428889,21,房地产,利率敏感,美股,USD,0.9680029054024875,23.980322510973995
XLRE,2026-07,2026-07-01,2026-07-31,44.040000915527344,46.45500183105469,44.01499938964844,45.06999969482422,44.69379806518555,105874300,4764038196.709824,-402417442.66548157,100437800,42.007937796915265,22,房地产,利率敏感,美股,USD,2.3620249667630766,-9.7493072188912
XLRE,2026-08,2026-08-03,2026-08-31,45.08000183105469,45.540000915527344,43.8650016784668,44.11000061035156,43.74181365966797,108783200,4878499580.718231,-314922163.30718994,92849100,50.94546602796815,21,房地产,利率敏感,美股,USD,-2.1300145584609242,2.4026126425152894
XLRE,2026-09,2026-09-01,2026-09-30,44.130001068115234,44.39500045776367,40.869998931884766,40.90999984741211,40.90999984741211,120952600,5157947503.403091,-3564008093.8365936,8734900,16.706752393057045,21,房地产,利率敏感,美股,USD,-6.473928663060735,5.728153053232798
XLRE,2026-10,2026-10-01,2026-10-02,40.779998779296875,41.29499816894531,40.404998779296875,40.875,40.875,14177651,577656238.0284729,-196410943.7784729,3884351,16.166946640638912,2,房地产,利率敏感,美股,USD,-0.08555328169800314,-88.8006568960357
XLU,2021-10,2021-10-04,2021-10-29,31.905000686645508,33.91999816894531,31.889999389648438,33.45500183105469,28.787912368774414,476256800,15657175322.359467,-73140744.61669922,-4081800,72.12460323798355,20,公用事业,防御高股息,美股,USD,,
XLU,2021-11,2021-11-01,2021-11-30,33.44499969482422,34.09000015258789,32.85499954223633,32.8849983215332,28.297422409057617,445277800,14909508676.119995,1227189077.659607,29660400,48.372436585970654,21,公用事业,防御高股息,美股,USD,-1.7038052410108806,-4.77523327705065
XLU,2021-12,2021-12-01,2021-12-31,33.10499954223633,35.915000915527344,32.92499923706055,35.790000915527344,31.039241790771484,626569600,21679826753.087616,7410484524.481964,245411600,69.99886627236567,22,公用事业,防御高股息,美股,USD,9.689290219013902,45.409397613560444
XLU,2022-01,2022-01-03,2022-01-31,35.775001525878906,35.78499984741211,33.095001220703125,34.625,30.02887725830078,804398200,27737113308.64029,-6337121225.496674,62069000,41.92521167623254,20,公用事业,防御高股息,美股,USD,-3.2551198875325094,27.93973690167981
XLU,2022-02,2022-02-01,2022-02-28,34.529998779296875,34.72999954223633,32.13999938964844,33.96500015258789,29.456493377685547,712687400,23976165761.670685,-115330223.57406616,56914000,35.96334289446982,19,公用事业,防御高股息,美股,USD,-1.9061114929197487,-13.559260854293898
XLU,2022-03,2022-03-01,2022-03-31,33.89500045776367,37.56999969482422,33.415000915527344,37.22999954223633,32.50383758544922,845912800,30116034398.38562,6473073965.036011,233948000,61.38511390988139,23,公用事业,防御高股息,美股,USD,10.345237529434371,25.608217334442983
XLU,2022-04,2022-04-01,2022-04-29,37.20000076293945,38.6150016784668,35.57500076293945,35.630001068115234,31.106952667236328,827994400,31053369825.553894,-4440276892.640686,106670400,23.61238347126232,20,公用事业,防御高股息,美股,USD,-4.297599981973288,3.1124131908234265
XLU,2022-05,2022-05-02,2022-05-31,35.79999923706055,37.685001373291016,34.81999969482422,37.165000915527344,32.44709014892578,867146400,31187298816.448975,1105654901.2710571,133127200,75.42845646442503,21,公用事业,防御高股息,美股,USD,4.308160609705003,0.4312864969162611
XLU,2022-06,2022-06-01,2022-06-30,37.29999923706055,37.630001068115234,32.165000915527344,35.064998626708984,30.858657836914062,686249400,23678801407.904053,223630227.1331787,137431400,51.66734499292878,21,公用事业,防御高股息,美股,USD,-4.895453813334649,-24.075497697751082
XLU,2022-07,2022-07-01,2022-07-29,35.244998931884766,37.130001068115234,33.92499923706055,36.974998474121094,32.53955841064453,471102400,16539177460.722351,3384336300.009918,229159200,59.41160637743257,20,公用事业,防御高股息,美股,USD,5.447095536733704,-30.15196514464822
XLU,2022-08,2022-08-01,2022-08-31,36.86000061035156,39.025001525878906,36.310001373291016,37.16999816894531,32.71114730834961,429009800,16234850386.360931,957272071.8193054,253982200,36.495571194524885,23,公用事业,防御高股息,美股,USD,0.5273239898945459,-1.8400375416742665
XLU,2022-09,2022-09-01,2022-09-30,37.025001525878906,39.11000061035156,32.685001373291016,32.755001068115234,29.021007537841797,661682000,24099773480.991364,-7163290636.193085,44450200,14.374001032424346,21,公用事业,防御高股息,美股,USD,-11.28098545649573,48.444690942380575
XLU,2022-10,2022-10-03,2022-10-31,33.290000915527344,34.459999084472656,30.174999237060547,33.38999938964844,29.583616256713867,719897000,23247104069.908524,913880490.8649445,66424800,72.77937045750187,21,公用事业,防御高股息,美股,USD,1.9386257287534292,-3.538080603767424
XLU,2022-11,2022-11-01,2022-11-30,33.59000015258789,35.790000915527344,32.3849983215332,35.71500015258789,31.64357566833496,515006600,17524738638.62915,3477096898.086548,164063800,65.16931439665944,21,公用事业,防御高股息,美股,USD,6.963176488451084,-24.615390433454067
XLU,2022-12,2022-12-01,2022-12-30,36.064998626708984,36.89500045776367,34.51499938964844,35.25,31.487123489379883,444847600,15813964716.748047,-4158573742.893982,45789400,37.53820761150533,21,公用事业,防御高股息,美股,USD,-0.4944200383512176,-9.762050990649907
XLU,2023-01,2023-01-03,2023-01-31,35.349998474121094,36.1349983215332,33.91999816894531,34.54499816894531,30.85738182067871,438106400,15356154176.113129,796053237.4702454,67389800,31.059186442638804,20,公用事业,防御高股息,美股,USD,-1.9999974558284839,-2.89497636320174
XLU,2023-02,2023-02-01,2023-02-28,34.380001068115234,35.064998626708984,32.5,32.5,29.030677795410156,440768000,14874675712.550354,-1856416932.0663452,7715000,33.40174905895795,19,公用事业,防御高股息,美股,USD,-5.9198283116956185,-3.135410455253995
XLU,2023-03,2023-03-01,2023-03-31,32.33000183105469,34.005001068115234,31.690000534057617,33.845001220703125,30.45493507385254,788694200,25956640948.2769,6187127294.887161,187796000,57.769546321226215,23,公用事业,防御高股息,美股,USD,4.906042113379661,74.50223083772008
XLU,2023-04,2023-04-03,2023-04-28,33.720001220703125,35.13999938964844,33.42499923706055,34.4900016784668,31.035327911376953,423981800,14660670314.535522,1402584232.5622559,227097000,66.63185552450133,19,公用事业,防御高股息,美股,USD,1.9057431451322326,-43.5186149712151
XLU,2023-05,2023-05-01,2023-05-31,34.40999984741211,34.8849983215332,31.96500015258789,32.46500015258789,29.21316146850586,574758000,19238262705.872345,-6525506466.359711,28590800,28.653204640572454,22,公用事业,防御高股息,美股,USD,-5.871265314400375,31.22362274798789
XLU,2023-06,2023-06-01,2023-06-30,32.525001525878906,33.91999816894531,31.985000610351562,32.720001220703125,29.6794376373291,574121800,18889437831.298065,548708410.648346,43100000,48.79520966444133,21,公用事业,防御高股息,美股,USD,1.5961167685528466,-1.8131828216890078
XLU,2023-07,2023-07-03,2023-07-31,32.650001525878906,34.58000183105469,32.29499816894531,33.53499984741211,30.418701171875,530476600,17717679034.433746,713487207.4142456,61795600,56.81831136298495,20,公用事业,防御高股息,美股,USD,2.4908272979407675,-6.2032486478915905
XLU,2023-08,2023-08-01,2023-08-31,33.494998931884766,33.66999816894531,31.295000076293945,31.479999542236328,28.554668426513672,614996400,19672298821.200943,-3712356979.175186,-54196200,56.198464074142684,23,公用事业,防御高股息,美股,USD,-6.127916950920986,11.032030679461213
XLU,2023-09,2023-09-01,2023-09-29,31.645000457763672,32.80500030517578,29.30500030517578,29.46500015258789,26.94348907470703,671395400,20865382794.592667,-3630958152.021408,-175343200,24.16311406485171,20,公用事业,防御高股息,美股,USD,-5.642437613846085,6.064791838694172
XLU,2023-10,2023-10-02,2023-10-31,29.295000076293945,30.19499969482422,27.385000228881836,29.844999313354492,27.290971755981445,1130057800,32846764832.601166,2467366671.8818665,-98603000,53.73178613779644,22,公用事业,防御高股息,美股,USD,1.2896721739004802,57.422296805949394
XLU,2023-11,2023-11-01,2023-11-30,29.885000228881836,31.725000381469727,29.594999313354492,31.3799991607666,28.694610595703125,715748000,22051716669.60182,3898239060.6449127,24422600,58.088325095357064,21,公用事业,防御高股息,美股,USD,5.143235104532473,-32.86487487585082
XLU,2023-12,2023-12-01,2023-12-29,31.395000457763672,33.349998474121094,30.985000610351562,31.665000915527344,29.227991104125977,591480000,18825935913.386154,-3402209440.8107758,-82934200,55.715495427472355,20,公用事业,防御高股息,美股,USD,1.8588177269174055,-14.628252324057788
XLU,2024-01,2024-01-02,2024-01-31,31.530000686645508,32.5099983215332,29.93000030517578,30.725000381469727,28.360336303710938,735406400,22867828394.073868,-4827489950.587845,-242117000,38.32335283472539,21,公用事业,防御高股息,美股,USD,-2.968574875105101,21.469808987364768
XLU,2024-02,2024-02-01,2024-02-29,30.594999313354492,31.309999465942383,29.56999969482422,31.049999237060547,28.66032600402832,653515600,19974360130.962753,2417729751.2477875,-166599400,75.51149937664536,20,公用事业,防御高股息,美股,USD,1.0577790654694441,-12.653008467830507
XLU,2024-03,2024-03-01,2024-03-28,30.954999923706055,32.880001068115234,30.479999542236328,32.82500076293945,30.549039840698242,606286800,19263406365.325928,3483638246.873474,-61261800,65.4014631625378,20,公用事业,防御高股息,美股,USD,6.589994253395637,-3.5593318683323383
XLU,2024-04,2024-04-01,2024-04-30,32.83000183105469,33.630001068115234,31.274999618530273,33.369998931884766,31.056249618530273,625969600,20432629752.69699,1072307584.6931458,-33227800,61.41852195394899,22,公用事业,防御高股息,美股,USD,1.6603133207359067,6.069660605175531
XLU,2024-05,2024-05-01,2024-05-31,33.3650016784668,36.45500183105469,33.23500061035156,36.36000061035156,33.83893585205078,572313600,20237590472.546387,7057486376.626587,169840200,55.375127425415464,22,公用事业,防御高股息,美股,USD,8.960148980320426,-0.9545481052181226
XLU,2024-06,2024-06-03,2024-06-28,36.29999923706055,36.334999084472656,33.90999984741211,34.06999969482422,31.963363647460938,412620000,14459008122.538757,-5805784064.4088745,5107000,28.524883520015322,19,公用事业,防御高股息,美股,USD,-5.542645350285669,-28.553707309408473
XLU,2024-07,2024-07-01,2024-07-31,34.42499923706055,36.474998474121094,33.79999923706055,36.39500045776367,34.14460754394531,402682800,14122545005.801392,7194952601.538086,208829000,63.9194671762255,22,公用事业,防御高股息,美股,USD,6.824200107793232,-2.327013816479473
XLU,2024-08,2024-08-01,2024-08-30,36.46500015258789,38.20000076293945,36.09000015258789,38.14500045776367,35.78640365600586,437533800,16228976678.414917,6719909983.309937,389124000,71.55935642327957,22,公用事业,防御高股息,美股,USD,4.808361349438561,14.915382969204384
XLU,2024-09,2024-09-03,2024-09-30,38.154998779296875,40.415000915527344,37.900001525878906,40.38999938964844,38.14936065673828,482185200,18922072350.68512,1481301789.8330688,424884800,51.76687741683657,20,公用事业,防御高股息,美股,USD,6.602946257037079,16.594365286457702
XLU,2024-10,2024-10-01,2024-10-31,40.345001220703125,41.25,39.025001525878906,39.95500183105469,37.73849105834961,505495400,20327055526.08719,-2104111349.3934631,370583000,59.87962074852577,23,公用事业,防御高股息,美股,USD,-1.0770025796385196,7.425102015061258
XLU,2024-11,2024-11-01,2024-11-29,39.95000076293945,41.70500183105469,38.38999938964844,41.46500015258789,39.164730072021484,414270200,16442219288.167572,3185496325.2471924,446977000,68.0881317768084,20,公用事业,防御高股息,美股,USD,3.7792687881099685,-19.111652609665597
XLU,2024-12,2024-12-02,2024-12-31,41.459999084472656,41.474998474121094,37.349998474121094,37.845001220703125,36.041690826416016,375521600,14560456247.151947,-7689253610.02121,250074600,19.36586973555235,21,公用事业,防御高股息,美股,USD,-7.974111502523817,-11.444702251172457
XLU,2025-01,2025-01-02,2025-01-31,38.119998931884766,40.220001220703125,36.95500183105469,38.939998626708984,37.084510803222656,471558400,18200551864.38675,-615039429.3266296,230158200,50.44932043835845,20,公用事业,防御高股息,美股,USD,2.893371406544354,24.999873324345945
XLU,2025-02,2025-02-03,2025-02-28,38.42499923706055,40.26499938964844,38.3650016784668,39.61000061035156,37.72258377075195,319180800,12619492276.989746,336252136.2426758,237764200,58.65929818019367,19,公用事业,防御高股息,美股,USD,1.7205915723549126,-30.664232760532574
XLU,2025-03,2025-03-03,2025-03-31,39.56999969482422,39.875,37.83000183105469,39.42499923706055,37.812896728515625,426512800,16626371355.030823,818654504.7348022,256309400,63.93050021800201,21,公用事业,防御高股息,美股,USD,0.23941349911904553,31.751507826881276
XLU,2025-04,2025-04-01,2025-04-30,39.400001525878906,40.10499954223633,35.5099983215332,39.45000076293945,37.83686828613281,606396600,23144857575.83008,-3068053676.7944336,167833600,69.52300055331887,21,公用事业,防御高股息,美股,USD,0.06339518971343328,39.20570569252253
XLU,2025-05,2025-05-01,2025-05-30,39.69499969482422,41.525001525878906,39.05500030517578,40.959999084472656,39.285125732421875,440597800,17771428474.160767,2878834581.463623,236298200,52.65449978296084,21,公用事业,防御高股息,美股,USD,3.8276356154450797,-23.216514009922985
XLU,2025-06,2025-06-02,2025-06-30,40.78499984741211,41.584999084472656,39.88999938964844,40.83000183105469,39.432342529296875,498420000,20226454768.619537,5134036090.7341,361232600,54.010345619325655,20,公用事业,防御高股息,美股,USD,0.37473927887548,13.814456716455403
XLU,2025-07,2025-07-01,2025-07-31,40.814998626708984,43.0099983215332,40.17499923706055,42.834999084472656,41.36870574951172,574254600,23856044437.241364,7356373513.794708,536451600,72.95384461123413,22,公用事业,防御高股息,美股,USD,4.910596469829787,17.94476446882316
XLU,2025-08,2025-08-01,2025-08-29,42.78499984741211,43.834999084472656,42.095001220703125,42.15999984741211,40.71681213378906,436026600,18717147467.832947,274543217.32177734,541210600,43.68402916874688,21,公用事业,防御高股息,美股,USD,-1.5758134171996674,-21.54127849202926
XLU,2025-09,2025-09-02,2025-09-30,42.0,43.775001525878906,41.150001525878906,43.60499954223633,42.395816802978516,456289600,19342834729.71649,6262293246.395874,685292600,69.87101956019544,21,公用事业,防御高股息,美股,USD,4.123615237048783,3.342855864970029
XLU,2025-10,2025-10-01,2025-10-31,43.689998626708984,46.8849983215332,43.619998931884766,44.54999923706055,43.31460952758789,503588400,22760751830.173492,-2847394354.828644,622195000,29.085579971086474,23,公用事业,防御高股息,美股,USD,2.167177787561392,17.670197508362296
XLU,2025-11,2025-11-03,2025-11-28,44.51499938964844,45.349998474121094,43.7599983215332,45.314998626708984,44.05839538574219,391603000,17432126127.19803,1687431914.0083313,658917600,58.42482197783895,19,公用事业,防御高股息,美股,USD,1.7171708720600698,-23.411466118229917
XLU,2025-12,2025-12-01,2025-12-31,45.060001373291016,45.060001373291016,42.029998779296875,42.689998626708984,41.817142486572266,383889100,16540186718.121338,-5620637861.371613,529258500,59.11519430019731,22,公用事业,防御高股息,美股,USD,-5.087005279123757,-5.116641553465273
XLU,2026-01,2026-01-02,2026-01-30,42.88999938964844,43.81999969482422,41.7400016784668,43.25,42.36569595336914,494873600,21241074530.939484,1674972781.2789917,567750000,47.872847054867066,20,公用事业,防御高股息,美股,USD,1.3117908928689248,28.421008135705495
XLU,2026-02,2026-02-02,2026-02-27,43.29999923706055,47.79999923706055,42.54999923706055,47.72999954223633,46.754093170166016,598310500,27088466325.61226,12729219276.259232,846688500,87.93029873286378,19,公用事业,防御高股息,美股,USD,10.358373958088807,27.528700519154704
XLU,2026-03,2026-03-02,2026-03-31,47.40999984741211,47.7400016784668,44.43000030517578,45.88999938964844,45.2659912109375,645959100,29897892371.803284,-3816199873.0171204,766881600,49.80010427908507,22,公用事业,防御高股息,美股,USD,-3.1828271244881745,10.371299771721286
XLU,2026-04,2026-04-01,2026-04-30,45.779998779296875,47.709999084472656,44.709999084472656,46.849998474121094,46.21293640136719,410944900,18984865569.7937,4630103759.887695,864641500,40.29349698085891,21,公用事业,防御高股息,美股,USD,2.0919572621683313,-36.50099032499583
XLU,2026-05,2026-05-01,2026-05-29,46.84000015258789,47.29999923706055,43.529998779296875,44.41999816894531,43.81597900390625,415996200,18716871499.199295,-2263234707.9906464,815739100,53.101748494953874,20,公用事业,防御高股息,美股,USD,-5.18676713516526,-1.411619532459607
XLU,2026-06,2026-06-01,2026-06-30,43.900001525878906,46.310001373291016,43.06999969482422,45.34000015258789,45.00905227661133,448712800,19990543312.182236,6273096193.626785,954647900,71.74970860483455,21,公用事业,防御高股息,美股,USD,2.7229182134643537,6.804939666532572
XLU,2026-07,2026-07-01,2026-07-31,45.2400016784668,46.630001068115234,44.310001373291016,44.349998474121094,44.026275634765625,408887000,18530084092.585373,-5991864853.985214,819483500,34.57264195278982,22,公用事业,防御高股息,美股,USD,-2.183508854631888,-7.305750508075781
XLU,2026-08,2026-08-03,2026-08-31,44.2400016784668,44.65999984741211,41.86000061035156,42.22999954223633,41.9217529296875,425090600,18504091254.520035,-3705910345.346451,732194100,37.986855049391316,21,公用事业,防御高股息,美股,USD,-4.780151567979274,-0.14027371886422557
XLU,2026-09,2026-09-01,2026-09-30,42.29999923706055,43.709999084472656,39.029998779296875,39.439998626708984,39.439998626708984,550870300,22607749643.26477,-3130839661.5005493,649486600,31.75171374163206,21,公用事业,防御高股息,美股,USD,-5.919967867615162,22.17703281020258
XLU,2026-10,2026-10-01,2026-10-02,39.439998626708984,40.20500183105469,39.099998474121094,39.76499938964844,39.76499938964844,113239141,4497739049.923691,4497739049.923691,762725741,37.980598426994334,2,公用事业,防御高股息,美股,USD,0.8240384742796536,-80.10532175517238
XLV,2021-10,2021-10-04,2021-10-29,126.80999755859375,133.99000549316406,124.5,133.82000732421875,123.36751556396484,250247800,32122389189.47525,9553769936.829376,72192900,68.90603812824013,20,医疗健康,防御成长,美股,USD,,
XLV,2021-11,2021-11-01,2021-11-30,133.94000244140625,135.33999633789062,129.5399932861328,129.72999572753906,119.59696960449219,240427500,32002027027.31476,-1570968037.6052856,59355000,53.034751655116565,21,医疗健康,防御成长,美股,USD,-3.056352348700464,-0.37469866095740656
XLV,2021-12,2021-12-01,2021-12-31,130.35000610351562,141.97999572753906,128.83999633789062,140.88999938964844,130.38446044921875,278787200,37731492532.484436,14698334610.365295,168240600,64.06183167909191,22,医疗健康,防御成长,美股,USD,9.019869717770312,17.9034456169898
XLV,2022-01,2022-01-03,2022-01-31,140.2899932861328,140.5500030517578,124.91999816894531,131.22999572753906,121.4447250366211,353636200,46712623993.959045,-23969872310.435486,-13009600,37.59573334656487,20,医疗健康,防御成长,美股,USD,-6.856442387227157,23.802746349730054
XLV,2022-02,2022-02-01,2022-02-28,131.6999969482422,134.4600067138672,124.05999755859375,129.9600067138672,120.26946258544922,254130400,33112236224.623108,-4787369442.649841,-50872000,25.483007137826505,19,医疗健康,防御成长,美股,USD,-0.9677344576452196,-29.11501561354113
XLV,2022-03,2022-03-01,2022-03-31,129.27999877929688,138.9499969482422,127.47000122070312,136.99000549316406,127.17070007324219,280369300,37295309251.27258,8526856088.586426,10556900,77.67693611619339,23,医疗健康,防御成长,美股,USD,5.738146109108766,12.63301275779989
XLV,2022-04,2022-04-01,2022-04-29,137.3699951171875,143.4199981689453,130.08999633789062,130.2899932861328,120.95095825195312,320912000,44005163049.54071,2926556812.2268677,28021700,25.19951377239545,20,医疗健康,防御成长,美股,USD,-4.890860723190871,17.991146696388306
XLV,2022-05,2022-05-02,2022-05-31,130.17999267578125,134.0500030517578,125.27999877929688,132.22999572753906,122.75186920166016,292279000,37858441816.752625,4587671341.590881,62235700,63.73136223018476,21,医疗健康,防御成长,美股,USD,1.4889596376372216,-13.968181928716294
XLV,2022-06,2022-06-01,2022-06-30,132.7100067138672,132.72999572753906,118.75,128.24000549316406,119.55047607421875,198570500,25027018398.532104,-1190970202.1697998,50693000,50.45330244353556,21,医疗健康,防御成长,美股,USD,-2.608019860114774,-33.89316306341622
XLV,2022-07,2022-07-01,2022-07-29,128.2899932861328,133.80999755859375,125.2300033569336,132.39999389648438,123.42858123779297,164183900,21330525808.67462,1987387584.6694946,64897300,57.61526962349036,20,医疗健康,防御成长,美股,USD,3.243906081282888,-14.770007881059822
XLV,2022-08,2022-08-01,2022-08-31,131.66000366210938,134.47000122070312,124.73999786376953,124.76000213623047,116.3062744140625,166195400,21734678813.74588,-7460715675.241852,6584500,26.719224794955167,23,医疗健康,防御成长,美股,USD,-5.770387014340617,1.8947165611215233
XLV,2022-09,2022-09-01,2022-09-30,124.55999755859375,132.0500030517578,120.69999694824219,121.11000061035156,113.3536376953125,224776700,28122965464.795685,-3061412507.6393127,-20709000,15.8420653001873,21,医疗健康,防御成长,美股,USD,-2.5386736301416635,29.39213735704986
XLV,2022-10,2022-10-03,2022-10-31,121.98999786376953,133.27000427246094,119.94999694824219,132.75,124.24817657470703,191617800,24149592294.73419,4701886245.52002,15302200,74.76786775522675,21,医疗健康,防御成长,美股,USD,9.611106534294356,-14.12857109622867
XLV,2022-11,2022-11-01,2022-11-30,132.91000366210938,139.11000061035156,128.6999969482422,139.02000427246094,130.11663818359375,161558400,21585246629.278564,3326005768.4387207,39125800,65.70211160662598,21,医疗健康,防御成长,美股,USD,4.7231772494932045,-10.618587817794268
XLV,2022-12,2022-12-01,2022-12-30,139.82000732421875,141.77000427246094,133.7100067138672,135.85000610351562,127.67339324951172,156013300,21472094294.778442,629495166.4215088,42216700,35.072053073139756,21,医疗健康,防御成长,美股,USD,-1.8777344451788136,-0.5242114507352458
XLV,2023-01,2023-01-03,2023-01-31,135.9600067138672,136.57000732421875,131.4600067138672,133.36000061035156,125.333251953125,144399600,19368672793.989563,1925863886.491394,56193500,40.300019136821476,20,医疗健康,防御成长,美股,USD,-1.8329122746924997,-9.796070527225599
XLV,2023-02,2023-02-01,2023-02-28,133.36000061035156,134.80999755859375,127.05999755859375,127.16999816894531,119.51583099365234,158542300,20826497115.09247,-6878564513.68866,2945600,35.425849191909435,19,医疗健康,防御成长,美股,USD,-4.6415622899886095,7.5267125249557365
XLV,2023-03,2023-03-01,2023-03-31,126.55999755859375,129.6999969482422,123.5999984741211,129.4600067138672,122.14257049560547,267704300,33911495836.120605,50513734.855651855,1987500,60.284859618124656,23,医疗健康,防御成长,美股,USD,2.1978172097490978,62.82861034535543
XLV,2023-04,2023-04-03,2023-04-28,129.55999755859375,135.80999755859375,129.1999969482422,133.52999877929688,125.98250579833984,157242000,20972307708.818054,6672117061.2838745,52048700,52.49065169067471,19,医疗健康,防御成长,美股,USD,3.143814058565697,-38.155757533763705
XLV,2023-05,2023-05-01,2023-05-31,133.72000122070312,134.89999389648438,126.05000305175781,127.83000183105469,120.60469818115234,210199200,27515943560.16159,-8165889922.289276,-10659100,36.44450173710418,22,医疗健康,防御成长,美股,USD,-4.268693961204228,31.201315287741018
XLV,2023-06,2023-06-01,2023-06-30,127.94999694824219,133.25,126.95999908447266,132.72999572753906,125.74321746826172,187942200,24612972036.538696,2863983557.1136475,11042900,55.988599841763126,21,医疗健康,防御成长,美股,USD,4.260629448606679,-10.55014347327672
XLV,2023-07,2023-07-03,2023-07-31,132.35000610351562,136.85000610351562,128.92999267578125,134.14999389648438,127.0884780883789,183580100,24374179727.285767,-1261772658.4594727,1564000,55.80931399270004,20,医疗健康,防御成长,美股,USD,1.0698474615195463,-0.9701888455341146
XLV,2023-08,2023-08-01,2023-08-31,133.83999633789062,136.52999877929688,132.07000732421875,133.2100067138672,126.19796752929688,217448100,29137824908.984375,-2100937383.7493896,-14555700,47.091014493251464,23,医疗健康,防御成长,美股,USD,-0.7007012535493296,19.543817412513498
XLV,2023-09,2023-09-01,2023-09-29,134.24000549316406,134.24000549316406,128.14999389648438,128.74000549316406,122.46353149414062,172104900,22604696450.260925,-3010048138.8290405,-38262500,31.79256191607091,20,医疗健康,防御成长,美股,USD,-2.9591887320128962,-22.42146927277685
XLV,2023-10,2023-10-02,2023-10-31,128.3300018310547,131.9199981689453,122.58999633789062,124.54000091552734,118.46827697753906,254602500,32569216046.074677,-5141683886.846161,-78834000,29.8208820923727,22,医疗健康,防御成长,美股,USD,-3.2624034827810955,44.081634176064036
XLV,2023-11,2023-11-01,2023-11-30,124.38999938964844,131.38999938964844,124.16999816894531,131.30999755859375,124.90821075439453,191855600,24560759175.88272,12397798633.000946,18053200,64.06772597713305,21,医疗健康,防御成长,美股,USD,5.435998514671092,-24.589037878168874
XLV,2023-12,2023-12-01,2023-12-29,131.1300048828125,136.6999969482422,131.02999877929688,136.3800048828125,130.31190490722656,135862200,18182586496.42334,6272473871.563721,64682800,71.29068426729486,20,医疗健康,防御成长,美股,USD,4.326132061452115,-25.968955738641775
XLV,2024-01,2024-01-02,2024-01-31,136.0399932861328,141.75,135.97000122070312,140.3800048828125,134.13392639160156,179721900,25101455787.78076,-3903478303.390503,36581300,40.732065767535566,21,医疗健康,防御成长,美股,USD,2.9329795210161436,38.05217312024567
XLV,2024-02,2024-02-01,2024-02-29,140.5500030517578,148.27000427246094,139.8699951171875,144.82000732421875,138.37635803222656,172919000,25017710997.644043,2715093913.757324,55227300,44.579679837652606,20,医疗健康,防御成长,美股,USD,3.1628326663899253,-0.33362523211695194
XLV,2024-03,2024-03-01,2024-03-28,145.14999389648438,148.22999572753906,144.50999450683594,147.72999572753906,141.66661071777344,157787500,23050038219.415283,-3017337588.381958,34128200,42.546255685648646,20,医疗健康,防御成长,美股,USD,2.3777563829079806,-7.865119148646571
XLV,2024-04,2024-04-01,2024-04-30,147.63999938964844,147.72999572753906,138.2100067138672,140.3300018310547,134.5703125,206142700,29068754187.109375,-9651273496.081543,-34023300,42.64170439698358,22,医疗健康,防御成长,美股,USD,-5.009153661416099,26.11152272461077
XLV,2024-05,2024-05-01,2024-05-31,139.7100067138672,146.9499969482422,139.5500030517578,143.6999969482422,137.80198669433594,147835000,21190069933.502197,5670233285.379028,5436500,58.80048621505553,22,医疗健康,防御成长,美股,USD,2.401476324383167,-27.10361855514607
XLV,2024-06,2024-06-03,2024-06-28,143.60000610351562,147.61000061035156,143.35000610351562,145.75,140.3155059814453,112322100,16405094746.202087,2640734751.0910034,23501200,55.298852270309354,19,医疗健康,防御成长,美股,USD,1.824008018610579,-22.581214702528698
XLV,2024-07,2024-07-01,2024-07-31,146.0399932861328,151.52999877929688,142.72999572753906,149.6300048828125,144.0508575439453,156435900,23117772850.245667,3732625120.527649,47867100,62.32673383166453,22,医疗健康,防御成长,美股,USD,2.662108892650794,40.91825257880708
XLV,2024-08,2024-08-01,2024-08-30,150.39999389648438,157.27999877929688,145.5399932861328,157.1999969482422,151.338623046875,162560200,24569633767.933655,8419792418.882751,101866100,100.0,22,医疗健康,防御成长,美股,USD,5.059161484482266,6.280280228951907
XLV,2024-09,2024-09-03,2024-09-30,156.8800048828125,159.63999938964844,152.22999572753906,154.02000427246094,148.83018493652344,131964400,20456549514.179993,-5694156291.81366,64979700,40.19459951092422,20,医疗健康,防御成长,美股,USD,-1.65750028634436,-16.740519181534296
XLV,2024-10,2024-10-01,2024-10-31,154.13999938964844,155.00999450683594,145.6199951171875,146.8699951171875,141.92111206054688,149223900,22601417882.388306,-6536247532.904053,20932000,17.109016121245162,23,医疗健康,防御成长,美股,USD,-4.6422524294539524,10.484995852900525
XLV,2024-11,2024-11-01,2024-11-29,147.44000244140625,150.9499969482422,140.25999450683594,147.41000366210938,142.44293212890625,148038900,21578595684.81598,6096340428.752136,62071100,45.36852015157993,20,医疗健康,防御成长,美股,USD,0.3676831873588693,-4.525478016002438
XLV,2024-12,2024-12-02,2024-12-31,147.32000732421875,147.5800018310547,135.9499969482422,137.57000732421875,133.53636169433594,159103800,22369143780.07202,-10968765049.591064,-15244700,30.210319017879627,21,医疗健康,防御成长,美股,USD,-6.252728936041663,3.663575270620223
XLV,2025-01,2025-01-02,2025-01-31,138.25999450683594,148.58999633789062,137.1199951171875,146.8699951171875,142.5636749267578,182676700,25989346883.90503,7822780260.256958,40358400,79.48305539297127,20,医疗健康,防御成长,美股,USD,6.760191095430135,16.183914500375884
XLV,2025-02,2025-02-03,2025-02-28,145.97999572753906,149.16000366210938,143.83999633789062,148.92999267578125,144.56326293945312,166114000,24413724079.052734,-3750094266.3848877,14028400,50.70444601148287,19,医疗健康,防御成长,美股,USD,1.402592921178969,-6.062571760231739
XLV,2025-03,2025-03-03,2025-03-31,149.02000427246094,150.32000732421875,143.41000366210938,146.00999450683594,142.2772216796875,164141800,24093788450.660706,-830890863.9541626,7759400,48.4028428844055,21,医疗健康,防御成长,美股,USD,-1.5813431526674138,-1.3104744993269524
XLV,2025-04,2025-04-01,2025-04-30,145.47999572753906,145.47999572753906,129.66000366210938,140.47000122070312,136.8788604736328,259364700,35534022257.00226,-4019902283.4609985,-23884700,56.78376564081706,21,医疗健康,防御成长,美股,USD,-3.7942554277649365,47.482087882397074
XLV,2025-05,2025-05-01,2025-05-30,138.80999755859375,139.11000061035156,127.3499984741211,132.63999938964844,129.24903869628906,253567100,33698569578.079224,-1344362079.8919678,-35421000,45.270002188097045,21,医疗健康,防御成长,美股,USD,-5.574141800233279,-5.165338912797424
XLV,2025-06,2025-06-02,2025-06-30,132.3000030517578,137.3300018310547,130.97999572753906,134.7899932861328,131.97108459472656,248096800,33272123309.01947,1416911839.6987915,-25347600,50.8519979705711,20,医疗健康,防御成长,美股,USD,2.106047306729919,-1.2654729099752515
XLV,2025-07,2025-07-01,2025-07-31,134.5800018310547,137.75999450683594,129.97999572753906,130.42999267578125,127.7022705078125,319137300,42868751480.45502,-5849474402.125549,-71298900,40.64689907284047,22,医疗健康,防御成长,美股,USD,-3.234658637551757,28.842848658336372
XLV,2025-08,2025-08-01,2025-08-29,130.6999969482422,139.02000427246094,127.95999908447266,137.42999267578125,134.55587768554688,290151500,38821293346.136475,10251651778.00293,4766200,79.80927569791345,21,医疗健康,防御成长,美股,USD,5.3668639958246445,-9.441511577877149
XLV,2025-09,2025-09-02,2025-09-30,136.88999938964844,140.0,133.72999572753906,139.1699981689453,136.8826446533203,259021400,35583850648.09265,4570404591.555786,37160400,52.97812138361083,21,医疗健康,防御成长,美股,USD,1.7292198659734748,-8.33934786556001
XLV,2025-10,2025-10-01,2025-10-31,139.8000030517578,146.75999450683594,139.60000610351562,144.25,141.87916564941406,248859500,35845947676.37482,5059826448.887634,71656700,57.03522973876428,23,医疗健康,防御成长,美股,USD,3.650222428671168,0.7365617365983734
XLV,2025-11,2025-11-03,2025-11-28,144.07000732421875,158.9499969482422,142.8300018310547,157.64999389648438,155.05889892578125,314977700,47754056051.023865,11511153176.62201,149869000,73.01784985897592,19,医疗健康,防御成长,美股,USD,9.289407092324286,33.22023588874843
XLV,2025-12,2025-12-01,2025-12-31,157.0399932861328,157.86000061035156,149.85000610351562,154.8000030517578,152.9041290283203,225372600,34722643215.33203,-2960121093.057251,130209000,68.63241320500569,22,医疗健康,防御成长,美股,USD,-1.389646071517836,-27.288598944910845
XLV,2026-01,2026-01-02,2026-01-30,154.8699951171875,160.58999633789062,152.97000122070312,154.74000549316406,152.84486389160156,260991300,40914234148.83728,-4656509638.290405,99225700,35.14438750462949,20,医疗健康,防御成长,美股,USD,-0.038759670582722006,17.831565687865925
XLV,2026-02,2026-02-02,2026-02-27,154.5800018310547,160.24000549316406,153.85000610351562,160.1999969482422,158.23797607421875,282767800,44328949918.27698,-6805741296.200562,54756500,48.55540819947783,19,医疗健康,防御成长,美股,USD,3.528487673908365,8.34603369824225
XLV,2026-03,2026-03-02,2026-03-31,159.19000244140625,159.83999633789062,143.07000732421875,146.61000061035156,145.4097442626953,365301200,54710916699.13483,-19952675738.06305,-76628900,21.97731188999323,22,医疗健康,防御成长,美股,USD,-8.106923590520765,23.420285840286347
XLV,2026-04,2026-04-01,2026-04-30,147.22000122070312,150.22000122070312,141.97000122070312,145.99000549316406,144.79483032226562,182879900,26806393186.528015,-1173265583.6624146,-85401600,24.746548114500072,21,医疗健康,防御成长,美股,USD,-0.4228835856548874,-51.00357514764157
XLV,2026-05,2026-05-01,2026-05-29,146.2899932861328,151.35000610351562,142.6699981689453,149.47000122070312,148.246337890625,194295500,28487504376.174927,1094991929.4952393,-78903300,66.96717554245234,20,医疗健康,防御成长,美股,USD,2.383722927591725,6.271306915291319
XLV,2026-06,2026-06-01,2026-06-30,148.52000427246094,161.25,145.30999755859375,158.66000366210938,158.0550994873047,246114500,37686235767.066956,7669186657.579041,-30839400,58.963679350007,21,医疗健康,防御成长,美股,USD,6.616528769780827,32.29040799581322
XLV,2026-07,2026-07-01,2026-07-31,159.61000061035156,168.52999877929688,157.22999572753906,162.5500030517578,161.93026733398438,219231800,35549460413.08441,-2150297020.7946777,-44785100,47.21887432969455,22,医疗健康,防御成长,美股,USD,2.4517828651209994,-5.669909213511359
XLV,2026-08,2026-08-03,2026-08-31,163.6300048828125,176.60000610351562,160.97000122070312,170.5399932861328,169.88980102539062,178759000,30187198445.187378,1209854815.85083,-38829500,49.59409111571238,21,医疗健康,防御成长,美股,USD,4.915408232476737,-15.083947563725575
XLV,2026-09,2026-09-01,2026-09-30,172.6199951171875,174.47999572753906,165.11000061035156,168.4199981689453,168.4199981689453,166662300,28174016568.93921,-1064812860.0280762,-46187200,51.946774775429176,21,医疗健康,防御成长,美股,USD,-0.8651507315766693,-6.668992089158654
XLV,2026-10,2026-10-01,2026-10-02,168.14999389648438,168.60000610351562,165.27000427246094,165.7100067138672,165.7100067138672,15349175,2548426347.3560333,-2548426347.3560333,-61536375,43.82774035403498,2,医疗健康,防御成长,美股,USD,-1.609067500618111,-90.95469280668495
XLY,2021-10,2021-10-04,2021-10-29,90.67500305175781,100.80500030517578,89.12000274658203,100.57499694824219,96.44969177246094,189893400,17942240227.241516,9363530119.267273,97741800,77.84672489929702,20,可选消费,消费弹性,美股,USD,,
XLY,2021-11,2021-11-01,2021-11-30,101.31500244140625,107.52999877929688,100.53500366210938,102.22000122070312,98.0272216796875,333616600,34498645200.3479,-3996857918.5577393,56859200,50.64259362223859,21,可选消费,消费弹性,美股,USD,1.6355987025320706,92.27613031269621
XLY,2021-12,2021-12-01,2021-12-31,103.375,104.375,94.94999694824219,102.22000122070312,98.17401885986328,350631800,35211728784.86633,513532728.5461426,57870200,42.273434999590485,22,可选消费,消费弹性,美股,USD,0.14975144420132924,2.0669901104152455
XLY,2022-01,2022-01-03,2022-01-31,104.1449966430664,105.90499877929688,85.73999786376953,92.4749984741211,88.81474304199219,476875800,44912740056.68793,-16371078573.939514,-115757600,34.855732988846555,20,可选消费,消费弹性,美股,USD,-9.533353046523263,27.550511169423174
XLY,2022-02,2022-02-01,2022-02-28,92.65499877929688,95.08499908447266,80.74500274658203,88.71499633789062,85.20355987548828,448093000,40415586218.722534,4501276417.84668,-67860200,38.65398613376045,19,可选消费,消费弹性,美股,USD,-4.065972655909745,-10.013091680198494
XLY,2022-03,2022-03-01,2022-03-31,88.58499908447266,96.09500122070312,80.8550033569336,92.5,88.97523498535156,568653200,49746182591.97693,6479615641.96167,3592200,69.87466514020844,23,可选消费,消费弹性,美股,USD,4.426663763081029,23.086628813841116
XLY,2022-04,2022-04-01,2022-04-29,93.00499725341797,94.7249984741211,81.27999877929688,81.44000244140625,78.33670043945312,392569400,34812639439.341736,-1642573806.0714722,-17351600,37.21440938438531,20,可选消费,消费弹性,美股,USD,-11.956736666837585,-30.019475615087053
XLY,2022-05,2022-05-02,2022-05-31,81.19000244140625,84.93000030517578,68.0,77.2699966430664,74.32559204101562,389680800,29684119546.88568,-1001190744.3893433,-32941600,44.68404267139779,21,可选消费,消费弹性,美股,USD,-5.120343818332895,-14.731775513293366
XLY,2022-06,2022-06-01,2022-06-30,77.68499755859375,78.8499984741211,66.5199966430664,68.73999786376953,66.27352905273438,282970400,20268257340.10315,-5808317796.121216,-115092400,49.95146507657298,21,可选消费,消费弹性,美股,USD,-10.833499965715475,-31.720200398432908
XLY,2022-07,2022-07-01,2022-07-29,68.8499984741211,81.73999786376953,68.51499938964844,81.41500091552734,78.4937515258789,205440400,15217694188.64746,4440104639.416504,-57670000,61.8775344028215,20,可选消费,消费弹性,美股,USD,18.43907008999144,-24.918586076280725
XLY,2022-08,2022-08-01,2022-08-31,81.43000030517578,87.37999725341797,77.73500061035156,77.75499725341797,74.96504211425781,193586800,15947038041.297913,155865422.24884033,-57864800,33.56968741351071,23,可选消费,消费弹性,美股,USD,-4.4955290618995285,4.792735637929613
XLY,2022-09,2022-09-01,2022-09-30,77.24500274658203,83.59500122070312,71.01499938964844,71.2249984741211,68.81311798095703,260874400,20159188847.001648,-3599471055.415344,-108561200,44.57597310847826,21,可选消费,消费弹性,美股,USD,-8.206390551911301,26.413374037207184
XLY,2022-10,2022-10-03,2022-10-31,71.16000366210938,74.50499725341797,66.7750015258789,72.01499938964844,69.57638549804688,265266200,18880720950.178528,1916437722.303772,-82521000,43.04045127176756,21,可选消费,消费弹性,美股,USD,1.109188973679509,-6.341861800720572
XLY,2022-11,2022-11-01,2022-11-30,73.23999786376953,73.4800033569336,65.94999694824219,73.08499908447266,70.61015319824219,213280600,14985979767.45758,-2650076544.694519,-122834800,56.90265299894102,21,可选消费,消费弹性,美股,USD,1.4858025360117821,-20.62813805149808
XLY,2022-12,2022-12-01,2022-12-30,73.3550033569336,73.66000366210938,63.0,64.58000183105469,62.56414794921875,199231400,13509061588.892365,-7719972247.541046,-235990600,26.690057717654867,21,可选消费,消费弹性,美股,USD,-11.394969256664545,-9.85533279427202
XLY,2023-01,2023-01-03,2023-01-31,64.96499633789062,74.51499938964844,63.415000915527344,74.3499984741211,72.02919006347656,180908600,12505518088.38501,4900499979.562378,-166779200,69.16743222897118,20,可选消费,消费弹性,美股,USD,15.128539945817332,-7.428669222535078
XLY,2023-02,2023-02-01,2023-02-28,74.15499877929688,79.01499938964844,71.33999633789062,72.7699966430664,70.49848937988281,190707800,14257334842.89093,-864032703.2272339,-180079400,32.36123593566283,19,可选消费,消费弹性,美股,USD,-2.1251116141175586,14.008350090932975
XLY,2023-03,2023-03-01,2023-03-31,72.51000213623047,74.81500244140625,67.8550033569336,74.7699966430664,72.6571273803711,299732200,21299776332.79419,-3029587188.925171,-224260400,49.56887309784682,23,可选消费,消费弹性,美股,USD,3.0619634824462727,49.3952170409661
XLY,2023-04,2023-04-03,2023-04-28,74.09500122070312,74.51000213623047,71.29499816894531,73.93000030517578,71.84085083007812,171079200,12533131047.969055,1071041815.0344849,-210148000,67.69285234304633,19,可选消费,消费弹性,美股,USD,-1.1234638358596727,-41.15839128004163
XLY,2023-05,2023-05-01,2023-05-31,73.75,77.07499694824219,72.0199966430664,75.80500030517578,73.66287231445312,187485400,13967484170.080566,-1013593069.241333,-224638200,40.30318863827221,22,可选消费,消费弹性,美股,USD,2.536191405478405,11.444491537044478
XLY,2023-06,2023-06-01,2023-06-30,75.73999786376953,85.17500305175781,75.21499633789062,84.90499877929688,82.67166900634766,213739000,17499986944.270325,6456363698.756409,-145302000,62.38922697300705,21,可选消费,消费弹性,美股,USD,12.229765699927707,25.290902292602226
XLY,2023-07,2023-07-03,2023-07-31,85.75499725341797,88.9000015258789,84.18499755859375,86.87000274658203,84.5849838256836,201677000,17372773587.48474,7865933695.150757,-55079400,64.7283831323492,20,可选消费,消费弹性,美股,USD,2.314353686495707,-0.7269340096692778
XLY,2023-08,2023-08-01,2023-08-31,86.43499755859375,87.30999755859375,80.46499633789062,85.3550033569336,83.10983276367188,183260800,15399457027.996826,2440235708.0474854,-26740600,54.94728352624996,23,可选消费,消费弹性,美股,USD,-1.7439869292305787,-11.358673095869287
XLY,2023-09,2023-09-01,2023-09-29,85.83999633789062,87.61499786376953,78.37000274658203,80.48999786376953,78.51219940185547,205765000,17125181174.490356,-3049559460.7421875,-64453800,27.987592776173003,20,可选消费,消费弹性,美股,USD,-5.531996887648749,11.206396065498247
XLY,2023-10,2023-10-02,2023-10-31,80.01000213623047,82.04000091552734,73.91500091552734,76.05000305175781,74.1812973022461,288684000,22579815976.99585,3661261712.625122,-19917400,40.34060238871391,22,可选消费,消费弹性,美股,USD,-5.51621548320429,31.85154508397674
XLY,2023-11,2023-11-01,2023-11-30,76.49500274658203,85.80000305175781,75.8949966430664,84.38999938964844,82.31636810302734,233691400,19111937319.448853,9131444273.260498,92963600,73.59973219322482,21,可选消费,消费弹性,美股,USD,10.966471464681348,-15.358312313439782
XLY,2023-12,2023-12-01,2023-12-29,84.02999877929688,91.09500122070312,83.86499786376953,89.40499877929688,87.36412048339844,199476600,17533543884.2453,8831398943.382263,193441400,76.02830755422437,20,可选消费,消费弹性,美股,USD,6.132136896580898,-8.258678378969641
XLY,2024-01,2024-01-02,2024-01-31,89.125,89.16500091552734,84.86000061035156,85.45999908447266,83.50920104980469,203975600,17718831279.46167,-6945073911.901855,113304200,41.29469026309529,21,可选消费,消费弹性,美股,USD,-4.412474379944442,1.0567595258529572
XLY,2024-02,2024-02-01,2024-02-29,85.86000061035156,92.41999816894531,85.55999755859375,92.20500183105469,90.1002197265625,197731000,17653102942.140198,7176588359.953308,192970800,74.4286558863674,20,可选消费,消费弹性,美股,USD,7.892565841729149,-0.37095187760864956
XLY,2024-03,2024-03-01,2024-03-28,92.125,92.6449966430664,88.78500366210938,91.94499969482422,90.04187774658203,166752000,15123762899.327087,-2597654036.8118286,163551200,60.99501748172312,20,可选消费,消费弹性,美股,USD,-0.06475231709481832,-14.328019561791905
XLY,2024-04,2024-04-01,2024-04-30,92.04499816894531,92.1449966430664,84.44999694824219,87.80999755859375,85.9924545288086,219032800,19300833226.13678,-1759991603.0899048,142517600,36.991071331477535,22,可选消费,消费弹性,美股,USD,-4.49726651544331,27.619252924122108
XLY,2024-05,2024-05-01,2024-05-31,87.8550033569336,89.99500274658203,86.6050033569336,87.98500061035156,86.1638412475586,142358000,12598792873.74115,-478014942.97943115,136547600,48.57733953867898,22,可选消费,消费弹性,美股,USD,0.19930436884154634,-34.724098560262505
XLY,2024-06,2024-06-03,2024-06-28,88.04499816894531,92.3550033569336,87.125,91.19999694824219,89.5044174194336,108030200,9716364606.802368,1407920307.2814941,151901400,63.6809399903036,19,可选消费,消费弹性,美股,USD,3.877004696525943,-22.878606671488665
XLY,2024-07,2024-07-01,2024-07-31,91.55500030517578,97.3949966430664,90.0199966430664,93.74500274658203,92.00211334228516,119265200,11168708231.607056,791984950.0732422,159832600,53.125166388265534,22,可选消费,消费弹性,美股,USD,2.7905839676570565,14.947397340234737
XLY,2024-08,2024-08-01,2024-08-30,93.78500366210938,94.06500244140625,83.23999786376953,93.55999755859375,91.82054138183594,140572200,12578485935.63385,-1117294216.1117554,146131600,73.81549348562676,22,可选消费,消费弹性,美股,USD,-0.19735629308176295,12.62256721898396
XLY,2024-09,2024-09-03,2024-09-30,93.29000091552734,100.94999694824219,91.16000366210938,100.18499755859375,98.52523040771484,117208400,11216080878.320312,3431072058.5388184,181706400,75.59984757905971,20,可选消费,消费弹性,美股,USD,7.3019489157632345,-10.831232505129673
XLY,2024-10,2024-10-01,2024-10-31,100.125,101.54000091552734,96.51499938964844,98.44499969482422,96.8140869140625,119338200,11822043213.77716,-1187494020.1553345,169285000,67.51984223962522,23,可选消费,消费弹性,美股,USD,-1.7367566526577338,5.402620951388815
XLY,2024-11,2024-11-01,2024-11-29,100.25499725341797,111.17500305175781,99.45500183105469,111.1500015258789,109.30859375,121706600,13014524822.439575,4991808537.8479,215876400,49.1415347270203,20,可选消费,消费弹性,美股,USD,12.905670274025628,10.086933257634524
XLY,2024-12,2024-12-02,2024-12-31,111.93499755859375,120.13999938964844,111.43000030517578,112.17500305175781,110.52567291259766,147175600,16962163529.107666,1656732914.7277832,229216400,29.192236842389775,21,可选消费,消费弹性,美股,USD,1.1134341050816676,30.332561200095398
XLY,2025-01,2025-01-02,2025-01-31,112.22000122070312,117.92500305175781,109.1500015258789,116.08499908447266,114.37820434570312,115018800,13054480028.468323,1031891669.1726685,237582000,72.3475754211014,20,可选消费,消费弹性,美股,USD,3.485643951837325,-23.037647844472332
XLY,2025-02,2025-02-03,2025-02-28,113.56999969482422,116.01499938964844,105.83000183105469,107.9800033569336,106.39236450195312,118184800,13172901863.015747,-6373069534.127808,179752000,26.497074989155678,19,可选消费,消费弹性,美股,USD,-6.981959447110353,0.9071355909172851
XLY,2025-03,2025-03-03,2025-03-31,108.61000061035156,109.18499755859375,95.84500122070312,98.7300033569336,97.54612731933594,199669800,20066959704.91638,-3266787878.9855957,147278600,53.66880215438164,21,可选消费,消费弹性,美股,USD,-8.31472937369936,52.3351491842234
XLY,2025-04,2025-04-01,2025-04-30,98.6050033569336,102.24500274658203,86.55000305175781,98.62999725341797,97.44731903076172,258177000,24301346559.09729,-2363880370.7214355,114929200,57.61624474647147,21,可选消费,消费弹性,美股,USD,-0.10129391221319617,21.101287471781237
XLY,2025-05,2025-05-01,2025-05-30,99.125,109.08999633789062,98.33999633789062,106.9000015258789,105.61815643310547,158262000,16674918697.079468,2381054050.744629,138268800,42.056135383811394,21,可选消费,消费弹性,美股,USD,8.384876550338372,-31.38273775682131
XLY,2025-06,2025-06-02,2025-06-30,106.59500122070312,109.5,103.8550033569336,108.66500091552734,107.59026336669922,172359400,18411963854.917908,4148019434.831238,176526600,50.556796508041735,20,可选消费,消费弹性,美股,USD,1.867204465780281,10.417113206930818
XLY,2025-07,2025-07-01,2025-07-31,107.62000274658203,113.66999816894531,107.36000061035156,110.71499633789062,109.61998748779297,226987800,25187924845.98694,7317507836.239624,242104400,51.124052872178915,22,可选消费,消费弹性,美股,USD,1.8865314179739912,36.801945976334
XLY,2025-08,2025-08-01,2025-08-29,108.26499938964844,117.26499938964844,107.375,115.87000274658203,114.72400665283203,243805000,27647262332.374573,1806893400.8773804,257388600,70.54518595770924,21,可选消费,消费弹性,美股,USD,4.656102670699025,9.763954360771688
XLY,2025-09,2025-09-02,2025-09-30,114.40499877929688,121.69999694824219,114.15499877929688,119.81999969482422,118.84417724609375,296671600,35182426755.96161,155329214.47906494,257921000,55.65567545980089,21,可选消费,消费弹性,美股,USD,3.5913761325733873,27.254649422425658
XLY,2025-10,2025-10-01,2025-10-31,119.61499786376953,121.45500183105469,114.33999633789062,119.96499633789062,118.98799133300781,258441000,30563832751.08185,1224204576.5640259,267020000,59.68154472915521,23,可选消费,消费弹性,美股,USD,0.1210106294196267,-13.127559497006969
XLY,2025-11,2025-11-03,2025-11-28,121.20500183105469,121.49500274658203,110.46499633789062,118.2300033569336,117.26713562011719,262110000,30312688428.878784,-731366873.8830566,258132400,38.01988051960735,19,可选消费,消费弹性,美股,USD,-1.4462431827044764,-0.8217042811627606
XLY,2025-12,2025-12-01,2025-12-31,117.66000366210938,123.62999725341797,117.33000183105469,119.41000366210938,118.67224884033203,178637600,21514556579.26941,1382981508.0429077,269069400,43.805331167382754,22,可选消费,消费弹性,美股,USD,1.1982156917063724,-29.024584441766066
XLY,2026-01,2026-01-02,2026-01-30,120.08000183105469,125.01000213623047,117.70999908447266,121.16999816894531,120.4213638305664,208130000,25330198247.058105,690815375.8300781,273679000,34.04121309766499,20,可选消费,消费弹性,美股,USD,1.473903972771029,17.735162952255767
XLY,2026-02,2026-02-02,2026-02-27,120.73999786376953,122.76000213623047,113.86000061035156,116.86000061035156,116.13799285888672,226824600,26663787987.53586,-3895137373.020172,240214400,42.86375432248275,19,可选消费,消费弹性,美股,USD,-3.556985932916701,5.264821567800548
XLY,2026-03,2026-03-02,2026-03-31,114.02999877929688,117.08000183105469,105.19000244140625,108.9800033569336,108.52425384521484,277709900,31085563827.08435,-8002605072.984314,167323900,38.27667143318336,22,可选消费,消费弹性,美股,USD,-6.5557694138238976,16.583449589441223
XLY,2026-04,2026-04-01,2026-04-30,109.69000244140625,121.8499984741211,106.44999694824219,118.3499984741211,117.85505676269531,167513200,19227878111.2648,2701663551.993561,191628300,52.94975736488808,21,可选消费,消费弹性,美股,USD,8.597896402760563,-38.14531330935081
XLY,2026-05,2026-05-01,2026-05-29,118.61000061035156,122.19000244140625,114.19999694824219,120.87000274658203,120.36453247070312,163985900,19479280103.027344,4089394439.2074585,224752600,55.89123175744818,20,可选消费,消费弹性,美股,USD,2.1292898047308384,1.3074869224142693
XLY,2026-06,2026-06-01,2026-06-30,119.69000244140625,119.83000183105469,113.12999725341797,117.27999877929688,117.02226257324219,163691300,18996653337.010956,587371806.7405701,229341300,58.332475618965745,21,可选消费,消费弹性,美股,USD,-2.776789664575363,-2.4776416965295422
XLY,2026-07,2026-07-01,2026-07-31,117.77999877929688,119.20999908447266,108.29000091552734,116.08999633789062,115.83487701416016,190689300,21902625574.365234,576662439.4470215,233749400,56.007204243124264,22,可选消费,消费弹性,美股,USD,-1.0146663831071212,15.297285189137
XLY,2026-08,2026-08-03,2026-08-31,117.63999938964844,120.44000244140625,115.80999755859375,116.58999633789062,116.33377838134766,115822000,13657811815.148163,433361729.8576355,236955000,44.728731557472194,21,可选消费,消费弹性,美股,USD,0.4307004764432909,-37.64303841666716
XLY,2026-09,2026-09-01,2026-09-30,115.41999816894531,117.06999969482422,108.61000061035156,108.83999633789062,108.83999633789062,134013900,14984350827.767181,-4794327225.804901,193711300,30.535583201234374,21,可选消费,消费弹性,美股,USD,-6.441621812447329,9.712676017015598
XLY,2026-10,2026-10-01,2026-10-02,109.20999908447266,110.63500213623047,107.98999786376953,109.80000305175781,109.80000305175781,12222975,1334407575.7152557,-352713198.4302521,190429075,29.671451448679477,2,可选消费,消费弹性,美股,USD,0.8820348641751741,-91.09465874729459
